customer_id,age,annual_income,region,preferred_channel,days_since_last_purchase,purchase_frequency,avg_order_value,total_orders,return_rate,loyalty_years,spending_score,email_open_rate,support_tickets,promo_usage_rate,cluster,segment_name
CUST_00001,56.0,40410.14373288096,East,online,162.1232674823863,8.0,248.5358978520393,26.0,0.1437367119957028,2.274237280290272,82.0,0.2100983919965316,1.0,0.2835610094345054,0,Budget Shoppers
CUST_00002,69.0,65734.05509416955,Central,mobile,47.73630726163567,7.0,26.022028021034416,35.0,0.0076486206009857,2.959128623069065,45.0,0.2114597656785688,3.0,0.428064002534532,0,Budget Shoppers
CUST_00003,46.0,78917.51860739526,Central,store,47.091957046314704,9.0,41.71839265241868,38.0,0.0998057704022355,4.633947038651607,99.0,0.5170326020826219,1.0,0.3398712701446919,0,Budget Shoppers
CUST_00004,32.0,12000.0,South,online,9.95792995658581,9.0,58.3445769458508,32.0,0.0860564136566634,5.74507902539303,53.0,0.4984095161181211,0.0,0.6047869472509663,0,Budget Shoppers
CUST_00005,60.0,444985.364837092,North,online,62.754930881459686,7.0,276.3427703483948,35.0,0.0998969823216603,3.002082780789451,36.0,0.3034531236130354,0.0,0.3753618353597453,0,Budget Shoppers
CUST_00006,25.0,56486.60137843268,West,online,18.17779355926445,10.0,311.14230296225645,27.0,0.1214435657532067,5.493144815253108,51.0,0.2670448273778305,1.0,0.2814844607975691,0,Budget Shoppers
CUST_00007,,48934.40597495663,North,online,114.45031029020817,8.0,140.69666364785127,32.0,0.1440226889819089,2.212577869069159,18.0,0.1041004604868823,0.0,0.4229931875750083,0,Budget Shoppers
CUST_00008,56.0,64637.2929688129,South,online,2.9727127441905274,10.0,75.247133664705,27.0,0.0735439644607511,3.2274152072176547,12.0,0.3515296466684063,3.0,0.4172691241293688,0,Budget Shoppers
CUST_00009,36.0,72465.43136490925,South,mobile,20.03463117659548,6.0,94.37148214748508,36.0,0.1492895756609722,3.128914636683729,57.0,0.2563590234658937,1.0,0.3077287435964234,0,Budget Shoppers
CUST_00010,40.0,61125.12077514141,North,online,28.40500316832292,14.0,112.89944088996516,27.0,0.0294312284788139,8.725429677807762,46.0,0.404231977304302,1.0,0.3542951964355164,0,Budget Shoppers
CUST_00011,28.0,49775.79733091249,West,mobile,18.180975428778076,9.0,400.2588201613246,20.0,0.3224450208092461,5.501942614350623,89.0,0.3664935189641312,0.0,0.4844020956062753,-1,Noise / Outliers
CUST_00012,28.0,71917.66859525393,North,mobile,8.275951423135432,10.0,452.2929093325246,30.0,0.0374757337431704,7.382603141647387,100.0,0.4578782057920848,1.0,0.5120583280460672,0,Budget Shoppers
CUST_00013,41.0,59079.17500403585,Central,online,31.461983379744566,4.0,244.3344446620564,30.0,0.0163013338333358,8.031677952097715,41.0,0.3359646681941499,4.0,0.1617569330933185,0,Budget Shoppers
CUST_00014,70.0,52924.59090969948,East,mobile,49.35877431776144,8.0,113.93435089997656,29.0,0.1155717763499619,0.8221696885112184,20.0,0.4012239910867736,0.0,0.4819888943425326,0,Budget Shoppers
CUST_00015,53.0,233038.82818035025,Central,online,36.23140268071847,10.0,772.9817213227327,34.0,0.1398681826587591,9.53806182543464,75.0,0.052969703019468,0.0,0.4939461891396399,0,Budget Shoppers
CUST_00016,57.0,23621.59472414628,East,store,9.350573592051832,11.0,34.02468659073429,23.0,0.1711488559601273,3.407663920832823,20.0,0.2738184156134719,4.0,0.4037880320777057,0,Budget Shoppers
CUST_00017,41.0,28712.944560290453,South,online,46.03572656589229,9.0,99.39128741318648,37.0,0.0346738638339158,6.117030084033226,97.0,0.0932789894075079,0.0,0.2418321768852614,0,Budget Shoppers
CUST_00018,20.0,64123.239346844726,West,mobile,10.39225954853597,6.0,55.1308813780275,24.0,0.2349630688920628,4.060643286079699,10.0,0.2127242779094778,1.0,0.1888110569826172,0,Budget Shoppers
CUST_00019,39.0,56260.26755266026,North,store,6.741602389492248,9.0,9.81839671386119,28.0,0.2483444442936336,9.283062945404769,62.0,0.2533536139431068,1.0,0.2627049123656396,0,Budget Shoppers
CUST_00020,70.0,25433.749839435808,West,online,41.06690682948146,11.0,84.06904714754084,31.0,0.1896703182827938,2.739076599794873,64.0,0.3671406446756463,5.0,0.2736509050723228,0,Budget Shoppers
CUST_00021,19.0,72210.19216746384,North,online,64.75543447405335,6.0,110.04490558529425,20.0,0.0210983076757985,11.565181815076606,89.0,0.3020733319586018,0.0,0.5906810809254799,0,Budget Shoppers
CUST_00022,41.0,88234.8092899401,Central,mobile,22.991196711857885,11.0,122.8482323187929,28.0,0.2016763960584746,4.801475349556451,74.0,0.1320177580327615,1.0,0.0390907209949056,0,Budget Shoppers
CUST_00023,61.0,44833.140432240616,Central,online,26.5295883820144,6.0,9.968409368690562,24.0,0.1613048584616523,8.5396167427525,24.0,0.3478404581016106,2.0,0.1598795577569003,0,Budget Shoppers
CUST_00024,47.0,19698.399137895773,North,store,12.621271881271865,10.0,85.79032091203085,24.0,0.1371795373885974,7.697373222315834,41.0,0.1206036826409115,0.0,0.0123150764559749,0,Budget Shoppers
CUST_00025,55.0,42399.21953215792,West,store,23.885425547014503,5.0,138.69191604373611,27.0,0.2390667177531714,8.91104506094684,33.0,0.1636086762830344,1.0,0.2526018903242158,0,Budget Shoppers
CUST_00026,19.0,76798.13378948327,North,online,4.954039193960872,6.0,421.9589137481069,39.0,0.3207509364962829,6.612832231853695,34.0,0.1206563463551809,1.0,0.2474821461042866,-1,Noise / Outliers
CUST_00027,38.0,70067.65688776503,South,online,109.19048830927012,6.0,8.0,22.0,0.1962920010001462,4.605538201053401,59.0,0.2423155223630417,0.0,0.2231577702757828,0,Budget Shoppers
CUST_00028,50.0,37706.48090774746,Central,online,56.39349829969056,10.0,146.62484768796244,29.0,0.1050027275754181,2.1551200777346566,79.0,0.3404110109405768,1.0,0.3121028721593541,0,Budget Shoppers
CUST_00029,29.0,91465.78703082431,South,online,38.58887099394732,8.0,8.367463889744247,37.0,0.2221682330196605,6.233312512068816,88.0,0.1291171404870722,1.0,0.085026730906821,0,Budget Shoppers
CUST_00030,39.0,87662.16145038078,Central,mobile,27.041391802551917,6.0,22.487079308496703,28.0,0.3673154671957694,0.7302867134298721,79.0,0.1127890617536469,0.0,0.1584090548938755,0,Budget Shoppers
CUST_00031,61.0,,Central,mobile,54.98607397544696,13.0,24.741996438907226,36.0,0.0856609310782517,0.7058931727340796,10.0,0.3009519054116892,0.0,0.112547163631726,0,Budget Shoppers
CUST_00032,42.0,41647.61993477073,East,online,23.895068803238917,4.0,51.84348665847927,35.0,0.3692319390429642,7.360702719843863,5.0,0.2130302767468658,1.0,0.1058763427008483,0,Budget Shoppers
CUST_00033,66.0,44957.78537765124,South,online,12.482318469895384,12.0,231.3515836195315,34.0,0.2292045845236151,5.765873301130256,86.0,0.3342806012958562,0.0,0.5885093446374916,0,Budget Shoppers
CUST_00034,,46838.67894145199,South,online,6.117965156554821,7.0,252.14682245200103,28.0,0.0883113642147891,6.0732577712965,37.0,0.2840362616724031,1.0,0.4292701107061308,0,Budget Shoppers
CUST_00035,59.0,78911.83617442576,East,online,36.503162196314,9.0,61.09047001815596,19.0,0.1310101719396121,3.824327296823805,31.0,0.112154515688437,1.0,0.0524849852386494,0,Budget Shoppers
CUST_00036,45.0,67357.23933048507,West,store,92.78814514969773,8.0,73.37293549441219,30.0,0.4480960361637884,9.486788855526507,23.0,,1.0,0.0186747221133639,0,Budget Shoppers
CUST_00037,33.0,77295.73292571293,South,online,5.837479851359376,13.0,31.80603496147225,25.0,0.1648154097095515,2.414218747062671,11.0,0.1650780223458731,2.0,0.2861838004366172,0,Budget Shoppers
CUST_00038,32.0,72818.43315010739,North,store,6.946553079392423,13.0,73.65004807477713,34.0,0.2219272212414068,7.033551909656598,74.0,0.2120256222444785,3.0,0.5370977355418124,0,Budget Shoppers
CUST_00039,64.0,95719.5955002621,East,mobile,19.89628861029118,9.0,41.77618653387063,23.0,0.2333039910299485,10.3257373061512,99.0,0.2526114357781363,2.0,0.2069318237240889,0,Budget Shoppers
CUST_00040,68.0,34693.51803619891,South,mobile,57.55902994270102,11.0,24.98985509471029,23.0,0.0897691539548789,10.008854198600517,22.0,0.4119893184717078,3.0,0.5633688848991953,0,Budget Shoppers
CUST_00041,61.0,66367.88766844616,West,online,12.181070945020068,9.0,22.429071784310512,34.0,0.2292988786276769,0.3435361030777901,86.0,0.1570789511056844,0.0,0.5910034291738703,0,Budget Shoppers
CUST_00042,72.0,12000.0,South,mobile,10.251953691963982,11.0,194.28958242830305,27.0,0.0389247267211713,3.3478341757077748,37.0,0.341100240815581,0.0,0.0913232821038133,0,Budget Shoppers
CUST_00043,69.0,29026.97736986912,Central,mobile,33.8623363231705,9.0,16.168017757579538,33.0,0.0133091744556236,8.57679750024458,27.0,0.4227672328447309,1.0,0.0748765562266992,0,Budget Shoppers
CUST_00044,74.0,56353.22550943337,North,mobile,26.84643008995762,7.0,124.43632503444908,22.0,0.1747366089309151,8.888938796031008,1.0,0.3864135368671847,1.0,0.1789868942275132,0,Budget Shoppers
CUST_00045,20.0,67200.54548059979,East,online,2.173845151171612,14.0,23.82905872307179,26.0,0.1095870862254499,5.792943157200588,63.0,0.607343925330976,1.0,0.115100257618308,0,Budget Shoppers
CUST_00046,54.0,55760.05367534947,Central,online,2.975086182813764,12.0,236.4918652994835,25.0,0.042517162990078,2.429737060375709,5.0,0.379632441638352,3.0,0.4622206562424581,0,Budget Shoppers
CUST_00047,68.0,45521.76678612108,West,mobile,36.0519549923566,12.0,41.71034604532635,28.0,0.037249832652266,3.3480054969069686,11.0,0.1695271836009172,1.0,0.1536350954366965,0,Budget Shoppers
CUST_00048,24.0,49432.80669515317,Central,online,21.90018548274544,13.0,8.0,34.0,0.0446546177984591,9.611488676321091,97.0,0.3335591871848189,0.0,0.156030074096966,0,Budget Shoppers
CUST_00049,38.0,88127.7014813303,Central,online,123.88856414187153,4.0,78.20975527813121,23.0,0.1557793677263878,2.3059230261988914,80.0,0.1296372161043862,3.0,0.4774492565741866,0,Budget Shoppers
CUST_00050,26.0,49551.29208663691,West,store,39.719940422314274,11.0,1105.37185945502,25.0,0.041716652977368,11.307757158145444,40.0,0.2427771144127693,3.0,0.0783170889165364,0,Budget Shoppers
CUST_00051,56.0,96483.3156849576,Central,online,1.0,8.0,218.05941277665428,24.0,0.2174729000915353,6.010421532401525,94.0,0.2066814541407947,1.0,0.5548705200202029,-1,Noise / Outliers
CUST_00052,35.0,75468.37561790494,East,online,22.95606533701453,11.0,109.79549158394552,29.0,0.1521327756672797,3.401045050782431,28.0,0.2660519119038812,0.0,0.6370110357406599,0,Budget Shoppers
CUST_00053,21.0,68065.82161526107,South,online,18.732006158665683,10.0,27.303697480744056,35.0,0.2272449833518702,4.675376763424056,29.0,0.3020063188061512,1.0,0.1753805216102699,0,Budget Shoppers
CUST_00054,42.0,31740.867972938097,Central,mobile,3.949691336221557,7.0,,24.0,0.0999314308483712,3.0781507351666413,16.0,,2.0,0.3666019567063894,0,Budget Shoppers
CUST_00055,31.0,78575.2395507918,East,online,89.83329935532606,8.0,237.0632059863886,35.0,0.1476871364102579,4.612019419989313,1.0,0.292159174799774,1.0,0.0906043010755513,0,Budget Shoppers
CUST_00056,67.0,47137.04728953302,South,mobile,57.21847831371169,5.0,201.47267306068088,19.0,0.1382174972107483,1.5695551886784442,63.0,0.3719557231154101,1.0,0.1588092156575976,0,Budget Shoppers
CUST_00057,26.0,31722.325323874604,South,online,9.151671890737571,7.0,80.63214550810189,28.0,0.0796179761554023,9.877942416290434,72.0,0.4875574289735329,1.0,0.3899132994252647,0,Budget Shoppers
CUST_00058,43.0,69282.5594877463,Central,online,10.349093394965148,13.0,71.13088169093186,31.0,0.2412076631977671,11.563879084397447,4.0,0.4451036939138773,1.0,0.1516157153963715,0,Budget Shoppers
CUST_00059,70.0,27465.186667536127,East,mobile,1.1389644701006425,9.0,179.52994285857892,24.0,0.0787673632045742,7.909675702467735,51.0,0.0602792525260479,3.0,0.4885492014105132,0,Budget Shoppers
CUST_00060,19.0,41230.68783314919,Central,online,12.319879243828346,12.0,99.83374316554196,31.0,0.1099487263382843,9.702970680273465,100.0,0.3217003318256808,2.0,0.3389196323178811,0,Budget Shoppers
CUST_00061,37.0,57777.44994768395,West,store,30.74982229908639,10.0,67.31382210649855,31.0,0.1078906568679521,2.736952806457869,61.0,0.4967084407909496,0.0,0.1432139742802797,0,Budget Shoppers
CUST_00062,45.0,106805.271330524,South,online,19.116382306181155,9.0,37.6972938579653,30.0,0.2371236160654633,0.7530459305916617,82.0,0.3988473475835827,0.0,0.3454955791331813,0,Budget Shoppers
CUST_00063,64.0,42887.85337256528,Central,online,121.8715043860215,9.0,16.997590548012703,31.0,0.2178127180176019,7.525345645577467,83.0,0.1834097344761673,0.0,0.2708165320688688,0,Budget Shoppers
CUST_00064,24.0,47919.23657538735,South,online,2.019991452864772,9.0,117.43659139776685,29.0,0.1569386536034641,9.81094755757871,100.0,0.3734542673441517,0.0,0.4823406307675034,0,Budget Shoppers
CUST_00065,61.0,74111.5911972762,East,online,31.32823433768907,6.0,227.3674979108718,23.0,0.0981233448027384,10.012113639860749,73.0,0.2506540776914358,1.0,0.6312964318668252,0,Budget Shoppers
CUST_00066,25.0,30757.494855726985,North,store,68.3938415195756,11.0,178.2484843847045,33.0,0.2029908908976142,6.39316193444186,26.0,0.1550540070544368,2.0,0.0697408411370328,0,Budget Shoppers
CUST_00067,64.0,67741.74038246014,Central,store,22.937331025053982,13.0,154.9308367928857,24.0,0.0434369056461036,7.465208655236902,2.0,0.4628582597644675,4.0,0.4054924934826596,0,Budget Shoppers
CUST_00068,52.0,84530.38976756494,Central,online,1.0,13.0,343.58929787858034,21.0,0.287827590973134,4.419017917190454,67.0,0.2320693659988645,1.0,0.0892309749624489,-1,Noise / Outliers
CUST_00069,31.0,51243.91253635577,South,mobile,9.734544414072372,12.0,65.22468775736004,25.0,0.0621786266674734,9.968027507975023,92.0,0.2578918223050465,1.0,0.2757480224626873,0,Budget Shoppers
CUST_00070,34.0,80575.39419073105,East,mobile,13.692717827341411,5.0,19.18705428732909,28.0,0.1455241923741752,8.371267041490592,45.0,0.4773597826852319,0.0,0.2363306599747872,0,Budget Shoppers
CUST_00071,53.0,64411.89831065974,West,online,118.34314949428516,6.0,13.97870946027174,26.0,0.184034934103849,2.2304528944706323,60.0,0.3125249003011737,0.0,0.2796667788264935,0,Budget Shoppers
CUST_00072,67.0,41924.99679631683,East,online,84.97459021952733,11.0,403.17695393178,27.0,0.1055557684662159,3.353261100332569,20.0,0.1515484144894157,1.0,0.1598223742478055,-1,Noise / Outliers
CUST_00073,57.0,53648.29691027686,Central,store,104.27474696687536,4.0,115.57975028693248,27.0,0.2420708270901531,1.8222730924268875,19.0,0.1268317504524282,3.0,0.271122384702174,-1,Noise / Outliers
CUST_00074,21.0,49645.33852043467,West,store,61.15594687216377,7.0,216.43893727064625,27.0,0.1276805890711381,6.068686334687893,83.0,0.3189434302433841,2.0,0.4123717047387666,0,Budget Shoppers
CUST_00075,19.0,,East,store,15.16623885501198,6.0,99.6999362117199,25.0,0.1355335127435389,2.426864532235268,37.0,0.3739248750927739,3.0,0.4662488271881598,0,Budget Shoppers
CUST_00076,23.0,61359.79378283623,North,mobile,82.71013455487957,8.0,66.08152560226108,29.0,0.0289251901667435,1.905216304301664,15.0,0.3290761308473063,5.0,0.3925568655743242,0,Budget Shoppers
CUST_00077,71.0,70940.39856938085,South,mobile,140.00027675378817,7.0,29.052487323162936,25.0,0.0460309886219177,1.9252024717064928,70.0,0.0922475399017552,2.0,0.0208320149464302,0,Budget Shoppers
CUST_00078,59.0,69190.70149091698,East,online,15.081242165619091,6.0,252.301625741602,19.0,0.1320963621814541,3.190458019996898,65.0,0.395418638527259,1.0,0.584027431270615,0,Budget Shoppers
CUST_00079,21.0,12000.0,East,online,10.564983818982158,13.0,8.530863600650045,27.0,0.1173065872741904,9.708350850120794,13.0,0.1911598090156346,1.0,0.275256155128708,0,Budget Shoppers
CUST_00080,71.0,55859.21984701541,North,online,27.70874352485342,7.0,299.6391494954171,26.0,0.0588152923077767,11.259495542075776,56.0,0.4807141322231017,2.0,0.359005279973829,0,Budget Shoppers
CUST_00081,46.0,24792.71790505122,Central,mobile,7.252398500440609,9.0,29.825801007501724,26.0,0.1157092908284265,11.950303914530402,57.0,0.3712020650559713,2.0,0.12581076300769,0,Budget Shoppers
CUST_00082,35.0,51934.00044571883,South,mobile,1.1608889788973502,6.0,8.0,39.0,0.1589592856787777,0.4833722717523927,3.0,0.633943418034476,1.0,0.0680899251825039,0,Budget Shoppers
CUST_00083,43.0,55276.62906815976,East,store,102.04773770856993,10.0,14.261005945470457,37.0,0.1048216823222681,6.826876520583024,45.0,0.1729688308467444,1.0,0.1733402696654943,0,Budget Shoppers
CUST_00084,61.0,79475.2638778636,West,store,91.00669713982025,10.0,,26.0,0.1530057764846688,3.1973285048644304,72.0,0.4925849472353979,1.0,0.0900653837401035,0,Budget Shoppers
CUST_00085,51.0,57337.45972379781,East,store,6.213120835024212,13.0,9.953433228544604,34.0,0.1995371122674746,11.86690585568403,87.0,0.2728491990111384,2.0,0.3525515708834947,0,Budget Shoppers
CUST_00086,27.0,63702.79640355172,South,store,18.33334888882961,10.0,57.05414448161911,32.0,0.1183762735041935,11.81194162872065,28.0,0.5387830570008577,1.0,0.1760863456932507,0,Budget Shoppers
CUST_00087,53.0,75447.24037446344,East,online,62.23250105041366,9.0,37.45355331056979,23.0,0.1677103127508343,11.20927827212354,33.0,0.4020475396875409,2.0,0.1750587756310903,0,Budget Shoppers
CUST_00088,31.0,85010.5497160246,North,mobile,37.86146185778312,15.0,8.0,32.0,0.1701302573280726,0.1706896041689085,98.0,0.3490392120495408,0.0,0.1085895050131281,0,Budget Shoppers
CUST_00089,48.0,55293.69368614797,East,mobile,17.576148033673924,7.0,98.5592959676277,32.0,0.0613894785834178,1.8542564876621064,98.0,0.4810462515392384,4.0,0.3428525771045992,0,Budget Shoppers
CUST_00090,65.0,60071.94771696899,East,online,47.71361054008941,20.0,831.5680125929445,33.0,0.114486313284577,6.629406893197121,25.0,0.2079857479718442,3.0,0.0409023863179032,-1,Noise / Outliers
CUST_00091,32.0,58220.51264932958,West,store,79.57202667162827,10.0,249.2585651910618,28.0,0.1109052136647776,2.2474599372542827,62.0,0.0413332354232886,1.0,0.2823176096144627,0,Budget Shoppers
CUST_00092,25.0,46062.82278251632,North,store,91.20412278938842,10.0,,27.0,0.019765626565746,10.258220900550384,65.0,0.178098354414863,1.0,0.4366450570744515,0,Budget Shoppers
CUST_00093,31.0,41079.46508426743,North,online,16.666371944234125,5.0,280.3960924051644,28.0,0.2504085207607942,8.396851404210548,71.0,0.3775240200638763,1.0,0.2757727519991997,0,Budget Shoppers
CUST_00094,40.0,12000.0,East,online,6.672007388628165,8.0,78.14341648892697,26.0,0.1931536219349087,2.208992709647969,38.0,0.3690665450471685,3.0,0.3696457122639661,0,Budget Shoppers
CUST_00095,74.0,34313.45944046475,West,mobile,85.39988341067775,15.0,41.49255393554071,28.0,0.0869763590863221,9.820935863418985,28.0,,5.0,0.0228899648774236,0,Budget Shoppers
CUST_00096,57.0,18870.121669384323,East,mobile,3.399298422701148,13.0,132.92516323227613,30.0,0.0535421427507437,5.979285945353458,81.0,0.2971694627553741,2.0,0.4565671651595194,0,Budget Shoppers
CUST_00097,38.0,85614.36665797155,East,store,44.76548643568356,11.0,31.750276631381475,33.0,0.0346784514613839,8.516540540136171,30.0,0.2690361455122159,0.0,0.1771117323107562,0,Budget Shoppers
CUST_00098,33.0,62145.15218254343,South,online,5.299046553251876,7.0,275.2575749168668,27.0,0.0526283087588247,1.6779445291572932,1.0,0.1629323745014037,1.0,0.4856374858869542,0,Budget Shoppers
CUST_00099,62.0,55229.342595169655,South,online,17.26520846272681,7.0,,21.0,0.0548640646639983,6.214231880585664,92.0,0.3914748186729114,3.0,0.3382123054133068,0,Budget Shoppers
CUST_00100,35.0,42215.3259062162,West,online,18.55955791438929,8.0,19.007018760896727,35.0,0.0378429088381644,9.316056690080202,100.0,0.0930809640343812,1.0,0.1978820215556039,0,Budget Shoppers
CUST_00101,64.0,58655.143791161725,Central,online,6.050653238658846,7.0,109.91242819066818,28.0,0.106951208378064,4.147047006798057,18.0,0.4664201150965515,0.0,0.31562238247699,0,Budget Shoppers
CUST_00102,70.0,39344.44269158265,South,online,89.59374099202077,8.0,92.83396253651114,28.0,0.1221583323614062,2.241882640003276,2.0,0.1596480304523123,0.0,0.5810094482595298,0,Budget Shoppers
CUST_00103,,61828.40824565328,Central,store,1.0,5.0,82.89168355245151,29.0,0.058691396313559,7.673615839852128,97.0,0.3124309636253423,5.0,0.3798169672503845,0,Budget Shoppers
CUST_00104,43.0,63406.147624269775,North,online,78.48790663039132,12.0,59.03200705106108,29.0,0.2376268811881502,7.7288495048159795,71.0,0.1118135140363654,2.0,0.570515613684376,0,Budget Shoppers
CUST_00105,42.0,39049.55854815163,South,online,75.3443186965131,5.0,83.56983299115025,32.0,0.1848944166164903,2.452171359070427,59.0,0.2153065076520865,1.0,0.2560357075648318,0,Budget Shoppers
CUST_00106,62.0,38629.83677390707,South,online,13.342252180535109,18.0,114.6492157005084,23.0,0.1017245563803645,0.8322005236470993,50.0,0.4301198792203755,2.0,0.4031500476327865,0,Budget Shoppers
CUST_00107,58.0,79168.38580109258,West,online,42.642483006331126,8.0,171.94335177787465,33.0,0.1146795619568418,1.9974138467397653,18.0,,1.0,0.3950527810186365,0,Budget Shoppers
CUST_00108,46.0,56837.08100559139,Central,store,10.200201143803934,14.0,324.9375841697089,25.0,0.206450232981413,3.306327550633078,7.0,0.1517810442349325,4.0,0.1805802434184436,0,Budget Shoppers
CUST_00109,32.0,40817.550556172406,South,mobile,49.77067238173269,12.0,8.0,26.0,0.3333902448716107,0.4353374400682743,61.0,0.4078565471772036,1.0,0.4125055786636876,0,Budget Shoppers
CUST_00110,62.0,49848.86136283058,South,mobile,28.8235032207282,11.0,109.51794034652931,33.0,0.1735464409387901,11.072779111645582,68.0,0.6136407585575215,2.0,0.2592394724843194,0,Budget Shoppers
CUST_00111,18.0,35766.93009245464,West,online,12.494897565971923,13.0,181.24880926177303,27.0,0.0922280545272038,2.766039124173741,17.0,0.4258705219514406,3.0,0.5089134626689917,0,Budget Shoppers
CUST_00112,42.0,56521.96122543783,West,online,17.892593473628025,9.0,15.963216032219718,21.0,0.1498460220001134,8.867030519857481,83.0,0.1623331202219059,2.0,0.5777840019434757,0,Budget Shoppers
CUST_00113,24.0,76295.82276861831,Central,online,40.978844117367466,7.0,315.21461329440945,25.0,0.0248106391198581,4.975890146407258,69.0,0.215505200360574,0.0,0.0536728364697493,0,Budget Shoppers
CUST_00114,,57391.24531292625,North,online,82.79242064777797,9.0,36.53311601982508,21.0,0.2330202899677638,6.023805876567546,55.0,0.6659539998398176,1.0,0.2444806796671285,0,Budget Shoppers
CUST_00115,41.0,109999.93576085848,North,store,4.90341224513856,6.0,232.92762798772344,29.0,0.1679649348264633,6.443313323580068,13.0,,2.0,0.0848664834526907,0,Budget Shoppers
CUST_00116,18.0,67269.91049707803,East,online,29.65014970079108,9.0,141.01478338627524,25.0,0.1755192493980051,9.273549638843374,76.0,0.4746501551845178,1.0,0.3461345426217134,0,Budget Shoppers
CUST_00117,61.0,63058.99785252867,South,mobile,10.243335943381927,4.0,106.59357978823374,28.0,0.13114423296701,9.45495651934428,68.0,0.6472443782164117,0.0,0.1219403826653987,0,Budget Shoppers
CUST_00118,25.0,38017.35311875228,Central,online,56.57129829429552,10.0,264.47327977119454,29.0,0.1087471655484882,1.695275271153021,89.0,0.2079076348343266,1.0,0.2076878848151452,0,Budget Shoppers
CUST_00119,41.0,52752.26416946133,South,mobile,2.548906254902683,10.0,452.57693144365845,23.0,0.2520471595530512,3.6401212747916585,95.0,0.3729438722874107,0.0,0.09468903262081,0,Budget Shoppers
CUST_00120,,40861.69545325877,Central,store,40.87370780903706,8.0,760.9868527374721,28.0,0.0399681484718729,6.87646580514432,40.0,,0.0,0.633499639513967,0,Budget Shoppers
CUST_00121,68.0,12000.0,Central,mobile,6.730725989335545,12.0,149.46624954283354,21.0,0.163340572092716,3.96487290826056,15.0,0.5709938238353757,2.0,0.5852552950059532,0,Budget Shoppers
CUST_00122,34.0,79433.76888683377,Central,mobile,31.755320181300757,8.0,53.84597146288233,20.0,0.1578400454221034,1.5935916494772058,28.0,0.2611644057172528,2.0,0.537848916217945,0,Budget Shoppers
CUST_00123,25.0,46748.087777894914,South,store,63.21056481054536,7.0,270.0149939319768,25.0,0.2544744531257265,4.901210854776018,57.0,,0.0,0.3726480159357799,0,Budget Shoppers
CUST_00124,52.0,41271.19836466726,West,mobile,49.23892245286891,14.0,138.1020789610537,29.0,0.3631072831131573,2.6210872026483014,64.0,0.1259628810416214,0.0,0.0409284143045942,-1,Noise / Outliers
CUST_00125,52.0,62632.54074708623,South,online,48.93475107952944,8.0,50.77415003807917,34.0,0.0359172636215004,1.7216862775976018,75.0,0.0580360308220415,3.0,0.5146123172727534,0,Budget Shoppers
CUST_00126,,69274.99014887337,Central,online,25.53216005709059,3.0,350.1711556204603,24.0,0.1809244325771022,3.64833999239426,93.0,0.617694095501801,2.0,0.0858293716932873,0,Budget Shoppers
CUST_00127,,50942.953676061865,East,mobile,77.49266338165833,13.0,179.0021796180186,31.0,0.0516340504181874,3.596258679549198,5.0,0.3946154532588543,1.0,0.4065320505555101,0,Budget Shoppers
CUST_00128,59.0,57942.76331260159,North,mobile,31.044555422128827,12.0,78.3889242885727,46.0,0.193356184781051,1.1663681776656198,62.0,0.277650813262463,0.0,0.4959011573361798,0,Budget Shoppers
CUST_00129,56.0,74416.12296091687,Central,online,87.33111834875234,8.0,78.78457982616881,34.0,0.1802606788339139,7.009409975581457,42.0,0.2709541700301263,2.0,0.2365761950948433,0,Budget Shoppers
CUST_00130,58.0,50075.74091858115,East,online,27.67833361240762,7.0,715.4889463500762,26.0,0.1056635200332597,3.772124781175509,66.0,0.5879068620439967,0.0,0.2033819070959349,0,Budget Shoppers
CUST_00131,45.0,64651.34231879335,West,store,24.680251880831875,6.0,60.8322424488763,22.0,0.1382453950628515,2.07944570107098,20.0,0.6947302082078587,0.0,0.4134725812069266,0,Budget Shoppers
CUST_00132,24.0,21496.61839543869,Central,online,8.801891349257078,6.0,12.844653296148625,27.0,0.2829800986241771,9.82316571056149,86.0,0.1669836085575662,1.0,0.5256174293796849,0,Budget Shoppers
CUST_00133,26.0,30690.98203458953,East,online,27.544617718992303,9.0,100.54285004344564,25.0,0.1567700212319567,0.0309079598847432,40.0,0.3626830356045102,2.0,0.1951029099325882,0,Budget Shoppers
CUST_00134,25.0,,Central,online,5.302610509003514,9.0,281.00212786629385,41.0,0.1648932435099497,5.451497321958428,27.0,0.3885981451755451,4.0,0.2791025623730844,0,Budget Shoppers
CUST_00135,29.0,29541.70993831944,South,store,71.32442087028664,17.0,114.1816371373172,32.0,0.1737585076831643,5.219351947638247,21.0,0.4142883418602121,0.0,0.2872585263157317,0,Budget Shoppers
CUST_00136,51.0,63151.02603649251,East,online,39.43373497074494,13.0,204.80968932051965,32.0,0.1700632927377014,8.053790363824481,20.0,,1.0,0.285031660903203,0,Budget Shoppers
CUST_00137,50.0,54766.0267916644,South,mobile,176.99540291365042,10.0,8.0,31.0,0.0480394956583414,4.672798908071058,32.0,0.2578070217066153,0.0,0.1400367790056242,0,Budget Shoppers
CUST_00138,65.0,49981.72022455496,South,online,3.381637191330947,10.0,,28.0,0.1096641130508397,6.1525953699616265,54.0,0.3357830236380849,3.0,0.2871992991389692,0,Budget Shoppers
CUST_00139,72.0,39773.819082709975,East,mobile,9.636285220974342,12.0,10.725784175311242,23.0,0.0876058063282794,10.901414322845277,36.0,0.0236419509600018,2.0,0.3751256175889134,0,Budget Shoppers
CUST_00140,40.0,,North,store,73.39014274424672,11.0,105.65546865974706,21.0,0.1065115501123612,2.0193885228789,58.0,0.0772932842786137,2.0,0.1313237102835008,0,Budget Shoppers
CUST_00141,41.0,96057.60539943638,East,online,17.60314180778596,9.0,89.5299588412483,28.0,0.0424039892805897,1.2660925729033727,67.0,0.1404524973799379,2.0,0.3447922874417957,0,Budget Shoppers
CUST_00142,54.0,64604.22757720428,North,mobile,21.977444930782728,8.0,378.4914219530141,21.0,0.1689572108295138,8.961099921632268,72.0,0.1938404990430692,2.0,0.6769513723580116,0,Budget Shoppers
CUST_00143,52.0,65094.79574480198,Central,online,68.97730242794725,10.0,18.47283507096828,30.0,0.1544474923681441,8.914819203932847,30.0,0.1492757859226098,0.0,0.0795711384496014,0,Budget Shoppers
CUST_00144,61.0,42988.72614313513,Central,online,25.822117740217774,5.0,8.0,30.0,0.0795116542532767,11.03574611141908,68.0,0.4752466096350177,2.0,0.0152822617002513,0,Budget Shoppers
CUST_00145,57.0,31685.86089986364,East,store,7.525750292750417,7.0,19.20772655081892,37.0,0.0844468136634902,11.797884798395373,7.0,0.1987841364400412,3.0,0.3863858445929921,0,Budget Shoppers
CUST_00146,39.0,57125.74409426416,Central,online,77.90660279953812,14.0,24.33349272195009,21.0,0.0945403541781161,4.612628544414429,24.0,0.2807920192900969,2.0,0.3615917171488056,0,Budget Shoppers
CUST_00147,44.0,36577.50774492233,West,mobile,1.104400431236046,12.0,37.55675320207623,29.0,0.1758223263030938,4.5291264431514,9.0,0.3144814293348094,2.0,0.174895752485947,0,Budget Shoppers
CUST_00148,52.0,19002.57717705192,South,online,79.01516160309988,13.0,219.42431361171404,24.0,0.1099762526967587,10.855891180421828,34.0,0.2240516962733456,1.0,0.34042666310623,0,Budget Shoppers
CUST_00149,18.0,75675.80787204282,South,online,1.8144367990891423,8.0,61.49227521626741,25.0,0.0964194065949877,10.32853814375656,99.0,0.1394027549272079,2.0,0.118530296406637,0,Budget Shoppers
CUST_00150,52.0,76747.66934154033,North,online,38.36571842201088,9.0,238.85259241389625,30.0,0.1517122424193996,4.5052885388539705,73.0,0.2015067729729976,0.0,0.5237376339882951,0,Budget Shoppers
CUST_00151,54.0,39105.54699503192,Central,mobile,2.6032338439253877,4.0,41.25723980866137,22.0,0.0451385237489695,0.9155576530076556,55.0,,3.0,0.4336891257449918,0,Budget Shoppers
CUST_00152,64.0,63367.21506814337,North,online,42.87150756827579,8.0,256.0981118035062,30.0,0.0557147150961825,6.974688501979072,79.0,0.3504904187700898,2.0,0.4039314404305555,0,Budget Shoppers
CUST_00153,31.0,80042.94989141886,South,mobile,1.209661500221068,6.0,8.0,32.0,0.1808367144549894,3.22439936442642,12.0,0.061560458347343,2.0,0.5807029188471327,0,Budget Shoppers
CUST_00154,20.0,62510.58711536133,South,online,64.68215114343539,12.0,354.4120863080241,25.0,0.1182079101414004,10.903138494470014,58.0,0.2245671318789926,1.0,0.3475722932687493,0,Budget Shoppers
CUST_00155,18.0,31750.597785827864,Central,online,21.95390696536345,7.0,178.17992591042895,35.0,0.219486031704416,9.673406916191023,59.0,0.3461401205554956,2.0,0.2550652705165236,0,Budget Shoppers
CUST_00156,22.0,52876.34490878383,West,mobile,3.433969319151564,16.0,69.19528406972364,26.0,0.114415994502601,10.811683234213714,68.0,0.2883876068899103,1.0,0.3007517153992851,0,Budget Shoppers
CUST_00157,,87189.8072409238,West,store,42.94383208925768,9.0,111.95280479537008,26.0,0.0372570763303393,0.970968009691692,17.0,0.3426523009123377,0.0,0.4312569001849007,0,Budget Shoppers
CUST_00158,72.0,63434.58615931249,Central,online,23.518378553409413,3.0,351.4306967627134,25.0,0.1129691427075584,10.375353898769342,73.0,0.3963060859501327,0.0,0.3301325153655698,0,Budget Shoppers
CUST_00159,31.0,69860.90627002172,Central,mobile,7.416260204056679,11.0,113.56997872367148,31.0,0.0897124690152596,7.117030602638621,95.0,0.5224785995940135,1.0,0.3276629301181216,0,Budget Shoppers
CUST_00160,56.0,65515.84282612051,North,online,1.0,9.0,33.7359658808997,32.0,0.0408963033359939,2.585117074624691,30.0,0.2738576103596595,1.0,0.3964279084548884,0,Budget Shoppers
CUST_00161,44.0,39178.75012447843,Central,mobile,18.944864438250185,8.0,110.5878799118747,26.0,0.1307701192217201,3.6151455576951066,63.0,0.4035769112111965,1.0,0.2346476754525472,0,Budget Shoppers
CUST_00162,26.0,44341.40517578186,West,store,3.133169694407964,11.0,266.68411812787326,31.0,0.0882501895707271,5.479621532467764,62.0,0.1743538557605592,4.0,0.259526564413639,0,Budget Shoppers
CUST_00163,32.0,65455.033455138335,Central,store,3.461615338704711,13.0,569.1442764525941,38.0,0.1221815003738201,7.53172794288497,62.0,0.2649588193915356,1.0,0.2310348933259652,0,Budget Shoppers
CUST_00164,32.0,75971.17916044898,North,mobile,10.887074333800689,13.0,114.04512657419694,19.0,0.1081479519232859,2.7927305577549117,18.0,0.4275738049936928,1.0,0.0481420976855457,0,Budget Shoppers
CUST_00165,43.0,82197.90892019341,North,online,34.84220888013802,9.0,21.993720285628985,28.0,0.2028506301863859,2.484512023760414,21.0,0.3523237068430502,3.0,0.1165334585894496,0,Budget Shoppers
CUST_00166,59.0,39121.678015099744,North,store,26.419134273404303,10.0,192.0521791053569,30.0,0.0255243592357539,10.705928497215874,81.0,0.1201941679289528,0.0,0.441269753196043,0,Budget Shoppers
CUST_00167,30.0,67528.65176289825,North,mobile,2.5018829297973406,10.0,751.4024965202158,31.0,0.131771157256667,10.142664665569043,35.0,0.4936964683719792,1.0,0.2173384143589717,-1,Noise / Outliers
CUST_00168,68.0,84114.97045781749,East,online,120.94559371794593,4.0,83.4290841002185,27.0,0.062787890768506,9.201322014074409,17.0,0.2833484823618938,2.0,0.1481927743193137,0,Budget Shoppers
CUST_00169,49.0,36284.20105366351,Central,online,76.36514873390186,9.0,62.929696669357,32.0,0.3042689953953359,9.130688772436706,81.0,0.1110349534699255,0.0,0.5637138576425713,0,Budget Shoppers
CUST_00170,56.0,90708.43698759502,South,store,10.502065039746054,12.0,104.53042400497972,29.0,0.0693096101110852,9.191686366908865,89.0,0.4185047433488083,0.0,0.1560252884043873,0,Budget Shoppers
CUST_00171,66.0,94056.69820157216,Central,store,4.567303354004951,13.0,23.40566399537448,25.0,0.0953545618557826,11.089197769684157,54.0,0.1091401062709118,0.0,0.4852652104246223,0,Budget Shoppers
CUST_00172,69.0,115751.89947167652,East,online,99.8998856758542,8.0,461.5363202552485,27.0,0.0551377771347378,10.124644739022914,77.0,0.2780488484281398,2.0,0.2641412367119014,-1,Noise / Outliers
CUST_00173,49.0,63080.53569825988,North,mobile,21.640597349476,10.0,236.8895154807427,20.0,0.0767387725604231,4.662890538680546,24.0,0.2198343417681584,1.0,0.2873747275594871,0,Budget Shoppers
CUST_00174,21.0,63201.342877773866,East,store,13.046472826316416,5.0,15.586977146816388,23.0,0.0541665137515278,5.655629766420704,15.0,,1.0,0.2585116206530983,0,Budget Shoppers
CUST_00175,47.0,76193.87656058099,West,online,23.591639033819277,14.0,377.24764509598674,26.0,0.1529135583534376,7.254759236364371,85.0,0.1121613903320957,3.0,0.2201569859092655,0,Budget Shoppers
CUST_00176,54.0,75551.65880708717,West,online,51.858757288942016,8.0,372.0004086782437,22.0,0.1358696984112952,5.707196454474007,76.0,0.3041080311456815,4.0,0.0743488738015201,0,Budget Shoppers
CUST_00177,40.0,82780.07094190332,Central,mobile,6.453511552120209,9.0,49.4410976666769,26.0,0.1625793083627983,3.563244729672828,14.0,0.1326436266175929,1.0,0.2867061631850121,0,Budget Shoppers
CUST_00178,56.0,75248.72997023228,Central,online,51.05964968038261,8.0,125.49274951368476,31.0,0.4204757279758118,10.333800942189722,47.0,0.2750762613756837,2.0,0.3941265952977161,0,Budget Shoppers
CUST_00179,,55666.63800116315,South,online,48.4429385159361,8.0,15.259619340288207,26.0,0.2130703401375125,9.641390632461064,92.0,0.3329043015848552,1.0,0.1214190221083123,0,Budget Shoppers
CUST_00180,32.0,84883.93666141704,South,mobile,27.12894962475641,7.0,11.433225510978431,29.0,0.0934742566694128,4.678312803328506,89.0,0.1448780464464113,0.0,0.2456670363919753,0,Budget Shoppers
CUST_00181,60.0,34432.408706760034,West,store,70.30587275122222,12.0,90.57655864465973,33.0,0.0878252922895848,1.3759992156626732,92.0,0.3645173586973393,2.0,0.0783545138789072,0,Budget Shoppers
CUST_00182,46.0,58128.75140795828,North,mobile,4.960506606622508,7.0,8.0,44.0,0.1142647348557066,0.058434773317062,31.0,0.4388037247878374,1.0,0.0924027886853682,0,Budget Shoppers
CUST_00183,53.0,92402.1835530956,East,mobile,31.676807552722703,11.0,270.2147236391517,24.0,0.3775939612924406,1.1093535447846392,100.0,0.3673347827896641,3.0,0.5652328290329877,0,Budget Shoppers
CUST_00184,30.0,30494.57704135297,South,online,20.88251422413776,12.0,342.2139204397196,30.0,0.2697635478401841,1.856918187493366,80.0,0.4192919955567614,3.0,0.1603078315621101,0,Budget Shoppers
CUST_00185,49.0,43095.53554606241,South,online,19.20404232562167,10.0,9.058211151546802,29.0,0.1419032876117951,7.893490551787424,58.0,0.2488807679750004,2.0,0.1013252087914552,0,Budget Shoppers
CUST_00186,24.0,72778.44040370041,North,mobile,10.188593721249877,9.0,,26.0,0.2435768813786071,2.635345077660926,40.0,0.3300367607388942,1.0,0.252453171387753,0,Budget Shoppers
CUST_00187,68.0,66666.06341119536,North,online,16.2981183780438,12.0,32.53649525020581,24.0,0.0737322140808418,7.617905700987514,62.0,0.2287344661770332,0.0,0.2163127851086989,0,Budget Shoppers
CUST_00188,39.0,38749.441031562616,Central,store,4.006035938831439,9.0,345.6264943448496,31.0,0.2258579585036926,3.939869900232621,54.0,0.3385796303227817,1.0,0.1130008383777098,0,Budget Shoppers
CUST_00189,,48843.73193993691,East,online,10.14357077998385,13.0,190.50211578823183,37.0,0.1658794452620046,10.740631981213143,60.0,0.46726167040185,1.0,0.1840835730445191,0,Budget Shoppers
CUST_00190,19.0,32022.794621692537,North,online,11.109220607020998,11.0,146.71141225525398,16.0,0.0498411564809928,5.628918852756118,93.0,0.316931077942881,0.0,0.434206634730476,0,Budget Shoppers
CUST_00191,59.0,79570.66998945258,South,online,44.637381808625165,9.0,194.6958617428688,26.0,0.0422476992702434,8.074203371640289,11.0,0.1785759933167786,2.0,0.1489626286049281,0,Budget Shoppers
CUST_00192,62.0,52370.6101312483,South,store,1.741900693485185,4.0,28.923666521610237,28.0,0.1152663257179358,5.531362410965717,26.0,0.2859216299846782,3.0,0.7537496257125859,0,Budget Shoppers
CUST_00193,74.0,97427.43003673392,West,online,36.86320872047384,8.0,38.54569776010641,31.0,0.0877407451292204,10.950465616713592,27.0,0.1888695008928483,0.0,0.3983672683364181,0,Budget Shoppers
CUST_00194,70.0,59784.20536888047,North,online,8.759470005805648,10.0,49.68356213263908,24.0,0.1756663131145711,8.248928180929168,30.0,0.2182703208106207,2.0,0.4981174154169879,0,Budget Shoppers
CUST_00195,23.0,53165.71332513671,Central,online,2.9892462153994352,6.0,120.77473169746716,26.0,0.0911141919559458,7.705901285965574,53.0,0.1259323642220526,3.0,0.2911079814995231,0,Budget Shoppers
CUST_00196,45.0,51029.92125158045,East,store,12.523954320523734,11.0,,32.0,0.1784200716563278,7.10761064184981,37.0,0.1983792578535273,3.0,0.3520906139182861,0,Budget Shoppers
CUST_00197,45.0,52627.60362576658,Central,online,8.897430932575947,9.0,30.414996812726457,29.0,0.0196952390840196,11.863338240437947,3.0,0.2026235998968948,1.0,0.3096378682168968,0,Budget Shoppers
CUST_00198,61.0,60438.06409294366,South,online,28.106201083738352,8.0,74.61885253385556,33.0,0.1343148777672756,8.217092214167918,74.0,0.1277201649485378,4.0,0.1515463603354575,0,Budget Shoppers
CUST_00199,61.0,113272.966684723,Central,online,15.476863938856924,6.0,152.26212835407784,24.0,0.1632814735754555,9.049682195213512,96.0,0.2469821031542654,0.0,0.1785628581527833,0,Budget Shoppers
CUST_00200,,,South,mobile,118.34237535703014,5.0,48.166570496076666,17.0,0.1207330181690153,0.9805441356882794,69.0,0.2255342531788107,2.0,0.4704989544047671,0,Budget Shoppers
CUST_00201,47.0,51260.22386303119,South,online,115.91309904786672,7.0,10.202066611970464,24.0,0.0965849883570054,9.77067012706763,9.0,0.1715433543612671,1.0,0.3148955567544623,0,Budget Shoppers
CUST_00202,28.0,59443.06460502993,South,online,20.52662534699633,6.0,28.58522363594261,28.0,0.0240048728496705,7.160600232834971,26.0,0.2394089942346944,1.0,0.0712726480574464,0,Budget Shoppers
CUST_00203,72.0,81986.03913957372,South,online,55.48102098862624,9.0,23.40090752240208,33.0,0.1258514458921206,4.039943166786134,35.0,0.5799309588020443,1.0,0.6318039848335403,0,Budget Shoppers
CUST_00204,45.0,26738.339656398857,South,mobile,1.0,6.0,129.93719551357256,28.0,0.2260982707816564,6.980285407387795,69.0,0.3612016562140256,1.0,0.175056788198046,0,Budget Shoppers
CUST_00205,42.0,68012.0402120122,West,mobile,27.77797183185154,5.0,9.231518391501735,27.0,0.2655883034364578,7.506601576981755,80.0,0.1942348150572102,4.0,0.3366801435975265,0,Budget Shoppers
CUST_00206,56.0,40016.64612753443,Central,mobile,47.59453883628447,8.0,280.8842286225577,23.0,0.0422416748014875,3.12227344904579,77.0,0.2987649735142674,1.0,0.1835159229120636,0,Budget Shoppers
CUST_00207,50.0,70171.99915692088,West,store,8.559252679658423,7.0,11.461013733172738,24.0,0.0206914902795197,5.244776057106932,94.0,0.3240410311206266,1.0,0.1914966486352828,0,Budget Shoppers
CUST_00208,18.0,47137.281268069964,West,store,2.2092955273987496,8.0,118.44022892067268,23.0,0.1305272110059209,8.656168885986656,11.0,,2.0,0.6049072330189885,0,Budget Shoppers
CUST_00209,74.0,12000.0,North,online,5.932735952298644,12.0,344.8387262501536,28.0,0.1055044373620956,2.7101766662443283,30.0,,1.0,0.2969624180404169,0,Budget Shoppers
CUST_00210,44.0,66130.70725912467,North,mobile,20.409343795564038,11.0,8.379320967643258,32.0,0.0659078288898802,10.033504055251464,21.0,0.4971756567695865,1.0,0.218748043914679,0,Budget Shoppers
CUST_00211,74.0,65945.1849476311,North,mobile,24.709016796264137,11.0,62.79731233254158,26.0,0.0455225224269614,0.930318122704482,4.0,0.3081150072234158,0.0,0.0706020174091282,0,Budget Shoppers
CUST_00212,69.0,45260.23321345254,East,store,16.781255304188566,5.0,51.66411594223104,23.0,0.0739310446467698,6.974613331166633,17.0,0.2846216727170126,0.0,0.3463153441503198,0,Budget Shoppers
CUST_00213,30.0,43956.43507685394,North,online,20.29200781240276,8.0,54.8486631609664,28.0,0.1409795332016419,4.556241412102885,97.0,0.3154755188557726,0.0,0.1152006462608671,0,Budget Shoppers
CUST_00214,58.0,29149.800048071644,Central,mobile,22.23625917620983,8.0,119.21906083358265,21.0,0.1463388238540454,0.6397608132144836,60.0,0.1810042561287901,2.0,0.140479598453012,0,Budget Shoppers
CUST_00215,20.0,75008.19871385518,West,online,51.35303835593406,10.0,39.51365078544791,29.0,0.091232147466683,9.293842566141922,31.0,0.2865008590744009,3.0,0.4159715315369098,0,Budget Shoppers
CUST_00216,56.0,77408.74721426978,Central,store,3.892065604716668,9.0,8.0,31.0,0.214294651038388,6.558502090746433,6.0,,1.0,0.4260553379933688,0,Budget Shoppers
CUST_00217,23.0,38660.88052613042,North,online,51.27931072478596,10.0,426.0663212412305,30.0,0.2442865620474964,8.583909900866285,97.0,0.4067056493239772,0.0,0.3367207724086027,0,Budget Shoppers
CUST_00218,25.0,46121.44189014528,East,online,40.83676447862851,10.0,179.58333261546164,28.0,0.1207673321679459,4.56147829113131,39.0,0.3920393837842137,0.0,0.5480435250947416,0,Budget Shoppers
CUST_00219,44.0,56607.6393349428,East,online,47.371865294566064,13.0,18.872527492653607,30.0,0.1635834072378928,10.315444345159571,42.0,0.4382250395036018,1.0,0.1585191941948361,0,Budget Shoppers
CUST_00220,26.0,107959.03618278205,West,online,46.41074800155352,11.0,78.94345294515531,22.0,0.0268261002799916,1.0044781147111288,50.0,0.1797921137646785,3.0,0.1347508230087537,0,Budget Shoppers
CUST_00221,54.0,69992.6784469565,Central,mobile,22.259843547340488,9.0,8.420758389974063,27.0,0.2760669415739069,2.8002412676561703,27.0,0.2021691648767013,2.0,0.4743369418849202,0,Budget Shoppers
CUST_00222,50.0,37244.85866981566,South,online,8.312370205117219,11.0,8.0,24.0,0.2039439560030631,9.535237796082956,89.0,0.1665969561079497,2.0,0.216919511299607,0,Budget Shoppers
CUST_00223,68.0,64683.16680879112,Central,online,26.92294651688876,8.0,8.0,22.0,0.2370032830555148,11.456151066916764,83.0,0.1510719284928412,0.0,0.0616328738367958,0,Budget Shoppers
CUST_00224,59.0,27712.7861059622,North,store,110.9380459929648,5.0,183.2579496638685,29.0,0.1002534417734459,10.157348636686454,2.0,0.3746105532638117,3.0,0.4982876016583679,0,Budget Shoppers
CUST_00225,61.0,73795.78681815576,South,online,31.08030345108254,7.0,76.52452088945745,25.0,0.1326030708710974,2.770324748437917,65.0,0.2130929982136548,1.0,0.2483810255035229,0,Budget Shoppers
CUST_00226,41.0,94862.04265797869,East,mobile,1.0,6.0,241.85808949244256,31.0,0.1802921486455545,4.1824624174782254,14.0,0.2373106532758632,2.0,0.1410765222623032,0,Budget Shoppers
CUST_00227,32.0,94955.41707184709,West,online,2.154876604910425,12.0,47.33988786648593,24.0,0.0860648635534098,9.18595400755934,15.0,0.3042435646753264,0.0,0.4720297810178513,0,Budget Shoppers
CUST_00228,71.0,74167.65707643545,West,online,172.9883230304142,8.0,194.1011600630848,31.0,0.1137265055575957,11.355263465791657,51.0,0.4351333179439156,0.0,0.2500506926555016,0,Budget Shoppers
CUST_00229,49.0,45164.92817090115,East,store,2.6133010862956425,7.0,10.548080345691552,26.0,0.1108251135746412,3.4709677630916533,22.0,0.5259316895117376,3.0,0.0518696399395353,0,Budget Shoppers
CUST_00230,49.0,29380.16135668923,North,mobile,1.6498631179652208,10.0,131.06005790317803,24.0,0.1804445881277435,4.636105268739393,58.0,0.1972235224128157,2.0,0.3580150882289791,0,Budget Shoppers
CUST_00231,41.0,27195.4890458796,East,online,15.240627352491815,8.0,58.13964456746365,27.0,0.102989267150202,0.2744700340539752,81.0,0.3965223029939804,0.0,0.4282271151465345,0,Budget Shoppers
CUST_00232,58.0,,North,store,121.94186019864333,8.0,42.11553684611538,22.0,0.0360350054951515,6.052822393583993,62.0,0.176787342074584,2.0,0.4735832050002594,0,Budget Shoppers
CUST_00233,69.0,73264.82678617428,South,store,13.430062553576263,12.0,219.43861237423064,33.0,0.0665844062100757,1.0579408447612773,50.0,0.107666259403656,3.0,0.4074532876104748,0,Budget Shoppers
CUST_00234,66.0,55737.618555063214,East,store,18.460273055596403,13.0,8.0,29.0,0.0898804166959794,1.0271152109414832,41.0,0.557162964228691,0.0,0.174714454038379,0,Budget Shoppers
CUST_00235,66.0,78002.75566196881,North,online,35.18663811248811,7.0,388.2326656937996,41.0,0.0953227874364525,9.135793635420152,32.0,0.1826616971381685,2.0,0.181938881863327,0,Budget Shoppers
CUST_00236,69.0,89416.69267516534,South,online,1.0,12.0,200.15553888763705,39.0,0.1623912241764545,4.127038822595639,33.0,0.3802811095629564,3.0,0.4300098039491525,0,Budget Shoppers
CUST_00237,29.0,60197.92196585301,East,mobile,79.81635481224946,17.0,57.12850251577659,27.0,0.1642876739798651,11.227677043827583,65.0,0.1406007206646282,1.0,0.240589163726478,0,Budget Shoppers
CUST_00238,56.0,61211.1554136893,West,mobile,25.64833136970623,10.0,617.2701057706461,32.0,0.0428257090630123,8.593002861855144,41.0,0.1486727062240772,0.0,0.1561295331900059,0,Budget Shoppers
CUST_00239,19.0,47784.952421055736,East,online,22.010770066524508,2.0,29.413793648828232,26.0,0.1806092428470148,3.5371468731921105,83.0,0.2287414179320033,3.0,0.3472703746814,0,Budget Shoppers
CUST_00240,20.0,,Central,mobile,68.99608862495035,10.0,66.9314223141482,28.0,0.1562076645281201,8.182584245696866,59.0,0.1653236051300314,1.0,0.3786816654682342,0,Budget Shoppers
CUST_00241,66.0,74026.33807440454,East,online,107.07334985408026,4.0,281.03090448906937,28.0,0.0983648348910477,10.38719804621055,99.0,0.2528804745964628,2.0,0.2124963932128097,0,Budget Shoppers
CUST_00242,54.0,54163.74933196317,Central,online,19.272758893327065,10.0,747.0867201836135,26.0,0.0147093574255657,5.232445536605011,58.0,0.2522916072859315,0.0,0.068206755442822,0,Budget Shoppers
CUST_00243,66.0,50981.83133143788,South,online,6.624623984815598,9.0,35.52512420309091,25.0,0.436583084219165,6.741260177207514,4.0,0.1822011320455888,0.0,0.1720600566784658,0,Budget Shoppers
CUST_00244,73.0,57597.02909225728,East,mobile,59.19342499031831,7.0,176.68567298334244,23.0,0.1980068549498711,2.609860700120281,75.0,0.1592614476697451,0.0,0.3545311074657686,0,Budget Shoppers
CUST_00245,34.0,77499.26431335497,South,online,18.06960670244404,8.0,47.436139532260505,38.0,0.0258300086040915,4.826504422642294,3.0,0.1827407707965328,0.0,0.3282234200901566,0,Budget Shoppers
CUST_00246,66.0,42761.445727737744,South,store,95.96287202198882,8.0,189.0793016853395,36.0,0.0176421773094516,6.948592189356898,66.0,0.0911184230693169,1.0,0.1399901518346522,0,Budget Shoppers
CUST_00247,19.0,56536.37261385528,North,mobile,104.77998958988049,4.0,17.401284375521662,24.0,0.0661622239432323,7.3857395847879825,36.0,0.3939910183000059,1.0,0.3015275662460543,0,Budget Shoppers
CUST_00248,19.0,63396.11243112545,South,mobile,4.2691063847705575,7.0,53.26478126049814,28.0,0.2714919776900294,8.640412730235536,23.0,0.1731812524316162,2.0,0.3730244896588807,0,Budget Shoppers
CUST_00249,45.0,83524.88187887527,South,store,109.7682508805872,8.0,10.13494214467866,30.0,0.195119311978763,11.488238272480158,11.0,0.3214179521948886,1.0,0.2951074119334542,0,Budget Shoppers
CUST_00250,71.0,52735.47091041278,East,mobile,16.075279726540717,8.0,88.01922207973392,29.0,0.0114734164857054,10.062448430010928,35.0,0.2726957339424314,2.0,0.0935825444103454,0,Budget Shoppers
CUST_00251,40.0,42207.88550686211,East,store,36.37101814857506,6.0,157.16833572993087,29.0,0.0170546980370094,10.219046787324016,29.0,0.2569035608840213,2.0,0.3082965658875684,0,Budget Shoppers
CUST_00252,54.0,47344.059226008176,West,online,1.2378879980022943,9.0,61.85480246427138,25.0,0.0639147272169353,6.6901443263571885,61.0,0.1290164865308115,2.0,0.3171717211295581,0,Budget Shoppers
CUST_00253,49.0,81167.26352633834,North,online,76.9014065733618,12.0,123.99100416705632,32.0,0.0648973505859747,1.7300820502767542,62.0,0.0981814866156579,2.0,0.1987072236601978,0,Budget Shoppers
CUST_00254,50.0,102732.71656927622,South,online,35.91343512065382,13.0,109.44030677747308,20.0,0.3001810053769324,7.625904254976556,7.0,0.2236312332209755,3.0,0.35975884460364,0,Budget Shoppers
CUST_00255,18.0,29097.32809890728,North,online,36.10508416503341,6.0,45.36809214080103,34.0,0.0469812702263306,4.875099680346827,19.0,0.1985148805949876,0.0,0.4672396554641417,0,Budget Shoppers
CUST_00256,36.0,33903.36446846314,Central,store,81.36054390223649,10.0,86.7161288503065,23.0,0.2557675927069321,0.3820897232587112,70.0,0.1337187026936155,1.0,0.715035524492811,0,Budget Shoppers
CUST_00257,19.0,54286.4706925528,South,online,24.84938580692854,12.0,9.29713931425747,24.0,0.1296538826860097,2.338244608012213,89.0,0.5389280890381489,1.0,0.2353056086323073,0,Budget Shoppers
CUST_00258,70.0,60441.03411349696,North,mobile,18.497807556529743,9.0,80.08332271031928,31.0,0.1661869288775099,9.108892635403649,80.0,0.1095649584029927,1.0,0.2309895620052807,0,Budget Shoppers
CUST_00259,61.0,75313.3304422099,West,mobile,70.3806872627011,3.0,79.66906469298829,23.0,0.0487683374196029,7.572062251670778,62.0,0.0334594312414996,0.0,0.2651652053550846,0,Budget Shoppers
CUST_00260,43.0,38395.073810767295,West,mobile,47.474942016329976,8.0,8.0,33.0,0.0520581096068071,11.74117845304941,23.0,0.372418235029488,1.0,0.4547592398497693,0,Budget Shoppers
CUST_00261,49.0,34611.60119371179,South,online,104.14084108786103,10.0,93.76716475633803,29.0,0.4341012837716163,11.08134765536617,53.0,0.3600649909688093,3.0,0.1771191098944814,0,Budget Shoppers
CUST_00262,23.0,61037.91736893986,Central,mobile,98.54055184200328,9.0,173.97149176087186,30.0,0.204588585836308,7.131112790019493,11.0,0.5562158770040811,1.0,0.2581073258543842,0,Budget Shoppers
CUST_00263,49.0,52315.18415544229,West,online,16.86281573254887,5.0,78.25223523074281,28.0,0.1481059337285602,1.8592974423425657,97.0,0.4152200774112848,0.0,0.2751153230607976,0,Budget Shoppers
CUST_00264,72.0,78387.86195097354,West,online,20.733037009280487,13.0,135.00896015448345,31.0,0.0726413717709254,4.036149308654439,72.0,0.193059475192784,3.0,0.3547911368890994,0,Budget Shoppers
CUST_00265,21.0,549775.3253615075,Central,mobile,10.349290733391545,12.0,1185.8915539607851,24.0,0.0370937664454915,2.796128324203799,100.0,0.281506414780746,1.0,0.243507477663423,-1,Noise / Outliers
CUST_00266,72.0,70218.34564793081,North,mobile,37.825096244039074,7.0,199.9333838699274,32.0,0.0236334605645171,5.646195427362674,89.0,,0.0,0.0581475479308292,0,Budget Shoppers
CUST_00267,28.0,,West,online,15.869323160587353,4.0,93.92290100709867,30.0,0.2112254699768896,9.606881241802396,35.0,0.0976953366588618,2.0,0.4625094091989087,0,Budget Shoppers
CUST_00268,73.0,109822.76568850053,East,store,53.97873900447386,2.0,52.374655898282654,34.0,0.0428555666524492,9.862180786639897,13.0,0.3392954522400335,0.0,0.2384569764789413,0,Budget Shoppers
CUST_00269,34.0,39569.54440493728,West,online,4.535900395730196,9.0,228.5083822075632,21.0,0.2272428230495088,2.1367886222725976,70.0,0.5944390048743923,1.0,0.3050634147018893,0,Budget Shoppers
CUST_00270,55.0,71437.81634260505,North,online,4.331391197072492,6.0,9.102124116625168,24.0,0.1638890352402966,6.589052111582376,99.0,0.21305840570331,0.0,0.1792985213247052,0,Budget Shoppers
CUST_00271,41.0,30066.82028439164,North,online,8.005492041833236,13.0,44.424217653497806,29.0,0.0559898050961339,8.120791704978197,61.0,0.2461946458978577,0.0,0.3216583704854358,0,Budget Shoppers
CUST_00272,22.0,34383.71108973205,South,mobile,3.0820281871464887,5.0,116.37928304333472,23.0,0.2049108666884193,4.759579353612448,39.0,0.3690951467506898,2.0,0.3878297166849364,0,Budget Shoppers
CUST_00273,69.0,44638.39682715999,East,mobile,33.86835227376347,8.0,251.95639843791392,33.0,0.1526869164615599,10.86523932220716,68.0,0.1709136342842371,0.0,0.3999764522709333,0,Budget Shoppers
CUST_00274,51.0,93845.11340559658,North,online,5.579328168823308,10.0,9.733931958939852,27.0,0.1530028316685714,4.308228958363732,43.0,0.2136909022448293,3.0,0.2927387090645511,0,Budget Shoppers
CUST_00275,23.0,63805.67746998842,Central,online,6.100823478656825,8.0,13.127981648660654,38.0,0.3601208528388982,5.881617570936536,42.0,0.5716223656836287,1.0,0.092003222770114,0,Budget Shoppers
CUST_00276,39.0,45009.482492023744,East,mobile,1.0,10.0,43.1368723592617,32.0,0.0986018625775188,7.042029866010707,16.0,0.1831209531905813,0.0,0.369927941996538,0,Budget Shoppers
CUST_00277,28.0,66237.5991710006,East,online,53.32856244036277,13.0,54.92067772668357,31.0,0.0324090285445635,5.128230188775994,11.0,0.2358683926934487,1.0,0.478585684492751,0,Budget Shoppers
CUST_00278,65.0,58773.25339133919,Central,online,58.55112620998918,12.0,241.1426780906567,38.0,0.0574375834575458,11.563621469960207,88.0,0.1635671265871632,1.0,0.2416776750342245,0,Budget Shoppers
CUST_00279,33.0,47176.58587893937,West,mobile,6.18673750436248,15.0,414.93730684893455,18.0,0.0820130324046372,9.125584214253248,78.0,0.4314111060729015,1.0,0.3788665080793806,-1,Noise / Outliers
CUST_00280,50.0,27274.16517265899,Central,online,47.08361769156157,9.0,8.0,34.0,0.207381019757257,9.94900283415132,63.0,0.0454123342065541,0.0,0.5347201014609135,0,Budget Shoppers
CUST_00281,26.0,89647.93465927038,Central,store,19.89252489752305,6.0,8.0,31.0,0.0972064425237297,9.031563096071922,72.0,0.2403039970820469,3.0,0.7630057282485726,0,Budget Shoppers
CUST_00282,23.0,62615.99883162092,West,online,9.58663786472068,12.0,260.1399469891553,33.0,0.0864170187936122,7.057280834606752,94.0,0.2217545145754315,1.0,0.3525850735286612,0,Budget Shoppers
CUST_00283,33.0,105822.24421630125,West,mobile,33.993203516419115,11.0,18.94610775684112,22.0,0.0711872616771711,0.3379691799227244,31.0,0.2032334631467917,2.0,0.2985813604600042,0,Budget Shoppers
CUST_00284,46.0,78687.07565189936,West,online,6.8811384469482,10.0,53.88631731447605,31.0,0.200577110863642,9.176920542564377,70.0,0.5813674247721092,0.0,0.2372039479599836,0,Budget Shoppers
CUST_00285,20.0,70129.03394474293,West,store,49.4975239312608,8.0,41.84416444145766,25.0,0.1046979050213266,7.352330394788144,24.0,0.4455385873907942,0.0,0.5048020755545689,0,Budget Shoppers
CUST_00286,37.0,48425.50477042673,West,online,1.7075153594294434,10.0,43.04328388793945,39.0,0.0210015814110213,0.9687917149836762,55.0,0.2801729384534019,3.0,0.5398166688418848,0,Budget Shoppers
CUST_00287,53.0,33902.397595147835,Central,mobile,111.90836329341391,13.0,51.78915656346571,28.0,0.1594222791524564,1.422980775624726,1.0,0.1340079036870576,1.0,0.2524625019458392,0,Budget Shoppers
CUST_00288,36.0,53209.91834125416,South,mobile,2.6106195621521286,8.0,53.24054920115224,25.0,0.2683355248995707,5.774318721761047,38.0,0.1570636350590479,2.0,0.2018808447574484,0,Budget Shoppers
CUST_00289,43.0,33265.56292747172,South,online,30.31658496332759,10.0,125.8392478240722,34.0,0.0829359291907255,10.23406150099264,56.0,0.203937031837886,0.0,0.4463154969509812,0,Budget Shoppers
CUST_00290,20.0,72304.18837607659,North,online,81.36703121535922,6.0,128.826290963696,31.0,0.1488469003910384,6.64497855819971,46.0,0.4336557889079778,0.0,0.2874020127564567,0,Budget Shoppers
CUST_00291,36.0,,South,mobile,1.0,9.0,96.2016109273384,35.0,0.0519763264337168,11.03538919298854,85.0,0.6278448158696345,2.0,0.1235318503139576,0,Budget Shoppers
CUST_00292,37.0,52259.93014542313,South,store,24.156317761365862,15.0,254.24742551811715,24.0,0.0795499557304117,9.787831133691366,6.0,,4.0,0.4101155956183038,0,Budget Shoppers
CUST_00293,49.0,78778.80139260633,Central,online,15.077777066589158,6.0,242.92762987946352,27.0,0.0290062023912061,7.569403563898639,79.0,0.1430320177245918,3.0,0.2746546097924939,0,Budget Shoppers
CUST_00294,24.0,42836.96045522916,West,online,30.390213344390684,8.0,31.83703542941237,34.0,0.1299221526389594,3.760345151021437,32.0,0.0985618388474196,2.0,0.1205435980116257,0,Budget Shoppers
CUST_00295,69.0,51345.729559438274,West,store,8.941891010049996,7.0,101.98140389711264,31.0,0.121136869181677,10.232804937960836,82.0,0.3670164770753531,0.0,0.0368017567191582,0,Budget Shoppers
CUST_00296,58.0,40070.792339560256,Central,online,2.348533825585296,10.0,199.12398346632523,38.0,0.0183494096783102,7.910319525519587,96.0,,1.0,0.0486763460103359,0,Budget Shoppers
CUST_00297,,12000.0,South,store,34.41621581073653,9.0,262.1400288549989,30.0,0.3469795709219411,6.63318412377205,12.0,0.4700908221462848,1.0,0.3460318231858632,-1,Noise / Outliers
CUST_00298,57.0,57196.266301790565,Central,mobile,18.87583360986616,15.0,38.30065869857822,22.0,0.0583682537001629,6.0074802888189005,75.0,0.1418579859451186,0.0,0.0895220044945477,0,Budget Shoppers
CUST_00299,56.0,60825.93822715056,North,mobile,34.09512410373387,15.0,88.58415188929354,31.0,0.0393728252427756,2.553745872464578,34.0,0.2415550841606838,3.0,0.3899643804004988,0,Budget Shoppers
CUST_00300,35.0,81448.94197275603,West,online,8.27417608001509,8.0,,29.0,0.0769600093527888,0.1888642375714186,66.0,0.1925009518827173,0.0,0.3006766820945105,0,Budget Shoppers
CUST_00301,57.0,75499.64155872432,East,online,14.476352904024433,4.0,156.3598301916956,18.0,0.1410953254240226,8.59808388850356,44.0,0.1424623376295302,2.0,0.0742810546352344,0,Budget Shoppers
CUST_00302,18.0,75796.9637788579,North,mobile,28.868322402728275,13.0,52.1123931074644,28.0,0.0374935270170165,11.035327088437745,86.0,0.3414951271526643,1.0,0.283618133774252,0,Budget Shoppers
CUST_00303,28.0,36571.20309140671,North,store,31.472672999559958,9.0,45.157301090790725,19.0,0.2005022843144807,2.203946863448464,21.0,0.3538081622936498,2.0,0.5622797327234612,0,Budget Shoppers
CUST_00304,45.0,68108.94073355522,Central,store,16.300078356262972,18.0,158.96495572714883,25.0,0.0526938848928416,11.216683843580022,70.0,0.2439866403038017,2.0,0.2781890268797973,0,Budget Shoppers
CUST_00305,74.0,92817.06724059505,South,online,11.500228823726744,11.0,66.26343220794409,29.0,0.1055518560165585,0.862941910743344,6.0,0.3117852665758507,1.0,0.3797381511625135,0,Budget Shoppers
CUST_00306,42.0,66357.09271559979,West,online,11.192754757675008,7.0,8.0,28.0,0.2575705227560271,6.629581998893014,12.0,0.2412935780709523,2.0,0.5850585857554548,0,Budget Shoppers
CUST_00307,67.0,98229.05948742994,East,online,6.72026377795821,8.0,361.1594243865744,29.0,0.0609784698968522,1.386709315004473,4.0,0.1769210028048155,1.0,0.3299609896523965,0,Budget Shoppers
CUST_00308,40.0,102417.254444637,North,store,13.777494931904103,5.0,21.073253834074904,26.0,0.1768651410918768,10.669253491052595,7.0,0.2234005558700421,1.0,0.0604383092435185,0,Budget Shoppers
CUST_00309,48.0,52093.6980535838,East,online,7.785547601015438,9.0,20.91872858543674,21.0,0.0649557490546079,1.2388822786196263,76.0,0.3886012669485118,4.0,0.4089782129978989,0,Budget Shoppers
CUST_00310,47.0,42667.325608227424,South,online,35.16162013566273,7.0,221.74886669288955,28.0,0.1695637727319603,3.0126554476697582,94.0,0.0828069043299174,2.0,0.0708990551432183,0,Budget Shoppers
CUST_00311,59.0,41247.8323607831,South,online,29.46309272617389,12.0,53.1342059503398,29.0,0.0386925223517629,9.67120832574216,73.0,0.281512670621999,1.0,0.0943240909147041,0,Budget Shoppers
CUST_00312,52.0,24645.011957729163,East,online,16.87770226898124,9.0,51.70851990669284,23.0,0.1307307614201637,8.261840795863884,7.0,0.5254527196504534,1.0,0.3553313928992291,0,Budget Shoppers
CUST_00313,24.0,46595.13621285852,West,store,13.799555137455362,10.0,126.60799867646172,25.0,0.0613850087963804,4.657534085260495,47.0,0.2679340681937301,2.0,0.5130557371297474,0,Budget Shoppers
CUST_00314,33.0,84568.63989463742,South,mobile,9.495589336254028,8.0,8.0,22.0,0.0845671370432326,10.041229814080795,22.0,0.3854969283252913,1.0,0.2369942014295214,0,Budget Shoppers
CUST_00315,43.0,12000.0,East,online,26.8346389532763,6.0,35.158121197121034,26.0,0.0833824682897969,7.628399329780686,27.0,0.4489870082922976,2.0,0.3223834907268343,0,Budget Shoppers
CUST_00316,65.0,35176.025184297585,North,online,87.92372414298214,5.0,8.0,32.0,0.2374311317934785,3.117329757486965,99.0,0.3865965490818354,2.0,0.4153022673265683,0,Budget Shoppers
CUST_00317,74.0,55203.10828365605,East,online,40.50959653122364,1.0,44.80045138636685,30.0,0.0754357226748091,8.883232397671712,38.0,0.2957117319335451,1.0,0.2581403275671214,0,Budget Shoppers
CUST_00318,69.0,38701.9255863226,East,online,47.74696936747868,8.0,265.15888494210964,27.0,0.2481845111035632,3.996716627870741,88.0,0.1578125697439272,0.0,0.2877762894900537,0,Budget Shoppers
CUST_00319,66.0,46399.70922671515,Central,online,62.93162303372269,7.0,312.072384035652,27.0,0.0407216823365451,9.78886123190383,14.0,,2.0,0.1637992253809145,0,Budget Shoppers
CUST_00320,19.0,46728.74716270932,South,mobile,15.16554999682442,11.0,48.13219190008292,30.0,0.254968187412021,9.379106285036237,40.0,0.4090268012913001,1.0,0.1959567266999689,0,Budget Shoppers
CUST_00321,18.0,52334.11515864152,West,online,2.272880251199193,4.0,27.00698956770878,33.0,0.314290466861063,3.7022186354313753,100.0,0.4333973988803936,2.0,0.1409589642958181,0,Budget Shoppers
CUST_00322,65.0,41951.99668558575,West,online,34.10191724852452,4.0,18.89483498414768,25.0,0.0377243651960739,1.243824301212168,77.0,,0.0,0.2746905237881397,0,Budget Shoppers
CUST_00323,29.0,40153.30929517794,Central,online,7.317912931637579,6.0,65.20372959037546,35.0,0.1809281546365975,9.849462540405318,50.0,0.1113211506598228,0.0,0.516057873019862,0,Budget Shoppers
CUST_00324,22.0,78554.81441026709,West,mobile,29.46119645347172,2.0,227.6348984081025,21.0,0.0661776637063946,4.373386102036443,75.0,0.1608784794134905,3.0,0.3190599913367584,0,Budget Shoppers
CUST_00325,54.0,81092.39191292759,East,mobile,47.08170954595328,9.0,248.95464647416705,30.0,0.1231259099605599,3.9038687615398,32.0,0.3871089642948597,3.0,0.1440340393905547,0,Budget Shoppers
CUST_00326,49.0,27628.046404556997,Central,mobile,53.5781310631676,7.0,8.0,33.0,0.0911710981272967,0.2183187244681246,69.0,0.2034424711246478,0.0,0.2672172843233794,0,Budget Shoppers
CUST_00327,72.0,12000.0,North,mobile,12.57570006092206,7.0,30.5170681818217,22.0,0.3767134481187786,8.710476961655703,81.0,0.3319443914507231,1.0,0.311877879740078,0,Budget Shoppers
CUST_00328,,81394.24669056048,South,mobile,25.141481368152306,3.0,29.524851598309837,29.0,0.1868954131425602,3.2888187039104797,66.0,0.130972320053837,3.0,0.2376840034343626,0,Budget Shoppers
CUST_00329,58.0,30966.390791852973,South,online,33.9544444359644,9.0,229.15944761002072,35.0,0.0594488267516553,5.230467377096904,96.0,0.4163539159359452,2.0,0.0965199320226811,0,Budget Shoppers
CUST_00330,52.0,62680.38644611428,South,store,59.917119567541015,5.0,79.21465784864525,31.0,0.1248453196532214,10.79754313504128,87.0,0.1902686583547368,2.0,0.3563936216202721,0,Budget Shoppers
CUST_00331,36.0,23555.218793379216,East,online,50.1521742609952,13.0,59.733888172024166,26.0,0.0858551246496716,1.5036810040096902,5.0,0.2044474792397108,1.0,0.291825571078236,0,Budget Shoppers
CUST_00332,65.0,86550.60967571278,North,online,154.72779545479793,4.0,407.8661061879434,28.0,0.0375802250890194,0.4564689443124661,40.0,0.2126901719468299,1.0,0.1879421805848529,-1,Noise / Outliers
CUST_00333,33.0,113960.6936966336,Central,mobile,1.0,7.0,337.3555269833344,29.0,0.0242446514273179,6.726097783760407,38.0,0.2349655285020924,2.0,0.1939297003128431,0,Budget Shoppers
CUST_00334,20.0,62021.75200251741,Central,online,20.137088064830632,5.0,75.401173303341,30.0,0.065182581254445,8.39824348995042,72.0,0.3608596187869146,1.0,0.2000194729174212,0,Budget Shoppers
CUST_00335,37.0,55929.74173389063,South,store,10.352091380856738,11.0,17.855040047226726,25.0,0.177906669275873,6.338045291630774,91.0,0.1363113824752684,2.0,0.1127949576191683,0,Budget Shoppers
CUST_00336,41.0,50912.92934581859,North,online,4.469927975671775,5.0,24.38011288634025,26.0,0.2994875121169847,4.07493117110357,62.0,0.1512065082471613,0.0,0.2704755521491482,0,Budget Shoppers
CUST_00337,71.0,75199.58484888406,North,store,84.8724079559386,8.0,15.45414544364514,33.0,0.1499887067673218,4.3371676208328775,2.0,0.3684292482171962,2.0,0.2273587884371884,0,Budget Shoppers
CUST_00338,73.0,70489.10852056088,North,store,216.85365717223115,9.0,148.33132090033257,28.0,0.1506830582037509,1.7957768172308617,40.0,0.1473166505968032,1.0,0.2981029612379077,0,Budget Shoppers
CUST_00339,50.0,80076.96597816302,West,store,6.971240009558211,7.0,105.16714933145268,42.0,0.1990549509151621,3.740586815921042,71.0,0.1731382792499757,1.0,0.1299458228168651,0,Budget Shoppers
CUST_00340,41.0,44185.83650284218,West,store,1.3717004733285365,9.0,105.73982857186324,20.0,0.072450164324692,9.106630315712964,50.0,0.1952900538183397,1.0,0.368506336014086,0,Budget Shoppers
CUST_00341,69.0,65482.58954090219,South,store,11.25805545188076,13.0,13.46276807035765,27.0,0.2268721285675182,5.989692720466876,22.0,0.2764694917443378,0.0,0.418313507162998,0,Budget Shoppers
CUST_00342,28.0,46065.702532463685,North,mobile,63.03406531975544,9.0,204.92753563941108,30.0,0.058318635321437,10.68909155026942,7.0,0.3011810922463918,0.0,0.338542635388683,0,Budget Shoppers
CUST_00343,66.0,34730.2557424588,North,online,12.179452743075416,10.0,99.70358575147752,30.0,0.1263931833953774,2.016018665147496,73.0,0.4016359998871857,2.0,0.5407783310592119,0,Budget Shoppers
CUST_00344,25.0,57097.6607379238,Central,online,2.05045845388764,8.0,12.398918734687294,19.0,0.1480516377822712,5.309071600872603,35.0,0.3178441440000707,1.0,0.3266095997548806,0,Budget Shoppers
CUST_00345,53.0,37704.7199317042,Central,mobile,1.8872032526721387,8.0,178.73477471722515,36.0,0.1946536430490748,8.419295514255634,24.0,0.3528023178481979,1.0,0.4372003316189676,0,Budget Shoppers
CUST_00346,55.0,83821.99395033694,South,store,19.516269836749945,13.0,517.2869525494157,23.0,0.1447568129017512,3.2674525558191685,36.0,0.453844506842102,3.0,0.3929125849722049,0,Budget Shoppers
CUST_00347,,39037.75168365189,North,mobile,93.99907846948784,8.0,75.6507408802298,25.0,0.0319691267202255,3.202152861416413,53.0,0.2863047372961638,3.0,0.3990046336444113,0,Budget Shoppers
CUST_00348,37.0,65998.01069512192,South,store,11.786631380124076,8.0,15.977987218588607,30.0,0.1556896168284949,1.267223383699135,82.0,0.1455192126410934,1.0,0.4126135225602859,0,Budget Shoppers
CUST_00349,52.0,44724.70942728611,Central,store,19.500067461249436,8.0,13.89912440827929,20.0,0.0727466351205905,10.715174193910904,26.0,0.3532592146418983,2.0,0.1831707937130516,0,Budget Shoppers
CUST_00350,65.0,,Central,online,3.762902500498382,12.0,8.0,27.0,0.151266680499554,2.070345332394765,79.0,0.1076762344656161,2.0,0.7504172720104533,0,Budget Shoppers
CUST_00351,42.0,46472.07538398216,West,online,23.81311393381179,5.0,191.2831104119865,17.0,0.1174500206959037,11.641524641989442,56.0,0.3481156550655923,0.0,0.5931601890125758,0,Budget Shoppers
CUST_00352,52.0,30341.351953134177,South,online,41.73850633011562,6.0,153.9425466476793,27.0,0.0180169757733268,5.386054056306014,86.0,0.1188551316236855,2.0,0.3843094432945903,0,Budget Shoppers
CUST_00353,42.0,68643.00030094059,South,online,11.070073875217144,6.0,114.09390200757475,21.0,0.1840849524546298,11.781426093476432,89.0,0.3517725363965192,0.0,0.2311147713858835,0,Budget Shoppers
CUST_00354,46.0,52820.85631790912,North,mobile,12.319573526270116,7.0,,33.0,0.216225000284028,0.4842408083721627,43.0,0.3168607136981592,3.0,0.2821724252469455,0,Budget Shoppers
CUST_00355,35.0,64291.668695894106,North,store,64.57507669891368,7.0,943.9436425051406,26.0,0.0400573813007508,6.805117032167066,89.0,0.1457286500157872,3.0,0.2695130251930424,0,Budget Shoppers
CUST_00356,63.0,48565.45541613037,West,mobile,1.0,9.0,66.80833539966343,27.0,0.071351513313514,8.29006684456936,41.0,0.378403339000064,2.0,0.0156411023932392,0,Budget Shoppers
CUST_00357,35.0,28785.396697094056,East,online,35.41633912424025,9.0,159.0589295276187,22.0,0.0955261783304867,6.196188305280901,89.0,0.3713382043575174,3.0,0.1579082871515219,0,Budget Shoppers
CUST_00358,19.0,81829.92913523765,East,online,17.523972887668965,9.0,61.55086500920879,20.0,0.164423372139837,6.841233533586775,38.0,0.2040052736510624,1.0,0.1782525368941562,0,Budget Shoppers
CUST_00359,71.0,74208.67061970395,East,online,12.402742240861445,10.0,56.41400915922295,30.0,0.0351908212828825,6.460802752821805,89.0,0.1056829880447406,0.0,0.1448447979143501,0,Budget Shoppers
CUST_00360,52.0,45526.85853782864,South,mobile,37.51151675496239,12.0,247.42547107048597,29.0,0.3134601613864129,1.7934859309784963,7.0,0.4563934614147737,2.0,0.2937130923725757,0,Budget Shoppers
CUST_00361,33.0,59535.14269697356,South,online,62.99310015216816,6.0,111.1641636489728,16.0,0.087261668827628,6.382891804242347,40.0,0.3272628658110685,1.0,0.3506283598836503,0,Budget Shoppers
CUST_00362,58.0,80924.42862958461,Central,online,28.60665260817054,10.0,16.708967050807583,33.0,0.1520552705027989,6.500757151575214,24.0,0.3930899727017833,1.0,0.1549755569270715,0,Budget Shoppers
CUST_00363,53.0,47945.15661102727,South,online,1.1055912323187325,7.0,67.17137146807681,27.0,0.2260134822891177,4.266979400516847,83.0,0.5354215017877206,2.0,0.1692306792343046,0,Budget Shoppers
CUST_00364,50.0,51358.54088580786,South,online,21.65745083501166,12.0,207.00631070025665,28.0,0.1429358685121589,7.289802067974731,22.0,0.3805415428842071,1.0,0.0879015369191124,0,Budget Shoppers
CUST_00365,21.0,63359.91500016222,South,store,21.74585864231723,3.0,365.7393178623767,26.0,0.057751363001879,4.942849257522873,46.0,0.3286394766978733,0.0,0.0438377986534991,0,Budget Shoppers
CUST_00366,50.0,47899.99660179911,West,online,27.468723440106142,10.0,123.89359668884312,35.0,0.0496789341565868,9.06185849759543,23.0,0.1680008895605006,0.0,0.0873145464677145,0,Budget Shoppers
CUST_00367,31.0,76856.02393371449,South,online,38.90504153124599,8.0,65.15964140988541,32.0,0.046719765050398,0.4585214529210843,84.0,0.1928252057871338,1.0,0.1088059348710781,0,Budget Shoppers
CUST_00368,38.0,54284.182833236366,North,online,1.0,6.0,37.74273888275302,32.0,0.075649210837582,0.1194108837240914,84.0,0.3639311141914751,3.0,0.2581091705636441,0,Budget Shoppers
CUST_00369,65.0,40751.21075013257,North,online,24.401319336768783,11.0,71.26891348103112,32.0,0.0360821377568233,6.2870512914298455,7.0,0.2546114306722407,0.0,0.2823559449657858,0,Budget Shoppers
CUST_00370,37.0,71390.05425722788,Central,mobile,31.061772764595368,11.0,108.40894057947416,20.0,0.1564868019467616,11.87067632807532,34.0,0.3504608490810194,2.0,0.7008524766474129,0,Budget Shoppers
CUST_00371,73.0,32873.12571251037,West,mobile,14.721324942587078,8.0,8.0,31.0,0.0932365365208432,5.345533846419361,11.0,0.2072956075064866,2.0,0.7888612863821413,0,Budget Shoppers
CUST_00372,25.0,102327.3283447327,North,online,38.6302348491342,5.0,40.67715334017594,18.0,0.0617337527478884,0.1425501594020595,43.0,0.210781702551303,0.0,0.7444960584943332,0,Budget Shoppers
CUST_00373,24.0,92814.91999876444,West,mobile,9.065033564771015,12.0,144.7247054989478,27.0,0.3507863278675533,3.805270968251905,72.0,0.6267392696257357,0.0,0.2957259401515391,0,Budget Shoppers
CUST_00374,20.0,69296.90049226233,West,online,13.363199907383166,7.0,145.4046829753696,31.0,0.1486062098921423,5.607010751768646,11.0,0.1044532218086863,0.0,0.419128221218139,0,Budget Shoppers
CUST_00375,34.0,67445.28248003784,Central,mobile,115.15864148169638,15.0,137.5984832779982,29.0,0.1219559780128686,10.813550918657864,43.0,0.0505069082300822,2.0,0.2622483061753081,0,Budget Shoppers
CUST_00376,50.0,66413.71119202457,West,online,14.973652877716695,13.0,389.295417197575,22.0,0.1732518816868572,1.455389083683225,25.0,0.2031190155532856,2.0,0.3946606277042448,0,Budget Shoppers
CUST_00377,65.0,47239.91470978405,South,online,14.8894936324842,7.0,109.27716691755217,29.0,0.0321356964178204,11.092681735210672,31.0,0.4604739332186724,0.0,0.1313971122558707,0,Budget Shoppers
CUST_00378,29.0,64540.81220497853,West,mobile,31.69425727711175,12.0,40.86397653486446,36.0,0.127719184631402,11.28183994969382,26.0,0.1957548001670986,2.0,0.2209863353251504,0,Budget Shoppers
CUST_00379,68.0,37691.08256992734,Central,store,123.88631906526574,6.0,217.00318791593497,28.0,0.1175410629106438,7.691486960677937,74.0,0.1883165818852007,2.0,0.3489922533847004,0,Budget Shoppers
CUST_00380,39.0,69084.00520568399,Central,mobile,142.77498485990972,7.0,64.12589214381342,35.0,0.0825172729842743,2.7021930509858727,97.0,0.4161569739955302,0.0,0.2575586931860828,0,Budget Shoppers
CUST_00381,72.0,77092.6327466885,Central,online,30.334028442430785,5.0,35.55548954369859,28.0,0.0160634105468674,6.440499607670868,71.0,0.475805247768928,3.0,0.0730612022824487,0,Budget Shoppers
CUST_00382,39.0,49682.10577836664,North,online,1.0,6.0,105.77048729745854,17.0,0.0552623275509941,9.799805239482213,100.0,0.5298070323945097,0.0,0.1905007582667066,-1,Noise / Outliers
CUST_00383,63.0,44907.760528596176,South,store,80.82102869497834,10.0,44.34706596330179,32.0,0.1946589967651555,4.296564270093366,45.0,0.2361498854171318,1.0,0.4722883636601465,0,Budget Shoppers
CUST_00384,47.0,31325.505457745985,North,online,29.55832703156477,16.0,65.57799038954714,32.0,0.0978163448843345,10.863740607443852,58.0,0.2052716603475592,3.0,0.3121065547641082,0,Budget Shoppers
CUST_00385,55.0,90075.0151384452,East,online,15.949523079109488,4.0,153.5847147376898,35.0,0.3215520549263994,1.0430706520982025,64.0,0.4495802731926118,2.0,0.5028772952837403,0,Budget Shoppers
CUST_00386,55.0,46655.39125547135,South,online,61.85317423767576,13.0,716.1145506948916,22.0,0.0957544357113656,3.686211635709648,20.0,0.5062943133361033,1.0,0.1584271691715382,0,Budget Shoppers
CUST_00387,62.0,53627.74120763429,West,online,17.86912499149188,11.0,134.5346211882215,33.0,0.270896950282383,11.918374938033503,79.0,0.343397455118826,2.0,0.2823939072907666,0,Budget Shoppers
CUST_00388,68.0,64603.42286990596,Central,online,1.212313147572751,6.0,42.07150435725306,24.0,0.1549999691973181,7.006490991760618,80.0,0.272442667060232,3.0,0.1220928027048155,0,Budget Shoppers
CUST_00389,71.0,64208.56814357856,East,online,60.22705623644905,8.0,12.32691113476089,40.0,0.1181544047568625,7.0841004335599065,99.0,0.3714866488971766,0.0,0.118362962431176,0,Budget Shoppers
CUST_00390,25.0,74424.32210498354,South,online,27.62719538253026,12.0,58.417614192953785,21.0,0.0724872333993669,2.8784409410021445,62.0,0.27502087643669,1.0,0.3003960653873369,0,Budget Shoppers
CUST_00391,44.0,49654.74176355677,North,store,14.444730008350977,11.0,8.0,38.0,0.057357886447277,10.290688441827395,61.0,0.4505066931623931,2.0,0.1952511437329434,0,Budget Shoppers
CUST_00392,44.0,32949.30535363991,Central,online,10.110541560212289,13.0,81.2539257720077,29.0,0.222443918948062,5.1489816687207925,85.0,0.1766492375556617,1.0,0.4104225857737949,0,Budget Shoppers
CUST_00393,51.0,29099.363202609045,North,online,31.53161813686433,14.0,140.2390494392248,28.0,0.119601659902756,9.522457272825005,54.0,0.3385164356069884,0.0,0.3828528821851639,0,Budget Shoppers
CUST_00394,38.0,45256.38487745738,South,mobile,8.163975750525115,7.0,93.21284433253814,31.0,0.2035398009121784,9.728209755920233,35.0,0.177736128296889,1.0,0.2383398347231911,0,Budget Shoppers
CUST_00395,47.0,37059.28955715827,South,mobile,13.696957583663952,10.0,260.5945961511016,30.0,0.2006064081573692,2.09828701769772,34.0,0.3747468988239804,0.0,0.0778440555780697,0,Budget Shoppers
CUST_00396,50.0,51320.43248322932,East,online,35.422077867463415,9.0,88.57128806806712,30.0,0.1736045094870928,6.021454479610217,1.0,0.3144992076864314,3.0,0.0368498558501457,0,Budget Shoppers
CUST_00397,45.0,86766.73383671962,West,store,74.66261241910505,12.0,80.67844213250221,23.0,0.2007257091671541,4.6078878736522855,9.0,0.2300097317663858,2.0,0.522021005098425,0,Budget Shoppers
CUST_00398,64.0,49699.87947055885,North,online,26.641692211398663,7.0,48.17747167033019,34.0,0.1377478982037042,1.8581481295858169,94.0,0.1164965599361696,0.0,0.2588049481449145,0,Budget Shoppers
CUST_00399,50.0,49691.68105063975,East,store,49.81899753927819,7.0,236.311041056768,23.0,0.2675409298005183,1.480757235621216,21.0,0.3337551051032172,1.0,0.1049077750237659,0,Budget Shoppers
CUST_00400,22.0,57639.226922372654,Central,online,50.398280891954094,12.0,304.10058801229377,32.0,0.329880808965671,0.5495942563133798,82.0,0.5438695314014597,2.0,0.6353821480107958,-1,Noise / Outliers
CUST_00401,65.0,49076.25019333455,West,online,38.20943366802606,13.0,495.69335747683294,21.0,0.0782483266855642,8.42356174246327,22.0,0.1188390912867533,2.0,0.4759659926525543,0,Budget Shoppers
CUST_00402,36.0,56517.39281419973,East,store,9.87519846938302,2.0,516.6690151099815,34.0,0.2304572593229952,9.385807825764385,90.0,0.3758870475936348,0.0,0.3943608291863388,0,Budget Shoppers
CUST_00403,21.0,69899.12289458963,North,mobile,70.55362737733154,7.0,511.34614079725935,22.0,0.0617069309453284,5.656665166102132,76.0,0.2980731246896493,1.0,0.3274438941892853,0,Budget Shoppers
CUST_00404,,77464.5232047929,South,online,20.061646433353992,8.0,161.80477960009566,33.0,0.0733134206784726,6.767033817922262,31.0,0.4206163904066369,2.0,0.1407138554238695,0,Budget Shoppers
CUST_00405,66.0,80070.69039425852,Central,online,1.5826241787772315,15.0,107.51365623101628,30.0,0.1710826333000314,3.1439493106875247,37.0,0.139863462512046,1.0,0.1706480984907539,0,Budget Shoppers
CUST_00406,34.0,103250.74885608244,North,online,9.818362452755643,5.0,24.590569933680868,32.0,0.1871639568195897,8.577605132808639,100.0,0.2878219575307283,4.0,0.1130813619035124,0,Budget Shoppers
CUST_00407,61.0,70525.90781579363,West,mobile,50.76770696228286,9.0,189.4084421939794,25.0,0.1053523364586448,7.007479686243822,48.0,0.6486105733152215,1.0,0.5251126762279344,0,Budget Shoppers
CUST_00408,45.0,107158.5358296848,West,online,2.507373043378036,8.0,172.58452622173587,23.0,0.0538416367978182,10.587792119163726,2.0,0.3371871452993878,0.0,0.4699289142429795,0,Budget Shoppers
CUST_00409,47.0,40917.40022268785,South,online,5.579805819601753,8.0,240.2021430456092,22.0,0.0172276043643177,8.95377226879732,16.0,0.2131278654120057,0.0,0.3056015508592265,0,Budget Shoppers
CUST_00410,46.0,104008.26785334088,South,online,41.47190882695618,15.0,80.69561510255983,21.0,0.1302589088759283,0.2272250113516727,50.0,0.2815496827175435,0.0,0.3949645158380012,0,Budget Shoppers
CUST_00411,63.0,49631.72680716902,Central,mobile,78.0920857527035,3.0,289.83943001978207,37.0,0.141477947283559,9.718198228019888,23.0,0.1022034041653977,1.0,0.3460699304746082,0,Budget Shoppers
CUST_00412,70.0,51795.58352321322,Central,store,35.15364954182942,7.0,164.8715075508127,28.0,0.3412357543469924,0.3255532392801772,99.0,0.3899259894087555,2.0,0.1396048107894361,0,Budget Shoppers
CUST_00413,23.0,55362.80395669679,South,mobile,8.799102549227259,8.0,24.39922248032947,32.0,0.1584465352357126,9.766146680776384,6.0,0.1704024135405752,1.0,0.2261078218979864,0,Budget Shoppers
CUST_00414,52.0,53190.34435450791,South,online,1.9212620449225375,5.0,30.13535152050712,31.0,0.0522558240989801,11.847212113450258,61.0,0.1533471627005113,1.0,0.285948837578043,0,Budget Shoppers
CUST_00415,58.0,59888.48872798307,West,store,33.419427461043206,3.0,218.84683048956643,23.0,0.0392403692719849,5.770542498810846,36.0,0.1613803263418686,2.0,0.8141105719533479,0,Budget Shoppers
CUST_00416,,45239.38394525433,South,mobile,1.6995544225647443,11.0,72.09694619819031,30.0,0.163932058155635,2.7227715657669984,22.0,0.3984750278821979,1.0,0.6409139950458187,0,Budget Shoppers
CUST_00417,41.0,,East,store,33.2014421097237,11.0,37.22769265447992,32.0,0.0525881263049893,0.1148546300078421,62.0,0.2590851928012786,1.0,0.0713556448658702,0,Budget Shoppers
CUST_00418,46.0,45837.62923833405,North,online,8.94742956809893,8.0,71.39331083421037,38.0,0.152932583079097,1.8035160274988635,11.0,0.3426787674780421,1.0,0.1288894324688708,0,Budget Shoppers
CUST_00419,66.0,72423.42876156361,South,online,82.25925853398974,12.0,22.87933606739272,29.0,0.1453301719448209,6.045384551045329,98.0,0.3180915886648073,1.0,0.2149504220501528,0,Budget Shoppers
CUST_00420,63.0,91609.91962952282,Central,mobile,22.55867401812442,15.0,289.0145527232779,25.0,0.0829830563612772,9.679030133223408,85.0,0.264774158097127,1.0,0.4481356658738483,0,Budget Shoppers
CUST_00421,,50143.74786422972,East,online,8.873319819966651,7.0,9.649555472791118,35.0,0.1083535883429153,10.457737029529111,77.0,,2.0,0.5134611932052024,0,Budget Shoppers
CUST_00422,48.0,75476.43519554191,Central,mobile,67.14091052049056,14.0,56.65170405822416,29.0,0.0610874967345751,8.202730790148227,45.0,0.1766279375262253,1.0,0.1315431863010784,0,Budget Shoppers
CUST_00423,52.0,70301.50435587007,East,store,10.257699581718136,11.0,105.82321199560742,23.0,0.1636204795446406,1.041851604845999,82.0,0.5042261413367033,5.0,0.1707331572343748,0,Budget Shoppers
CUST_00424,50.0,107563.5114088345,South,store,12.815141987370923,14.0,268.92642743162577,27.0,0.0979490471366517,11.896127535523592,56.0,0.6657823063964847,2.0,0.2102884193686606,0,Budget Shoppers
CUST_00425,69.0,46893.7275734111,North,store,62.91050444618901,9.0,197.75509487378145,40.0,0.251442774832337,8.96524783607039,45.0,0.4884688683064248,0.0,0.3729130363519528,0,Budget Shoppers
CUST_00426,38.0,75491.57556972725,Central,mobile,12.926008570964518,10.0,8.0,28.0,0.1350942711508685,5.117485962724643,44.0,0.4026420072798075,3.0,0.3220988676300604,0,Budget Shoppers
CUST_00427,49.0,22227.755980915837,East,online,18.47686244532154,11.0,226.7704750696348,36.0,0.1385927197891261,9.764106529976004,94.0,0.5109426172224508,0.0,0.2191650104168936,0,Budget Shoppers
CUST_00428,40.0,47091.11496379011,West,online,14.95193257494646,5.0,132.13756346369522,29.0,0.2859560742560373,7.062874844302824,88.0,,4.0,0.291804439436397,0,Budget Shoppers
CUST_00429,50.0,65774.64242713197,South,online,4.331290849746834,8.0,18.605369440596803,30.0,0.2493101257289185,7.233391710564724,1.0,0.4109996254147259,2.0,0.1845002502463652,0,Budget Shoppers
CUST_00430,20.0,88649.51931997518,North,mobile,1.3885360969264493,6.0,124.92583469054516,30.0,0.1337769947029758,11.655626856874983,28.0,0.2933799366606016,1.0,0.431960516841087,0,Budget Shoppers
CUST_00431,35.0,31029.465970347537,South,online,45.1260354486746,12.0,221.4117798886028,31.0,0.2718704710066646,9.613535928660284,4.0,0.3768897013129492,3.0,0.7263323094031726,0,Budget Shoppers
CUST_00432,42.0,75293.99409630444,West,online,36.260834005682106,11.0,119.80597139272888,28.0,0.0162071843508453,3.1458084830616464,4.0,0.3454562949591765,1.0,0.5091946676164463,0,Budget Shoppers
CUST_00433,59.0,56609.0839573749,North,mobile,11.612848916742925,9.0,918.6388712121988,30.0,0.0893460453504173,2.101895445832647,78.0,0.1267285282907645,0.0,0.1616661865949528,0,Budget Shoppers
CUST_00434,48.0,24526.39162536912,West,mobile,12.264268105160888,9.0,91.94289590159184,22.0,0.0767660100908238,2.0677049284586686,75.0,0.4819058345596817,1.0,0.5056044562084319,0,Budget Shoppers
CUST_00435,,61994.91061087338,South,store,101.51845357115845,8.0,145.3654858050726,14.0,0.0857595760542843,5.45404531216301,87.0,0.2050417263811858,4.0,0.5505718901505673,0,Budget Shoppers
CUST_00436,20.0,95601.54712552064,East,mobile,153.8533985801386,5.0,9.48641204833498,34.0,0.1769035925824109,4.662765286394858,76.0,0.334579107822769,2.0,0.0457016019283739,0,Budget Shoppers
CUST_00437,57.0,33350.70148194443,South,mobile,22.448311006421825,5.0,218.10190623601363,21.0,0.1606372857575685,5.4331422111074925,58.0,,4.0,0.4776336240656665,0,Budget Shoppers
CUST_00438,63.0,55581.37026185596,South,mobile,56.76203392327582,9.0,127.19722241472286,27.0,0.1269628143929844,0.7523719673068556,42.0,0.4419986138722804,0.0,0.3970766459948348,0,Budget Shoppers
CUST_00439,41.0,36293.94233792955,South,store,46.70426499162394,5.0,107.0951834218032,25.0,0.1277540294849816,2.424923377854996,68.0,0.7273298321518429,1.0,0.2349586088853539,0,Budget Shoppers
CUST_00440,67.0,47691.17549797965,Central,mobile,12.349764811874254,10.0,160.39073403262944,33.0,0.2266387786890776,9.570010984362384,65.0,0.1550845154834436,1.0,0.5475298940662087,0,Budget Shoppers
CUST_00441,49.0,89507.74315754193,West,store,2.1121639047291247,14.0,106.8781705291068,33.0,0.2962084315679969,9.091214912450862,40.0,0.3417159896792588,1.0,0.3292382721484727,0,Budget Shoppers
CUST_00442,64.0,52026.46153918959,West,store,5.382989782886706,9.0,189.0674696778205,25.0,0.1012099472876708,4.719740997156546,74.0,0.2505341019868475,2.0,0.4048422059415185,0,Budget Shoppers
CUST_00443,39.0,88834.44622533719,West,store,63.76916458067306,8.0,113.86781346015158,21.0,0.0694140059911165,4.685562454354717,7.0,0.1675181903154405,1.0,0.3756618736405345,0,Budget Shoppers
CUST_00444,40.0,82399.1890544949,Central,online,45.98436798660292,6.0,95.4305732986616,28.0,0.2686321030480054,10.605878502804025,2.0,0.1266631792892525,1.0,0.2215401141458729,0,Budget Shoppers
CUST_00445,19.0,50019.765903342144,East,online,38.20744118854374,6.0,18.856278739190955,33.0,0.0593595076376676,2.182518467946573,87.0,0.2657722363442726,0.0,0.2750891108757151,0,Budget Shoppers
CUST_00446,44.0,46942.81186666289,South,online,4.900284519472167,11.0,82.9840081601431,31.0,0.0900694880482988,4.28657424121285,34.0,0.2471249114431344,1.0,0.2369397758790067,0,Budget Shoppers
CUST_00447,59.0,38288.02625008096,East,online,35.75105559216748,10.0,100.45079756054268,24.0,0.1913508304508988,9.16171204815765,51.0,0.3437834162061022,0.0,0.4768757587245111,0,Budget Shoppers
CUST_00448,19.0,37520.61372774511,Central,online,51.767729786624464,7.0,127.36013691538784,23.0,0.3305957098366081,6.895039050864996,12.0,0.4060563044211343,1.0,0.4120044064168656,0,Budget Shoppers
CUST_00449,43.0,65770.56267917255,West,online,68.96471167370014,12.0,79.11901693928054,31.0,0.2060096732477665,0.7231737544785202,56.0,0.2450384798309717,3.0,0.3368751867487974,0,Budget Shoppers
CUST_00450,34.0,57564.72306527076,South,online,1.0,7.0,20.615115708165128,29.0,0.0942588522288592,0.1418868727967579,76.0,0.3629304632679337,0.0,0.3983431536800833,0,Budget Shoppers
CUST_00451,57.0,44280.680431557455,North,mobile,40.37311893030818,7.0,21.18293234253608,25.0,0.0975621729944701,0.2296132905425678,16.0,0.3871445404340125,6.0,0.347604845275072,0,Budget Shoppers
CUST_00452,50.0,23927.215713287864,North,mobile,1.0,8.0,165.9449466494639,30.0,0.2323837686600756,7.8717884716914845,8.0,0.1265344606657651,0.0,0.3252178136282673,0,Budget Shoppers
CUST_00453,26.0,60335.93289208866,East,online,42.95020764475649,7.0,140.79979691504406,22.0,0.1452475424395144,7.46987502858074,42.0,0.3578103435151804,1.0,0.382614015271784,0,Budget Shoppers
CUST_00454,60.0,47669.85206065067,West,mobile,35.334661082188184,6.0,39.055734768781065,31.0,0.1072118260082029,0.5341375977741212,6.0,0.1076232667569395,2.0,0.1120120837922945,0,Budget Shoppers
CUST_00455,71.0,53703.45069719393,North,mobile,5.620199386788039,6.0,76.7433648497554,25.0,0.0681767037594913,1.5835537517774938,79.0,0.2751189409030875,1.0,0.1929422973201058,0,Budget Shoppers
CUST_00456,65.0,64702.5602313578,East,mobile,50.85341113733007,6.0,47.666348268999165,32.0,0.0990507039792674,8.670703278642604,49.0,0.1650636693201855,0.0,0.4686026349563315,0,Budget Shoppers
CUST_00457,56.0,12000.0,Central,store,2.4778430166505827,9.0,25.96088345112521,34.0,0.1872364335826505,3.71507797548484,11.0,0.2895241624169554,2.0,0.6957041977389735,0,Budget Shoppers
CUST_00458,46.0,24267.95871839925,East,online,61.284804458424674,8.0,51.319826379052806,31.0,0.0560383437299464,11.900225530283844,62.0,0.0135242110210099,3.0,0.3591622892364023,0,Budget Shoppers
CUST_00459,59.0,108521.74768971416,East,online,10.630045467576826,2.0,39.61692622967679,32.0,0.2387502813581993,3.7498158627894567,30.0,0.0915905544371212,2.0,0.4949976320979425,-1,Noise / Outliers
CUST_00460,72.0,46854.56885260841,East,online,40.86201536210824,12.0,11.183095815356534,26.0,0.1191736278549208,4.028243894921625,10.0,0.3400736349270413,1.0,0.3579263902107694,0,Budget Shoppers
CUST_00461,43.0,12000.0,South,online,90.05299282619268,6.0,91.2809075148135,34.0,0.1498679564314863,5.033655370941233,87.0,0.2939681399856116,2.0,0.2943319767355228,0,Budget Shoppers
CUST_00462,52.0,26101.316050642443,East,mobile,14.53386880650338,11.0,77.92793619654438,31.0,0.2968512750593514,9.931875232263591,18.0,,1.0,0.436456060470315,0,Budget Shoppers
CUST_00463,67.0,,East,online,24.46332534578305,9.0,163.00605900418816,26.0,0.2197039768542864,6.687496441436256,62.0,0.3378921572769993,1.0,0.2629365872590522,0,Budget Shoppers
CUST_00464,42.0,42534.05587406352,South,online,21.76919539018667,14.0,125.8905363297158,23.0,0.1705451217128124,10.286948857494677,9.0,0.3588858428513469,2.0,0.3962437853453284,0,Budget Shoppers
CUST_00465,41.0,83498.33538773745,South,online,6.002982669249143,11.0,54.68411446664904,23.0,0.0669671943137867,5.126486616225817,73.0,0.3031510510474552,2.0,0.3854186994468142,0,Budget Shoppers
CUST_00466,30.0,,Central,online,31.23257935662069,8.0,89.15175966528562,36.0,0.0088650787812211,7.299369256649568,6.0,0.1998088255004567,1.0,0.31966950201446,0,Budget Shoppers
CUST_00467,24.0,47330.72517502264,West,mobile,47.55403307118924,12.0,99.84648258876416,29.0,0.0644182554043986,0.0554318142234229,80.0,0.4204129221380239,1.0,0.170229169399965,0,Budget Shoppers
CUST_00468,74.0,75059.80035678804,North,mobile,87.05927026821216,12.0,324.4210245577692,30.0,0.4254244621519262,6.906573495180359,76.0,0.2660483826082216,5.0,0.5393764644370131,0,Budget Shoppers
CUST_00469,53.0,12000.0,North,online,66.58697600427891,7.0,520.0708631512726,33.0,0.060650842970679,0.966272012865684,2.0,0.3029472931961926,3.0,0.3640845899247453,0,Budget Shoppers
CUST_00470,62.0,26295.08236315474,East,online,24.96863036937416,12.0,,30.0,0.0309150123021414,2.3161650499942272,81.0,0.3484969426322495,0.0,0.3236122251104769,0,Budget Shoppers
CUST_00471,37.0,47168.27773292967,Central,online,44.43115808589776,7.0,107.3507630770856,35.0,0.1854136560548637,11.970460389941444,26.0,0.5064283226096229,2.0,0.2151774959653284,0,Budget Shoppers
CUST_00472,18.0,28456.10323806862,East,online,56.46769348859657,13.0,342.2346443813674,19.0,0.1555757685288219,7.646157102571101,9.0,0.2569575959528278,1.0,0.1136765117017389,0,Budget Shoppers
CUST_00473,25.0,45222.88865291263,North,store,23.80730354433751,10.0,25.499762654754655,35.0,0.2150515061183293,10.43106451639042,5.0,0.4440773835907404,1.0,0.7603080299813954,0,Budget Shoppers
CUST_00474,63.0,76781.68700502222,South,online,4.29278045538495,10.0,155.00689768244192,21.0,0.1607409756593066,0.687902315024902,92.0,0.3240871916856895,4.0,0.4726094214367007,0,Budget Shoppers
CUST_00475,33.0,60907.00786939158,West,mobile,20.16455842363657,8.0,80.21684531595108,32.0,0.2087974464721014,4.614733634908836,94.0,0.1813611587436792,2.0,0.0574413834744355,0,Budget Shoppers
CUST_00476,31.0,87273.57478121096,Central,store,64.68666366565328,9.0,20.32682549669306,24.0,0.2916380660142119,10.349291138212187,17.0,0.4969594211403431,4.0,0.5430122448096468,0,Budget Shoppers
CUST_00477,29.0,62298.25625573838,South,online,31.777525491792943,7.0,10.164515451440309,28.0,0.2390458885165591,4.929413973668419,62.0,0.1474627233768109,3.0,0.3892388840764223,0,Budget Shoppers
CUST_00478,68.0,79834.13829287958,West,online,45.11558030577695,8.0,85.19603244164247,25.0,0.1285867852677616,3.0435622358605543,47.0,0.0610379374238373,1.0,0.3239236203487986,0,Budget Shoppers
CUST_00479,40.0,56590.453397173056,Central,store,7.171362847775181,8.0,35.500589031575515,22.0,0.1225602314418292,5.7718430598645645,39.0,0.2506140413457323,1.0,0.2385001838732667,0,Budget Shoppers
CUST_00480,32.0,45013.93936608478,Central,store,116.67820791494488,8.0,37.486450568816224,36.0,0.3022614117112768,5.651273518389676,59.0,0.2181051189847829,0.0,0.3876029798098831,0,Budget Shoppers
CUST_00481,45.0,90572.49722192154,North,online,18.117740817587944,6.0,50.17759287534307,30.0,0.0902673911470676,11.88823143385019,83.0,0.3659597569328908,1.0,0.2763239007561517,0,Budget Shoppers
CUST_00482,51.0,42394.29366540653,South,mobile,37.1092279534771,8.0,164.72827790322236,27.0,0.0499777296867116,4.254052246912995,6.0,0.5287486734867113,1.0,0.1639421790529692,0,Budget Shoppers
CUST_00483,19.0,65564.58610873458,Central,store,1.0,6.0,23.300400569413117,31.0,0.306304171093555,11.488163991721327,68.0,0.218809065659292,1.0,0.2119447183038176,0,Budget Shoppers
CUST_00484,49.0,74915.7419909384,Central,online,4.766492397814029,11.0,164.35569452936176,29.0,0.0891163185608069,10.944392336039533,38.0,0.2493973545768296,3.0,0.6796980317092468,0,Budget Shoppers
CUST_00485,40.0,76512.83949835885,West,store,53.31961004501027,14.0,198.44786992026147,24.0,0.1296783099345398,5.394132891691132,56.0,0.137604956105951,1.0,0.3351190474173928,0,Budget Shoppers
CUST_00486,39.0,32360.26125515957,North,online,120.43727514868613,1.0,117.33609191262909,29.0,0.2164549927698244,11.339773338885673,14.0,0.2078572317664884,1.0,0.1488147656698769,-1,Noise / Outliers
CUST_00487,68.0,81142.90892822185,East,mobile,13.50103610166012,4.0,36.9759955855766,28.0,0.0929674719992523,8.746544718739413,80.0,0.117422684623259,0.0,0.0895016479714337,0,Budget Shoppers
CUST_00488,42.0,36462.98458564006,North,store,1.3261347352632893,11.0,8.0,27.0,0.0330180353675215,10.62013341685967,54.0,0.147411149957076,1.0,0.2317573636323132,0,Budget Shoppers
CUST_00489,39.0,75835.48041769986,East,store,15.667473002915964,7.0,68.14027109553305,35.0,0.1226240158278251,10.701253721765816,32.0,0.2552829874715095,1.0,0.1437911366170861,0,Budget Shoppers
CUST_00490,39.0,69773.81636308017,South,online,1.0,11.0,244.43010022788957,23.0,0.1814092886372947,1.0255307122996298,31.0,0.3330303052128385,0.0,0.1307097309523457,-1,Noise / Outliers
CUST_00491,66.0,76009.87455915776,South,online,7.477927623214946,7.0,13.967297812180735,33.0,0.1334178546335539,10.761898036258971,69.0,0.2047286641781451,0.0,0.5590193951574882,0,Budget Shoppers
CUST_00492,69.0,,Central,mobile,48.86810715064013,13.0,177.5576805257031,34.0,0.1434697399355454,5.874967324845587,17.0,0.1474889089826811,0.0,0.326839186563586,0,Budget Shoppers
CUST_00493,59.0,70934.45434015662,South,mobile,96.81086388635502,10.0,82.01760882159516,32.0,0.1799019712406976,7.6444278754302815,4.0,0.0542952231381588,1.0,0.3919748832245053,0,Budget Shoppers
CUST_00494,23.0,,Central,mobile,3.202898899558164,6.0,297.8278418755914,26.0,0.0683062567429661,3.606209807665348,88.0,0.3721701351426494,1.0,0.2588454447219395,0,Budget Shoppers
CUST_00495,32.0,62254.70722955829,North,store,28.567732891868182,11.0,57.24734689533781,22.0,0.1351197003724132,7.746230405091379,6.0,0.6374151059698181,2.0,0.2268256814120991,0,Budget Shoppers
CUST_00496,71.0,39990.43304869931,South,store,10.250448874348209,6.0,158.59075294892045,30.0,0.1768571516333482,0.3249414403130126,64.0,0.2423863904043507,0.0,0.1825946915164683,0,Budget Shoppers
CUST_00497,60.0,78234.44751521578,North,online,5.240530679491143,6.0,175.17927616939443,31.0,0.1879569414384651,4.454161936859359,30.0,0.2594967997117128,1.0,0.1279697175898413,0,Budget Shoppers
CUST_00498,54.0,60506.23181821694,North,online,8.65041854682621,5.0,28.804350663573697,29.0,0.1933400430966872,7.543066150070096,75.0,0.3584592905856424,4.0,0.5062719525953744,0,Budget Shoppers
CUST_00499,50.0,21162.22619579069,South,online,30.17660348758209,7.0,22.37947089269665,34.0,0.2458817636885752,2.362476428036226,91.0,0.5922297704957163,1.0,0.6314298296527183,0,Budget Shoppers
CUST_00500,25.0,38283.83182903347,North,mobile,2.357341414849307,8.0,12.65113888388223,27.0,0.2108591865982559,8.071460129972056,9.0,0.4771028550950875,3.0,0.2999140653219267,0,Budget Shoppers
CUST_00501,70.0,46421.52031300658,South,mobile,19.93416206914401,10.0,157.203961362389,20.0,0.1425807203785193,9.94658159452821,24.0,0.2316814861880582,1.0,0.1942947404363443,0,Budget Shoppers
CUST_00502,61.0,91128.00232807244,South,mobile,5.085122639030796,8.0,103.27278245676852,30.0,0.2220270078556989,0.4480472811107479,20.0,0.3862869982242076,2.0,0.2144761995740189,0,Budget Shoppers
CUST_00503,61.0,87264.0278987367,South,online,11.143463819074732,6.0,11.792484616346949,35.0,0.1870603582915655,7.247396468014079,13.0,0.1199599867346637,1.0,0.0668351271677464,0,Budget Shoppers
CUST_00504,22.0,87193.30768324687,East,online,7.40784577771514,10.0,47.92480121138488,24.0,0.0528617661129282,6.967522497124059,55.0,0.1919179628466983,1.0,0.5944910255098574,0,Budget Shoppers
CUST_00505,56.0,63111.92610904506,North,online,75.08801870330026,10.0,19.962151718303563,23.0,0.0707565974916672,9.38500781341229,92.0,0.2481996511496,1.0,0.1966256783814722,0,Budget Shoppers
CUST_00506,21.0,78099.08541914239,West,mobile,43.08640986371733,6.0,12.643956938099018,40.0,0.1934448695534255,8.370115365730639,95.0,0.1946588066385799,1.0,0.2528498163590689,0,Budget Shoppers
CUST_00507,23.0,,South,online,70.99623639868277,9.0,46.13973050108558,30.0,0.3358421960266289,5.4554403602435215,96.0,0.1919736665863392,2.0,0.1070876547056508,0,Budget Shoppers
CUST_00508,62.0,58149.66816464096,North,online,16.927283576021296,6.0,13.162944487298368,25.0,0.107964607390272,4.254261231186453,99.0,0.1358566204072795,3.0,0.4712667332680027,0,Budget Shoppers
CUST_00509,49.0,67935.91943629112,Central,online,13.160800219593575,13.0,39.17634206944751,24.0,0.1491989363970839,11.8277877567961,19.0,,2.0,0.2381000052936562,0,Budget Shoppers
CUST_00510,69.0,34352.22073919936,South,mobile,16.76441683908301,11.0,104.59392044816774,27.0,0.1318298059621936,6.021331587416654,47.0,0.105021237293462,1.0,0.2499802115732451,0,Budget Shoppers
CUST_00511,47.0,62618.065972121134,South,online,1.0,10.0,106.99489863674918,34.0,0.0556494004700624,4.895148071446393,71.0,0.4127705618841588,1.0,0.2909953298474856,0,Budget Shoppers
CUST_00512,64.0,95106.06208769558,West,store,45.14682886028432,5.0,23.91032847132098,26.0,0.1634655167260246,11.916014008866677,67.0,0.0914421099161387,2.0,0.3576041151825614,0,Budget Shoppers
CUST_00513,52.0,70292.93526033379,East,mobile,15.065151886263733,8.0,27.556499505063226,24.0,0.0755829077092659,2.166024871119095,40.0,0.4782273777388526,1.0,0.1213428685195667,0,Budget Shoppers
CUST_00514,72.0,78185.99454661066,East,mobile,13.156234968684387,9.0,251.00731148306448,29.0,0.4223047107637726,2.23359959253054,94.0,0.4551483148101458,2.0,0.3234820566660731,0,Budget Shoppers
CUST_00515,,12000.0,South,mobile,31.90789562897886,9.0,23.74365332043488,31.0,0.0944845125029296,11.717670298911598,58.0,0.2829323782822162,1.0,0.1507138620346541,0,Budget Shoppers
CUST_00516,69.0,92275.31468136434,North,online,20.06004810435368,8.0,8.0,37.0,0.1478248935978877,7.892283849588976,31.0,0.4974040127470577,2.0,0.6762044903602777,0,Budget Shoppers
CUST_00517,33.0,53905.30834945227,Central,online,138.42872107609392,10.0,36.50403553340258,20.0,0.0863469641080151,6.236867834190812,45.0,0.1731117377185096,1.0,0.4352300792869974,0,Budget Shoppers
CUST_00518,30.0,,Central,store,15.415734384695822,7.0,111.67363928982073,20.0,0.2143103770951798,0.8133111553960899,54.0,0.4295622921830299,2.0,0.4967108808004407,0,Budget Shoppers
CUST_00519,67.0,54157.96726018154,North,mobile,33.30768374771793,11.0,8.0,30.0,0.3186400439831476,4.270333214857226,73.0,0.1794807507572881,2.0,0.1337287088504805,0,Budget Shoppers
CUST_00520,59.0,25329.512517820247,South,store,13.07108069345383,8.0,545.8496433841049,22.0,0.0689771501937157,5.200017042828794,98.0,0.192309384784768,2.0,0.1811206433003049,0,Budget Shoppers
CUST_00521,47.0,81054.72535854713,Central,mobile,163.32790992354518,8.0,34.04321438434878,28.0,0.0106181592553909,6.136847350003205,86.0,0.4568387196948293,1.0,0.2005503438074548,0,Budget Shoppers
CUST_00522,36.0,50621.29409897656,East,online,20.614553673338637,6.0,35.355186351058656,33.0,0.0944683702082143,5.238801012297706,27.0,0.5421620072367184,2.0,0.4419645642737691,0,Budget Shoppers
CUST_00523,34.0,41750.12213542647,North,online,35.191588242510235,10.0,174.43015539546366,23.0,0.2872707708143638,5.257306205961001,52.0,0.311190851843131,2.0,0.1570050838775416,0,Budget Shoppers
CUST_00524,73.0,54302.78855485597,West,mobile,4.742533420990267,12.0,37.083426998014325,23.0,0.0627351258593398,11.938025337016104,55.0,0.163400649117319,0.0,0.1106418451065431,0,Budget Shoppers
CUST_00525,36.0,82596.3444006751,South,online,46.22090609737793,7.0,65.57612549144463,24.0,0.0259289393996491,11.687890380384191,27.0,0.2343710335454387,3.0,0.6186502066550305,0,Budget Shoppers
CUST_00526,45.0,60892.08481718686,North,online,10.977022609078832,7.0,102.06094222919042,29.0,0.2882736740366948,1.034374753110411,97.0,0.182693614168868,0.0,0.041184296406149,0,Budget Shoppers
CUST_00527,72.0,26986.737070263724,Central,store,20.83615854444432,12.0,,24.0,0.1049411887729098,2.0234743416872405,45.0,0.2579026206891316,0.0,0.2128453113955184,0,Budget Shoppers
CUST_00528,43.0,68229.57825430381,South,online,75.13517466817636,11.0,236.0542527248453,27.0,0.0944589511564076,11.299318006929134,43.0,0.0609738150316866,0.0,0.2850071720795539,0,Budget Shoppers
CUST_00529,54.0,37562.44100490225,East,online,123.38013686637636,12.0,93.28071126458306,45.0,0.293869078795495,3.827986623530132,42.0,0.1851635218805926,1.0,0.1990282224297989,0,Budget Shoppers
CUST_00530,43.0,12000.0,South,store,19.342447048053284,12.0,48.78939769404549,23.0,0.2415750116225546,7.338480945894064,6.0,0.2908629762354235,2.0,0.6072881775049881,0,Budget Shoppers
CUST_00531,70.0,90912.15867977792,South,store,63.021509875495866,11.0,66.36110868849588,33.0,0.1073256230635177,9.574364909683638,48.0,0.3360922621506941,2.0,0.1536571290677404,0,Budget Shoppers
CUST_00532,40.0,68059.05724620915,East,online,1.918867305964916,12.0,8.0,21.0,0.2060279496475055,5.650488348275436,58.0,0.4400590832754041,4.0,0.341166596839128,0,Budget Shoppers
CUST_00533,26.0,56278.04539632487,East,store,65.83766847164648,13.0,164.55155606810197,23.0,0.0575423217290335,0.1994254569148155,27.0,0.1087859672464494,3.0,0.2193683590232495,0,Budget Shoppers
CUST_00534,29.0,50396.59067667263,South,store,34.75253931433294,6.0,100.80875685481936,25.0,0.1215158471073598,9.936910298627284,32.0,0.4254164035505294,2.0,0.2633218267679309,0,Budget Shoppers
CUST_00535,70.0,88735.74901613295,East,online,23.47837943859577,12.0,318.93010086057785,15.0,0.1955018848098232,9.074881068791097,38.0,0.2212896244670402,2.0,0.1115794854261912,0,Budget Shoppers
CUST_00536,18.0,125917.41330436492,North,online,77.24307550101071,9.0,81.11606888307928,29.0,0.016866982631797,0.4971838921905456,86.0,0.187838987501682,2.0,0.248892050291611,0,Budget Shoppers
CUST_00537,18.0,67873.17140846336,East,online,65.32778564395133,13.0,229.13774233014632,28.0,0.1877071065673996,10.768457138937036,53.0,0.2029206929660551,0.0,0.5484946240738887,0,Budget Shoppers
CUST_00538,64.0,35348.03698878673,East,mobile,12.33121017036265,8.0,27.125752147614403,32.0,0.2143095550825757,10.284160133274892,77.0,0.3079081099286153,1.0,0.3468199913752655,0,Budget Shoppers
CUST_00539,51.0,54601.75858490453,South,online,54.87161816942971,9.0,8.0,27.0,0.1629237886972425,3.300548423776916,96.0,0.243673424532285,0.0,0.4567334436696637,0,Budget Shoppers
CUST_00540,,67472.59878606908,North,store,3.667826620560613,12.0,385.4514951703672,35.0,0.1447289653967188,0.9616753257906336,27.0,0.3222136445833793,1.0,0.1212549498132287,0,Budget Shoppers
CUST_00541,71.0,12000.0,West,mobile,60.55954579741292,13.0,38.61036732578639,31.0,0.2936479627068962,4.838084773409959,40.0,0.2994287133775367,1.0,0.4340019695239221,0,Budget Shoppers
CUST_00542,65.0,65358.98243911859,West,mobile,39.386654364604006,9.0,233.1241832767328,26.0,0.0845974659856189,10.498830903320387,94.0,0.2167490328035959,4.0,0.354143204314064,0,Budget Shoppers
CUST_00543,42.0,67601.35284884773,Central,store,3.2189056440486445,9.0,38.67610336680557,28.0,0.1163463610197102,5.788953443312754,35.0,0.4418337857596798,4.0,0.3227153824400502,0,Budget Shoppers
CUST_00544,57.0,87179.52835571885,East,store,40.21872575911416,9.0,22.023980803337068,25.0,0.1070596421544768,3.378918174035081,77.0,0.3422141866933398,1.0,0.202691547860514,0,Budget Shoppers
CUST_00545,62.0,,East,online,30.40581969891938,10.0,171.437657735512,23.0,0.2658259092925047,2.7811879848486543,62.0,,2.0,0.5087768258066653,0,Budget Shoppers
CUST_00546,70.0,60445.78752636979,North,online,31.596528846934497,9.0,195.8981683558708,31.0,0.0976197781574051,4.260419495143297,1.0,,0.0,0.0313136806830249,0,Budget Shoppers
CUST_00547,18.0,91322.01194476787,West,mobile,12.029775096606386,10.0,241.2045848930416,29.0,0.1124722162799556,11.927391218195345,27.0,0.2446151275341491,2.0,0.1809428285389884,0,Budget Shoppers
CUST_00548,33.0,102784.92301885264,Central,online,10.847335243837822,8.0,260.19607278297764,30.0,0.1628430493270238,10.541091445830938,22.0,0.2037739825923281,0.0,0.4733626339258944,0,Budget Shoppers
CUST_00549,56.0,58614.93201537812,North,online,50.32074273325181,8.0,85.7956056475834,20.0,0.2752805390267422,6.5645098769246335,48.0,0.3328925464138164,1.0,0.3310593209178832,0,Budget Shoppers
CUST_00550,22.0,67200.11572629047,East,mobile,10.388288077941032,9.0,,27.0,0.1621108815786657,9.700970569026138,24.0,0.3383189652118959,2.0,0.397373436996104,0,Budget Shoppers
CUST_00551,39.0,19119.458231567325,West,store,20.687242906125576,7.0,180.72310842440237,25.0,0.0681693746576182,3.795257687732691,23.0,0.2727138844547649,2.0,0.0972584251428614,0,Budget Shoppers
CUST_00552,46.0,26078.588226296062,Central,online,41.53631767917262,11.0,109.53070777237168,30.0,0.1094797110781469,7.382530447824152,53.0,0.3376188723947029,1.0,0.4740548698536656,0,Budget Shoppers
CUST_00553,72.0,39559.68109179058,South,mobile,2.903760222519844,6.0,436.8726524608298,28.0,0.2028931504468526,10.473011394969165,35.0,0.4247208546686338,6.0,0.4737167943838601,0,Budget Shoppers
CUST_00554,20.0,48240.39730062483,West,online,31.59638049681464,5.0,61.27447855960469,27.0,0.1479373934322847,4.412235981854435,73.0,0.4506595777633255,0.0,0.2531020434505509,0,Budget Shoppers
CUST_00555,29.0,33885.2934557625,Central,mobile,31.15273814013601,7.0,8.0,21.0,0.0522848230963383,9.604759981523356,27.0,0.1423460066746911,0.0,0.1142624831253674,0,Budget Shoppers
CUST_00556,43.0,57208.10093650068,North,online,40.34579836263139,5.0,115.6874409679689,22.0,0.0395058423816575,7.371874210634821,7.0,0.244824976831734,4.0,0.3132776166459732,0,Budget Shoppers
CUST_00557,33.0,48898.3983111584,South,store,16.167246608587735,11.0,56.6975575269003,37.0,0.1874007956988277,7.384303073126142,24.0,,5.0,0.3190546519894903,0,Budget Shoppers
CUST_00558,68.0,81559.69508947154,Central,online,20.859431698518076,10.0,54.5447099822706,36.0,0.2011572063875126,0.4931565666231265,80.0,0.2612379217028748,1.0,0.0599489851250504,0,Budget Shoppers
CUST_00559,54.0,47554.97979935842,Central,mobile,14.01511186471796,4.0,108.06955788875332,23.0,0.0694906472049515,10.791127501837192,23.0,0.323324623921259,1.0,0.6412993764577197,0,Budget Shoppers
CUST_00560,39.0,12000.0,East,online,57.78978024960624,9.0,331.27203484949354,19.0,0.2023547662239946,9.313729829285046,7.0,0.2374450415333212,1.0,0.3735143600002834,0,Budget Shoppers
CUST_00561,74.0,60766.52579577924,West,online,4.898751791398521,14.0,40.37184614850803,17.0,0.1599983808870008,0.4376617171888539,56.0,0.3567690109810362,3.0,0.2851755506200518,0,Budget Shoppers
CUST_00562,46.0,57687.64346295054,East,online,115.34577747418469,11.0,62.05942188948745,38.0,0.2609566854755493,7.328955365952355,22.0,0.3414231897872917,1.0,0.2848413171438897,0,Budget Shoppers
CUST_00563,31.0,39034.90260910114,South,online,35.259319843700055,9.0,288.43105106565014,33.0,0.0385441903545122,8.950822596061727,93.0,0.1673870133030946,0.0,0.5398566979769952,0,Budget Shoppers
CUST_00564,45.0,60089.99743693481,Central,online,76.28398235176834,12.0,293.26493513019943,31.0,0.0833840206209534,9.54146664317785,20.0,0.2062743457630411,2.0,0.0630972429121022,0,Budget Shoppers
CUST_00565,22.0,34344.17905902063,East,online,19.44352204828918,12.0,34.75451534202705,33.0,0.1936215498848321,1.0625734132525366,6.0,0.2791868039096342,1.0,0.4447810542987165,0,Budget Shoppers
CUST_00566,64.0,65256.47897971354,West,mobile,14.135973697426326,11.0,159.28907678205812,32.0,0.0904708993450481,7.679288752373785,31.0,0.322358794865469,1.0,0.1625096829229933,0,Budget Shoppers
CUST_00567,66.0,115924.33761245671,South,mobile,80.84543818403054,12.0,69.82335997771699,24.0,0.1243339337478963,2.7957110252675834,91.0,0.5510131700852638,0.0,0.3263126421440985,0,Budget Shoppers
CUST_00568,47.0,18276.679596051144,North,online,3.643818809980978,4.0,357.3545093390005,41.0,0.1527570642402156,5.417252351015609,73.0,0.3323240749643142,2.0,0.2329261625864495,0,Budget Shoppers
CUST_00569,63.0,46642.67408579847,East,mobile,4.359303400757757,7.0,171.29892764863322,34.0,0.2465330635010617,6.317458100587011,62.0,0.2665050259476826,3.0,0.1626464249956163,0,Budget Shoppers
CUST_00570,69.0,43116.88732811901,South,online,12.450977091935515,7.0,88.64921339841703,26.0,0.141207414740405,0.3281316237560889,89.0,0.356081235940113,2.0,0.1889194909701211,0,Budget Shoppers
CUST_00571,22.0,,North,mobile,112.46431464840336,7.0,221.0675303085318,35.0,0.0597298616484823,3.594478525413296,42.0,0.3991000887159401,2.0,0.4777174278682,0,Budget Shoppers
CUST_00572,,80438.34075113344,East,online,35.09031386930382,2.0,800.2345320091333,33.0,0.1091060580074607,9.569309616102052,97.0,0.3166147670618544,1.0,0.3529012552051054,0,Budget Shoppers
CUST_00573,33.0,559537.4744401483,South,mobile,28.275475152414717,4.0,77.02182685454004,27.0,0.128836635161172,10.108194956754703,13.0,0.2994708996967352,3.0,0.5782621265725871,0,Budget Shoppers
CUST_00574,43.0,76672.86305734132,South,online,42.769600041503786,11.0,60.791420120517394,25.0,0.1012113386986758,3.960127110646516,27.0,0.5019851698721911,0.0,0.1382304697382222,0,Budget Shoppers
CUST_00575,43.0,58670.90110457916,East,store,18.91338448803106,12.0,121.4248783536184,32.0,0.0564215014563112,5.301569038343327,83.0,0.2934246633125844,0.0,0.3388966602405016,0,Budget Shoppers
CUST_00576,65.0,28913.81496121313,South,online,49.669246334348514,7.0,149.38478060551992,21.0,0.0413182265227503,9.97433827444913,80.0,0.4046112191860078,1.0,0.1795793202858686,0,Budget Shoppers
CUST_00577,38.0,33476.922052280446,Central,online,17.486231795305017,7.0,158.458593535917,26.0,0.0614067904019004,2.409460281253358,47.0,0.2546541836674348,1.0,0.2228661099433804,0,Budget Shoppers
CUST_00578,56.0,74417.71356426502,East,online,61.27763006540452,10.0,83.41598382217101,22.0,0.062413838366305,8.771703670351055,57.0,0.3024350766517968,0.0,0.3356503108821367,0,Budget Shoppers
CUST_00579,53.0,61758.30176509254,South,store,10.885427902392992,10.0,52.5077147092677,36.0,0.0239181975385745,4.887855533656033,78.0,0.3163108373404946,0.0,0.3902586779511917,0,Budget Shoppers
CUST_00580,50.0,85724.56293373444,North,mobile,11.378585449848265,10.0,224.3213764207289,30.0,0.0756448256779741,11.8452470162069,4.0,0.6488973419700106,1.0,0.4401121337800471,0,Budget Shoppers
CUST_00581,,64451.76627142954,North,mobile,25.863136683230337,13.0,412.9193596111238,19.0,0.1926350546154777,7.221376480272472,22.0,0.493602872246273,0.0,0.1655158452574591,0,Budget Shoppers
CUST_00582,54.0,31973.67014669325,Central,store,19.720931163344403,12.0,259.3457061729211,27.0,0.3046819279322376,1.7768788947601195,54.0,0.306145924134906,1.0,0.2539699209005349,0,Budget Shoppers
CUST_00583,40.0,46518.1600879706,East,store,36.55586412211526,9.0,149.08639681973648,28.0,0.1230258640011864,2.062374976083226,1.0,0.533283289327678,2.0,0.0534780546697337,0,Budget Shoppers
CUST_00584,27.0,70425.91129302446,South,mobile,15.855489356301302,9.0,58.04781945456048,25.0,0.0594098850797072,0.3276779501711324,51.0,0.4454221073285288,2.0,0.1802126891252224,0,Budget Shoppers
CUST_00585,71.0,73627.31491724977,South,online,9.172805201829393,6.0,126.63820147936876,31.0,0.1427892357767368,8.5779311336731,85.0,0.3587401942914488,0.0,0.1826339364541037,0,Budget Shoppers
CUST_00586,22.0,76812.38990740314,North,store,22.20809974411045,4.0,13.864539848963451,37.0,0.2351146131171136,5.319992518311418,63.0,0.4164007421612373,0.0,0.5258484356397056,0,Budget Shoppers
CUST_00587,53.0,34932.46950948575,Central,online,28.81048732913163,13.0,99.23977812158908,32.0,0.0775790063295811,0.131626009133968,30.0,0.4751627094275912,1.0,0.1904472621637647,0,Budget Shoppers
CUST_00588,51.0,31577.336346307653,North,mobile,5.384777566025657,7.0,197.55785712797044,16.0,0.1610147534905122,1.2170462926707986,91.0,0.1858031676776275,3.0,0.5633591893037492,0,Budget Shoppers
CUST_00589,69.0,53824.34456555675,North,mobile,28.47426939717102,13.0,37.58238461616399,28.0,0.0507363405501489,3.473042104883032,34.0,0.1620535494467151,0.0,0.4375725672532516,0,Budget Shoppers
CUST_00590,48.0,89681.617363736,Central,mobile,13.459949904509676,11.0,90.50865669396848,35.0,0.2187081805938823,5.089408196635663,29.0,0.1920127843887035,1.0,0.3047815395801744,0,Budget Shoppers
CUST_00591,27.0,42734.8969422236,East,mobile,17.441336676441896,10.0,9.892688017756509,23.0,0.0319326981568565,11.261357024352344,68.0,0.0524355772093481,2.0,0.2075246669235673,0,Budget Shoppers
CUST_00592,36.0,68009.3815932214,South,mobile,11.464511525832124,6.0,237.02007899988925,34.0,0.133761268863677,6.495508099005441,71.0,0.1033888438419278,1.0,0.4822025780737641,0,Budget Shoppers
CUST_00593,49.0,68011.34505665723,East,store,93.78646572762128,8.0,56.04818146041364,32.0,0.1201556731247966,10.730826955962392,97.0,0.3097268574962988,4.0,0.343767454502469,0,Budget Shoppers
CUST_00594,18.0,74737.00049275349,West,online,40.24702123417256,9.0,113.46026419467393,30.0,0.238545034483191,3.0063623510374544,57.0,0.3550066282027865,0.0,0.164631293747488,0,Budget Shoppers
CUST_00595,,94617.68558686062,West,online,10.65523820081767,7.0,61.83780558888397,32.0,0.0910147863755076,3.9867911860628857,76.0,0.1789010633246143,0.0,0.5664172437758929,0,Budget Shoppers
CUST_00596,22.0,92361.94134485432,West,mobile,36.2504015911081,12.0,118.3402442058113,40.0,0.0348385264819906,10.569597768535605,33.0,0.3071756094194764,4.0,0.3183924643158863,0,Budget Shoppers
CUST_00597,62.0,44918.67165553089,Central,store,66.06767017635138,11.0,177.23568414325186,34.0,0.102219274508196,5.8963408468191485,88.0,0.2027983549450949,1.0,0.3426845424066712,0,Budget Shoppers
CUST_00598,21.0,12000.0,North,online,17.974121740247412,8.0,51.44548602698613,35.0,0.235680210105687,7.0819352911211055,65.0,0.323175678467189,1.0,0.4841253469208289,0,Budget Shoppers
CUST_00599,33.0,43072.35462197566,East,online,62.00974244580862,6.0,95.21610209633492,17.0,0.0369775337429619,6.890136068274684,34.0,0.306518708355163,1.0,0.2138497268481861,0,Budget Shoppers
CUST_00600,41.0,59664.79046903918,South,online,5.870428117498673,5.0,205.93735112372784,27.0,0.0529308295556096,7.744508004434946,81.0,0.2376328051211528,1.0,0.2494479528070442,0,Budget Shoppers
CUST_00601,33.0,50043.80389091554,West,online,60.56298786749405,14.0,151.35586968011967,23.0,0.2042881223369783,7.067430017383291,50.0,0.1982165762307363,1.0,0.3365930713704346,0,Budget Shoppers
CUST_00602,,101293.77674441898,East,store,27.20090282527984,10.0,8.0,35.0,0.1065868548727929,8.332393796449313,57.0,0.1252974022373724,2.0,0.3248250307379829,0,Budget Shoppers
CUST_00603,19.0,58413.16669496188,West,mobile,8.829873331633388,7.0,109.34141171064375,19.0,0.2120923416550625,1.7673325230563246,86.0,0.3019752635333994,3.0,0.1185316343532363,0,Budget Shoppers
CUST_00604,66.0,72381.66136563626,West,mobile,18.29797658269686,11.0,61.378172228624464,21.0,0.2104541807757467,8.527545933688437,49.0,0.5319873919492148,0.0,0.0786818824225666,0,Budget Shoppers
CUST_00605,45.0,62778.71481224156,South,mobile,154.779269289824,8.0,160.37798240128123,33.0,0.2552341439025714,1.8071676480117365,48.0,,2.0,0.3084783085249322,0,Budget Shoppers
CUST_00606,49.0,50374.06996320191,Central,mobile,53.56482258387031,10.0,8.0,25.0,0.0479742904438223,4.085016809711247,91.0,,1.0,0.3834960204391949,0,Budget Shoppers
CUST_00607,44.0,15654.143084821337,North,online,29.95542668878881,8.0,52.17793345412105,33.0,0.017935164950736,9.976162494815988,79.0,0.4770683939841456,3.0,0.1762022809394425,0,Budget Shoppers
CUST_00608,37.0,56270.41195208732,Central,online,4.282350181181544,10.0,11.760362032542956,22.0,0.1437376778606586,7.293409716076943,79.0,0.2627456214160855,0.0,0.3872554692524584,0,Budget Shoppers
CUST_00609,41.0,129602.24044939078,East,online,18.93364000235213,6.0,329.1465417609039,28.0,0.0349108941859754,11.60598600768682,56.0,0.541185158972569,3.0,0.3819410176321592,0,Budget Shoppers
CUST_00610,29.0,30621.915203567656,Central,online,10.683305014589884,6.0,271.8963816766541,32.0,0.0671063614606906,3.027574247239724,87.0,0.1769534426110796,1.0,0.4319928503288406,0,Budget Shoppers
CUST_00611,67.0,18072.79302376706,East,online,2.577669576192505,11.0,447.8232825339445,23.0,0.0755130445396221,11.048902590292606,12.0,0.2233706673507785,2.0,0.4197948941974634,0,Budget Shoppers
CUST_00612,52.0,100600.564656516,East,online,27.346636031836383,10.0,,24.0,0.0174508864878232,7.703084805614552,91.0,0.2491380240115009,4.0,0.1913132181775551,0,Budget Shoppers
CUST_00613,50.0,74325.82533712537,North,online,76.99648075661025,8.0,213.8913792213544,20.0,0.0607942720083797,4.430869698811844,56.0,0.276263966544543,3.0,0.3140681296572486,0,Budget Shoppers
CUST_00614,50.0,62123.2373715156,South,online,39.40221426304334,9.0,123.03352470709096,21.0,0.0745862101611618,9.44146712730863,9.0,0.4220161557665455,2.0,0.1609108188003754,0,Budget Shoppers
CUST_00615,68.0,87978.82497207526,North,mobile,10.053960485390927,10.0,88.05680866048559,27.0,0.1109754005115218,11.45842467587273,29.0,0.4573813522602453,2.0,0.2799243075711078,0,Budget Shoppers
CUST_00616,60.0,39706.95725496588,Central,online,29.831945736863418,8.0,233.3092408338304,23.0,0.1704983482321713,9.354726816501636,37.0,0.075834165010218,0.0,0.0599859114095633,0,Budget Shoppers
CUST_00617,54.0,55654.91525987766,East,store,100.40879504372748,11.0,194.5907001598316,34.0,0.1998916346437822,0.0776850078585478,21.0,0.3381320547648558,0.0,0.1200168479988383,0,Budget Shoppers
CUST_00618,29.0,79013.3905718181,West,online,44.92009030808656,8.0,171.80070615937083,32.0,0.0962221084082876,0.1232271418748274,1.0,0.3980902235471469,0.0,0.4277764776108112,0,Budget Shoppers
CUST_00619,20.0,104427.7960920487,West,mobile,40.9320562440944,9.0,291.6519037895237,18.0,0.1681342676074181,1.5140137766724773,76.0,0.5978819057439966,1.0,0.5805266782876949,-1,Noise / Outliers
CUST_00620,18.0,32292.025077554616,East,store,120.64410142076206,10.0,343.3922332741093,28.0,0.0587666277110601,10.208699896406728,65.0,0.466379573497436,0.0,0.4171294756530948,0,Budget Shoppers
CUST_00621,50.0,86176.15808832868,North,store,56.13370969000322,6.0,76.60964474925564,25.0,0.1458761275634514,9.002963138980947,27.0,,0.0,0.2155861914065026,0,Budget Shoppers
CUST_00622,57.0,66400.45933850165,South,store,5.141656244391151,8.0,43.21593197149686,22.0,0.0982610039712371,7.677282064048524,24.0,,3.0,0.0837253967936658,0,Budget Shoppers
CUST_00623,27.0,61587.34348344716,North,online,14.950291687362869,17.0,93.21006781874918,23.0,0.2117823185817294,8.334069984500763,88.0,0.16121669424336,3.0,0.3433516008063675,0,Budget Shoppers
CUST_00624,60.0,57829.95711039576,East,online,117.47523692012416,6.0,12.699156280981866,36.0,0.1947547246747292,7.437673054073643,49.0,0.3034375811259748,2.0,0.3473973939914636,0,Budget Shoppers
CUST_00625,61.0,27537.774344718728,East,online,23.54684715631067,9.0,361.8176039326371,26.0,0.1213116453222112,4.1746234180196,34.0,0.5216967950701303,2.0,0.1066667431956496,0,Budget Shoppers
CUST_00626,46.0,79187.9579606867,South,online,4.143136795648969,10.0,536.3853225084844,22.0,0.1983342333710913,8.645396634074594,57.0,0.3343406515143046,2.0,0.2136126693688149,0,Budget Shoppers
CUST_00627,30.0,40790.08155282079,Central,online,21.47620702169657,7.0,137.4854410306926,37.0,0.0249235253563445,11.221180967814544,99.0,0.4200005590402826,3.0,0.2415510920440157,0,Budget Shoppers
CUST_00628,29.0,34246.80454494836,Central,store,41.79000503729578,11.0,178.2375151775648,45.0,0.0977751339647796,8.996051807514082,50.0,0.2973622316067258,2.0,0.3317965954862101,0,Budget Shoppers
CUST_00629,48.0,77480.09709580743,South,mobile,210.38295856661185,9.0,50.84003543983269,34.0,0.1603712642744202,10.407562940738003,46.0,0.3688615521531871,1.0,0.0886164916108265,0,Budget Shoppers
CUST_00630,63.0,75360.94855322693,Central,mobile,13.699775197207275,15.0,261.54874543202806,24.0,0.0120419238373261,2.8458881150429884,10.0,0.1459902603151876,2.0,0.2109183059892456,0,Budget Shoppers
CUST_00631,19.0,59738.00183944337,West,store,25.26038990845401,14.0,299.7299565681234,35.0,0.1531104967062551,4.191424212343621,88.0,,3.0,0.0230592569868414,0,Budget Shoppers
CUST_00632,68.0,81749.9596578561,Central,mobile,74.11621963417468,11.0,10.402619135883278,25.0,0.0418106730951669,6.092854702962613,91.0,0.4694112428826898,2.0,0.020302343952069,0,Budget Shoppers
CUST_00633,67.0,89370.60479254053,Central,mobile,15.362176885670335,13.0,,30.0,0.1218634389232261,5.657923726595555,7.0,0.2363955164107118,0.0,0.1408785743683533,0,Budget Shoppers
CUST_00634,52.0,86780.92971216189,Central,mobile,4.049655700326451,9.0,39.29358858549528,17.0,0.1549785740143862,5.5918458690804105,14.0,0.2342495948324938,4.0,0.350160455502969,0,Budget Shoppers
CUST_00635,,46377.86258515644,West,online,104.11355791033132,8.0,158.11856775875992,21.0,0.0327686867469645,7.686646195231386,99.0,0.2131778416722538,0.0,0.5004423177369715,0,Budget Shoppers
CUST_00636,34.0,80310.30848815366,Central,online,23.46021913850204,15.0,26.333143157439363,24.0,0.1748500756351093,10.264693896258713,15.0,0.4500708506673493,1.0,0.2054359327325285,0,Budget Shoppers
CUST_00637,43.0,62656.10150519027,West,store,24.45555552857958,7.0,32.313327242061185,28.0,0.0632528123311537,10.645944291376503,51.0,0.3185427223214859,1.0,0.1018639900630944,0,Budget Shoppers
CUST_00638,,95969.97094775224,South,store,33.97615547945892,3.0,62.53598890010811,24.0,0.2822769903884411,1.8060200844920744,55.0,0.3602639718183063,2.0,0.3596235901075218,0,Budget Shoppers
CUST_00639,46.0,55277.9766021222,North,store,1.0,9.0,122.95571012863356,21.0,0.2343282957788677,1.0818261743979032,32.0,0.1776432618259764,2.0,0.2791389349693312,0,Budget Shoppers
CUST_00640,43.0,50157.62397789673,South,online,93.64430876362208,12.0,486.5478082379837,24.0,0.2718409770240764,3.734586518180533,59.0,,2.0,0.3843117581372355,0,Budget Shoppers
CUST_00641,27.0,44496.46870945671,North,store,15.699494889763814,4.0,199.1586300466293,30.0,0.2392375213858663,8.84672124483742,73.0,0.3969692013929582,1.0,0.4143079868116099,0,Budget Shoppers
CUST_00642,43.0,62164.33367318222,South,online,17.700378182706807,16.0,106.22720188831435,27.0,0.0719391323079874,9.521440024036742,39.0,0.1794399377234087,3.0,0.1756504913234998,0,Budget Shoppers
CUST_00643,51.0,68267.96028702629,North,online,6.69524713005847,8.0,8.0,17.0,0.0784330944750547,4.59932257564538,47.0,0.3350694227187078,2.0,0.5496444154760238,0,Budget Shoppers
CUST_00644,68.0,68691.17022439996,North,online,16.62706385302133,11.0,94.56294104344924,18.0,0.1300448683440642,3.725377144298032,33.0,0.2666133289501816,0.0,0.0560515396616077,0,Budget Shoppers
CUST_00645,58.0,65681.79588686085,East,online,57.02733935364877,11.0,29.67420573225244,34.0,0.143971283802155,1.5659335138059771,33.0,0.5643446592594734,2.0,0.3992612482497695,0,Budget Shoppers
CUST_00646,24.0,72762.81427895573,North,online,56.328869662750286,13.0,46.38056703851672,23.0,0.0395642236451081,2.8587904824885326,38.0,0.2291486306707561,4.0,0.3816893728163354,0,Budget Shoppers
CUST_00647,21.0,53104.07960988324,North,online,96.0996001791322,11.0,37.54794091447371,25.0,0.0162426180812052,1.2093061475474172,96.0,0.4560419482691709,2.0,0.2429266397423814,0,Budget Shoppers
CUST_00648,70.0,38804.663056978825,East,online,18.06779155407804,9.0,55.492403414268345,25.0,0.1874516108952034,3.646227052234513,21.0,0.3833934376061916,0.0,0.0476458136188887,0,Budget Shoppers
CUST_00649,67.0,36883.78406789975,Central,online,43.17164031886258,9.0,8.356701586173182,22.0,0.2288878371991578,8.113475017339011,69.0,0.6272428519719413,0.0,0.1544375856145617,0,Budget Shoppers
CUST_00650,62.0,79451.1240966763,Central,mobile,24.77048271160163,3.0,111.79996539650564,31.0,0.1839183754740032,1.547449240781543,43.0,0.2412210871378005,4.0,0.4530765735833126,0,Budget Shoppers
CUST_00651,28.0,68347.09083162238,East,mobile,57.04149148490263,9.0,8.0,31.0,0.1299562319642947,3.855634295653621,11.0,0.0992083918707666,4.0,0.0173598426229239,0,Budget Shoppers
CUST_00652,46.0,17171.569039092872,West,online,43.6337491850603,9.0,140.4685668170884,27.0,0.1578836407611053,6.34367201804444,93.0,0.3680387827463818,3.0,0.26428950897305,0,Budget Shoppers
CUST_00653,73.0,82128.5753895987,North,online,16.054930408995,5.0,170.60021460714316,26.0,0.252044805810312,3.925282908397625,60.0,0.1687686013974166,0.0,0.6546461717313876,0,Budget Shoppers
CUST_00654,53.0,99369.5732208584,North,mobile,14.367095938918244,7.0,86.53536003771289,22.0,0.0527577684259767,5.274893307029018,46.0,0.3740570358138442,1.0,0.2224212438763524,0,Budget Shoppers
CUST_00655,42.0,42249.82928331228,East,mobile,10.183040144959266,8.0,197.58157593379752,30.0,0.0465951225330581,5.962417848378145,72.0,0.2425888767809318,3.0,0.2408041068448968,0,Budget Shoppers
CUST_00656,38.0,65395.521018072905,East,online,30.073366794541453,7.0,445.01050438919566,35.0,0.0937917954538921,9.300107206006366,91.0,0.4136481516197591,1.0,0.2275530787076294,0,Budget Shoppers
CUST_00657,,47583.92194008809,West,mobile,116.19582124561128,9.0,54.02737086759252,29.0,0.3299975465305829,10.117148096635583,56.0,0.3372727675524757,2.0,0.3636718587683735,0,Budget Shoppers
CUST_00658,53.0,71822.75236036567,Central,store,7.812944188559217,10.0,125.41251320756032,25.0,0.3184550553958876,2.308677876161718,41.0,0.424689518198945,1.0,0.5235862119334073,0,Budget Shoppers
CUST_00659,27.0,32347.804440345048,South,online,3.5034765462541317,12.0,50.85150874151189,26.0,0.1758440167886288,4.432013212995424,43.0,0.5320980089748819,0.0,0.1021939289851932,0,Budget Shoppers
CUST_00660,54.0,56428.19554382683,Central,online,4.450338017852526,10.0,76.16472915563114,29.0,0.0499190321580605,6.901916740984042,52.0,0.5865319725375164,3.0,0.6257819715888427,0,Budget Shoppers
CUST_00661,,79588.91081597318,North,online,53.49094653440112,6.0,8.0,27.0,0.0546797799994421,5.992556797318004,48.0,0.3841110955053051,0.0,0.4931091249196048,0,Budget Shoppers
CUST_00662,41.0,85185.65826457448,East,mobile,15.083045825871176,14.0,10.04366448682665,24.0,0.0881128914596979,0.9650205133608304,12.0,0.3646294519238743,0.0,0.4326638393628056,0,Budget Shoppers
CUST_00663,52.0,67382.90801623315,West,online,8.892645533198847,11.0,207.63044597230888,34.0,0.0526037364899601,4.1395694153466325,7.0,,2.0,0.3132949249999582,0,Budget Shoppers
CUST_00664,66.0,50541.00332938574,Central,online,15.230882927023195,6.0,19.59303635528233,18.0,0.2753135887169256,2.7302673779449944,99.0,0.402412232318348,1.0,0.1528191932675913,0,Budget Shoppers
CUST_00665,52.0,22962.776144440613,West,online,36.27994268815805,11.0,156.14926896258498,29.0,0.155490336313614,5.007209204422099,44.0,0.1211603068318248,3.0,0.3540711077761989,0,Budget Shoppers
CUST_00666,65.0,41333.9063527358,Central,store,27.698766926670725,7.0,160.41677384852804,32.0,0.1829252783298337,4.055784750231882,6.0,0.2834222796613481,1.0,0.3097934892817026,0,Budget Shoppers
CUST_00667,53.0,47675.98509539483,North,mobile,47.63413334992361,10.0,725.3494060187122,35.0,0.0846721349873989,8.344591119563576,19.0,0.2740959651799732,1.0,0.1300079498565549,0,Budget Shoppers
CUST_00668,35.0,42649.85676736449,South,mobile,14.49397675751244,12.0,154.6219391966202,30.0,0.1953206395885131,4.817335201184903,100.0,0.4771834770243143,1.0,0.1410783785661265,0,Budget Shoppers
CUST_00669,66.0,59310.165302899535,West,store,21.053624716335552,8.0,17.916777991730044,27.0,0.5980700059418154,2.898314473020545,16.0,0.5995365657267503,2.0,0.0767693834244395,0,Budget Shoppers
CUST_00670,56.0,50478.46980423173,West,online,3.7642495599891217,4.0,128.0433441597839,31.0,0.1261739432166719,7.435807501959076,11.0,0.1061117861261543,0.0,0.2883151433610508,0,Budget Shoppers
CUST_00671,49.0,61786.670191379744,South,store,2.6552742911217786,3.0,96.5428766263,33.0,0.0744172915691951,8.722694817504095,100.0,0.2931086684784086,1.0,0.3023947837889079,0,Budget Shoppers
CUST_00672,41.0,84457.80062304859,West,mobile,21.712994116649128,12.0,324.1723823446153,27.0,0.0663600815344461,1.2992187411245024,59.0,0.2890310198330435,0.0,0.1158294361028636,0,Budget Shoppers
CUST_00673,40.0,49057.831132954045,West,online,12.563544590086458,9.0,152.31673385526727,30.0,0.093887209740752,3.014826855612568,92.0,0.1999268268225001,2.0,0.436367462385048,0,Budget Shoppers
CUST_00674,49.0,27576.92650040705,Central,store,33.208539042178906,9.0,95.00459900713416,36.0,0.1366822511060332,2.505688845746321,87.0,0.2299279956316188,1.0,0.2249623623924126,0,Budget Shoppers
CUST_00675,54.0,42562.432841252754,Central,store,1.5383952595984764,9.0,127.23557076708332,25.0,0.075732531761243,2.413047687375212,35.0,0.4084595251704024,2.0,0.1480746786590911,0,Budget Shoppers
CUST_00676,29.0,70838.94633941198,South,store,4.544492260096251,13.0,76.18209923876177,27.0,0.1618694530709174,10.823803843647852,60.0,0.3457515086024408,1.0,0.3531000045721775,0,Budget Shoppers
CUST_00677,66.0,72914.7632689588,North,online,70.13632205862383,10.0,92.3136148050741,31.0,0.090876350491454,1.5123287419731448,35.0,0.2203463171128501,1.0,0.3393407151629513,0,Budget Shoppers
CUST_00678,72.0,66933.87433435716,West,store,29.240015865072635,9.0,166.57885561541224,20.0,0.3318132615006806,10.453612453368232,17.0,0.1949049044708393,1.0,0.2559804855460362,0,Budget Shoppers
CUST_00679,30.0,86616.22072953635,North,store,43.57444594546017,9.0,10.60614003698132,25.0,0.0675544931645215,4.726853073667227,39.0,0.1500965887753738,3.0,0.4220716832782316,0,Budget Shoppers
CUST_00680,40.0,53900.01246270632,South,online,64.57443291758248,9.0,124.19991337735084,27.0,0.0705225035848194,7.689614354926324,4.0,0.2357946229547897,2.0,0.3226737358738566,0,Budget Shoppers
CUST_00681,42.0,103147.65525620512,South,online,21.81592364002455,9.0,12.005989974709014,26.0,0.2503090155585848,5.291387170816718,48.0,0.2179051059720075,2.0,0.3662102772487283,0,Budget Shoppers
CUST_00682,52.0,76000.11699432996,Central,online,50.10405440446873,7.0,251.1016605652295,23.0,0.2662044339739772,7.1849535269159,71.0,0.1731167031939825,0.0,0.2958203593344996,0,Budget Shoppers
CUST_00683,58.0,12000.0,West,store,26.024893657545345,11.0,371.1933778673693,33.0,0.143084267063504,6.619866154495117,48.0,0.1197670363821315,3.0,0.420619727053698,0,Budget Shoppers
CUST_00684,47.0,97614.48985919844,East,mobile,8.819707676298997,12.0,196.956350139013,32.0,0.2751543479598239,5.19538932483502,82.0,0.3041171357990389,3.0,0.1680609402153998,0,Budget Shoppers
CUST_00685,34.0,41126.29457701412,South,online,14.418966639056016,10.0,164.5748915651771,29.0,0.0597191318705881,3.3002962750204747,62.0,0.3818621817027797,1.0,0.1574965687661321,0,Budget Shoppers
CUST_00686,66.0,35249.773831947525,West,online,23.591117507195666,8.0,374.1272454625629,32.0,0.2599126387661765,11.170461394057616,23.0,0.2666738135139598,2.0,0.2582213824539709,0,Budget Shoppers
CUST_00687,37.0,69522.96441632367,North,online,13.338250347918528,9.0,32.05492694258741,24.0,0.1155558080391646,10.991608174921431,60.0,0.3462750048764356,1.0,0.0856878600624065,0,Budget Shoppers
CUST_00688,65.0,19760.02960859604,Central,mobile,14.306672595512564,7.0,33.780533343921014,23.0,0.1670827742561673,0.8533862063078654,28.0,0.2353291060131887,0.0,0.4722280382829104,0,Budget Shoppers
CUST_00689,42.0,42699.67691092451,North,online,14.405053951797742,7.0,85.26453026922985,27.0,0.0917112137453569,2.6822539705163164,42.0,0.1463610367267648,5.0,0.317686427796521,0,Budget Shoppers
CUST_00690,39.0,92256.16789373256,South,store,4.58730436533231,7.0,8.0,36.0,0.0901270588930801,6.8887965512245,100.0,0.2635952169267808,2.0,0.5588496592938176,0,Budget Shoppers
CUST_00691,30.0,70236.78673794506,South,mobile,3.095424386517122,7.0,436.0727933645808,29.0,0.2758127513617126,11.765398634627706,38.0,0.2465006900447484,1.0,0.0522375639593953,-1,Noise / Outliers
CUST_00692,36.0,75869.27518066284,North,mobile,1.6664095177259208,7.0,8.0,25.0,0.0871644689907326,8.729262106333007,83.0,0.3412380386460189,0.0,0.1640785794668371,0,Budget Shoppers
CUST_00693,66.0,43547.96678905557,South,online,4.116309557226093,11.0,117.86028821759828,28.0,0.0543402152591817,9.820039054143963,58.0,0.2617689268718696,1.0,0.0514088883010885,0,Budget Shoppers
CUST_00694,53.0,24155.86002270173,West,online,14.740182933045991,5.0,56.79899816660091,25.0,0.2460336586203537,3.770670201778379,63.0,0.2051227026203103,0.0,0.1746441872298403,0,Budget Shoppers
CUST_00695,29.0,73549.98344490214,South,online,31.53802469705684,8.0,14.125988905666215,31.0,0.1486562583605242,2.6269527342603096,59.0,0.2424337770323284,0.0,0.227107687463423,0,Budget Shoppers
CUST_00696,58.0,78465.63543732291,Central,online,7.29525650112438,8.0,8.0,18.0,0.1066784078405773,2.711546365082026,21.0,0.2808197643456365,1.0,0.0589107528498312,0,Budget Shoppers
CUST_00697,36.0,77469.85449378441,West,online,76.6267387540448,9.0,39.56923754633278,24.0,0.1268047462575625,5.799382615224525,99.0,0.5426419613914224,0.0,0.3086196981340807,0,Budget Shoppers
CUST_00698,29.0,62599.52306259304,East,store,57.82888029298347,6.0,14.6659417315586,30.0,0.2509583259888516,10.30176269973638,50.0,0.467959549754644,3.0,0.5244195601390701,0,Budget Shoppers
CUST_00699,26.0,36724.49864361444,South,online,25.72737755617114,8.0,366.4572773290803,34.0,0.0762387085666741,2.596439004833983,2.0,,3.0,0.1616156596204848,0,Budget Shoppers
CUST_00700,24.0,111630.93093731406,South,online,45.084023564185024,9.0,36.49378258427552,34.0,0.2600255889623951,6.843817657014295,81.0,0.344587225821936,2.0,0.3863128805541458,0,Budget Shoppers
CUST_00701,45.0,68555.32374565187,Central,online,15.967862281129364,12.0,12.852008240368546,25.0,0.0984871249064703,9.705537084827736,75.0,0.6001133092327338,3.0,0.4839611887105717,0,Budget Shoppers
CUST_00702,31.0,54174.493885038304,Central,online,1.311490214161835,13.0,190.87828070533948,23.0,0.019215099800921,6.004274743378547,13.0,0.3616837519651141,1.0,0.4606773364862241,0,Budget Shoppers
CUST_00703,48.0,54272.11677536591,North,store,82.14080958462554,12.0,69.53255073288456,21.0,0.0699503934502536,5.002830657116553,56.0,0.2190476091640863,1.0,0.4977798938571706,0,Budget Shoppers
CUST_00704,69.0,61291.14451761818,North,online,4.785517020181027,9.0,241.24887541664964,38.0,0.0712670113950029,4.158384971151966,92.0,,2.0,0.2263235505130458,0,Budget Shoppers
CUST_00705,36.0,81531.38176747557,North,online,103.4357592928961,6.0,236.96696254078932,29.0,0.0193365225170553,7.205382750935217,17.0,0.2679429251417882,1.0,0.099436297000828,0,Budget Shoppers
CUST_00706,64.0,62171.81871271996,Central,mobile,29.69252280889713,3.0,634.0200953183071,22.0,0.1951305819472758,9.812293644973826,45.0,0.2436482288959796,4.0,0.5570052433745389,0,Budget Shoppers
CUST_00707,33.0,76887.28937584494,North,online,12.762887253101082,3.0,211.7392036379958,26.0,0.2094209262569249,11.953567756379543,53.0,0.6809271419782148,0.0,0.2382762075626965,0,Budget Shoppers
CUST_00708,70.0,61330.74913365056,North,online,23.948268670797216,7.0,31.328919594544068,29.0,0.1819992721600734,10.432313232290689,88.0,0.1261221682706689,2.0,0.2527352528010603,0,Budget Shoppers
CUST_00709,22.0,55528.21438765162,East,online,24.3744242886648,9.0,114.7864841115078,33.0,0.1907710709645848,5.433002359612375,98.0,0.2152979114382255,2.0,0.1943831175612058,0,Budget Shoppers
CUST_00710,52.0,72107.50865322456,North,online,1.0,9.0,97.11983951086653,22.0,0.1012748591211531,0.950904048081795,37.0,0.3619895248696564,2.0,0.235789769476206,0,Budget Shoppers
CUST_00711,29.0,71272.29274082353,South,online,15.372635778944462,13.0,92.25606810345576,27.0,0.0695279361291526,1.4464471241278751,14.0,0.4946796972147521,1.0,0.4141692301154169,0,Budget Shoppers
CUST_00712,42.0,54268.04937990659,Central,online,47.12951689337254,14.0,45.77618792784289,19.0,0.1407986949698285,0.3519005794459557,70.0,0.5055537073529464,1.0,0.5238442773195581,0,Budget Shoppers
CUST_00713,69.0,41517.4469302863,West,store,24.972188492566616,7.0,30.667080026121653,27.0,0.0607079771705795,4.351958872257438,41.0,0.4717834628327287,2.0,0.2245972220553855,0,Budget Shoppers
CUST_00714,38.0,65518.03612428956,East,online,9.800641785085237,10.0,164.051835340202,29.0,0.2348902722137672,5.778615057322789,56.0,0.3189261709961215,0.0,0.3466486970804514,0,Budget Shoppers
CUST_00715,53.0,59723.67071717706,Central,mobile,14.284670926291,9.0,13.951588518966323,28.0,0.2717482934386633,9.8473113500779,44.0,0.1078658721573545,0.0,0.2373518258649081,0,Budget Shoppers
CUST_00716,70.0,45792.822319043335,Central,mobile,69.58600117121561,2.0,8.0,33.0,0.1869064684154276,1.028806764442089,22.0,0.150612821231427,0.0,0.0626927990206969,0,Budget Shoppers
CUST_00717,,39467.18938419047,South,mobile,26.095942086796533,10.0,62.40567744236432,23.0,0.20399063294262,2.737432628868273,84.0,0.1533975263485709,0.0,0.1449292569584828,0,Budget Shoppers
CUST_00718,33.0,67030.46856567803,North,online,26.303290795741702,10.0,177.09727939789028,21.0,0.0536320539480758,6.127822455985644,23.0,0.3898046157211243,1.0,0.0593903597520602,0,Budget Shoppers
CUST_00719,74.0,70102.09125460927,South,online,113.9688261330826,14.0,263.7699279378643,34.0,0.0541146465439912,10.19731601106443,44.0,0.2530791330391183,0.0,0.0452160372016682,0,Budget Shoppers
CUST_00720,56.0,50079.29347759306,North,mobile,13.54358238195731,6.0,100.9846180324736,24.0,0.1209155242170674,1.0516722145803516,32.0,,1.0,0.2987513842486973,0,Budget Shoppers
CUST_00721,62.0,45241.38520991564,North,mobile,22.856554168681825,12.0,238.1806953240965,18.0,0.1135960699585232,2.921231434011041,86.0,0.1769589654403324,1.0,0.180383007773597,0,Budget Shoppers
CUST_00722,70.0,39734.38584118181,Central,mobile,58.44268706483227,7.0,8.0,40.0,0.053391708991988,6.52685772333066,87.0,0.0894928552189033,0.0,0.5487713072597196,0,Budget Shoppers
CUST_00723,59.0,66409.60866118822,North,online,49.79080047418402,10.0,78.99419534431608,32.0,0.1316480761181445,3.892379996038832,84.0,0.5955568543821559,0.0,0.061891379652665,0,Budget Shoppers
CUST_00724,56.0,40312.5043799038,East,store,10.814055719989655,9.0,18.61139046397936,29.0,0.1314782870956345,11.908772190527758,37.0,0.2076939922739208,2.0,0.1504880282298256,0,Budget Shoppers
CUST_00725,31.0,107304.96051845608,East,online,5.733116879604083,12.0,113.61894406412353,36.0,0.1276199685135258,5.425594873132209,46.0,0.7609601994312049,0.0,0.5992622781908887,0,Budget Shoppers
CUST_00726,48.0,48973.80840863807,East,online,42.22134538559272,5.0,329.96063047004264,30.0,0.1428911689848219,10.936284278619096,39.0,0.4631721435485207,1.0,0.3799492374128247,0,Budget Shoppers
CUST_00727,22.0,12000.0,Central,online,10.427996934737536,6.0,8.0,31.0,0.1420099503930364,11.290653553781375,34.0,0.1316796875597529,1.0,0.2550858514839597,0,Budget Shoppers
CUST_00728,52.0,57336.22333415903,South,online,89.59120363544943,14.0,143.42723970355308,28.0,0.1336266024761056,3.113191999526052,81.0,0.3875498810425373,3.0,0.2249447775099772,0,Budget Shoppers
CUST_00729,40.0,56393.26344398635,West,online,4.8439202502410135,6.0,204.34699382735653,38.0,0.1204950673247191,3.9180096434945697,79.0,0.0992992595700944,3.0,0.3339959423664659,0,Budget Shoppers
CUST_00730,46.0,82457.80848553215,North,mobile,13.411576439025648,6.0,177.37974523475177,25.0,0.0335125823462124,3.8896420196896617,85.0,0.429989308251951,0.0,0.1584853040312818,0,Budget Shoppers
CUST_00731,60.0,64338.777208009495,West,store,1.9720834454440936,8.0,8.0,30.0,0.0904741443837052,5.235744032993782,1.0,0.4278824677299249,1.0,0.3753017860569987,0,Budget Shoppers
CUST_00732,28.0,39655.625964324354,South,store,42.52680733487019,7.0,24.8325433522934,34.0,0.2452742175320474,0.757807958424793,38.0,0.0293262348059932,1.0,0.2631646072679299,0,Budget Shoppers
CUST_00733,35.0,51699.37878307092,South,online,77.65869746753387,8.0,12.890387054246164,14.0,0.0827614010117286,9.688247329346302,98.0,0.3580520609838953,0.0,0.3674506754141133,0,Budget Shoppers
CUST_00734,64.0,65203.234976321735,Central,mobile,35.358986796278806,5.0,11.612604798879389,24.0,0.112935686980145,1.5702519173892746,29.0,0.4181892590461195,1.0,0.7350959480125344,0,Budget Shoppers
CUST_00735,29.0,12000.0,East,online,97.18258153667746,8.0,170.30201830602567,29.0,0.1530166020463754,10.72398091354532,66.0,0.3075861359469158,3.0,0.2565347455791881,0,Budget Shoppers
CUST_00736,26.0,87449.67815658991,East,online,4.814039270301903,10.0,71.8924658396045,18.0,0.1838541222180661,6.9189814612326295,20.0,0.372393446775261,3.0,0.2231037690407223,0,Budget Shoppers
CUST_00737,27.0,39714.26251229737,South,online,3.21382547622634,18.0,167.74355127805495,27.0,0.0661457982114683,5.777851744866949,42.0,0.4320722030065119,0.0,0.2460218558433217,-1,Noise / Outliers
CUST_00738,61.0,89174.96406084757,Central,online,63.79484712912183,6.0,58.17024795946032,19.0,0.1376546860912421,7.929461817446862,57.0,0.485939533808395,2.0,0.327453026099635,0,Budget Shoppers
CUST_00739,34.0,66634.23310478494,Central,online,67.70935894573704,6.0,16.18316982250456,24.0,0.1243029102286354,11.197208768145988,77.0,0.125809633685665,0.0,0.3485053312892289,0,Budget Shoppers
CUST_00740,55.0,71851.07100066743,North,online,62.233166786806215,10.0,164.76884999000578,27.0,0.1020618869842297,3.560003972585672,8.0,0.5060330995630254,2.0,0.3306765981177468,0,Budget Shoppers
CUST_00741,24.0,83287.315592028,East,mobile,56.149652016723465,7.0,127.87481778014796,25.0,0.1444145435277384,3.242229429197937,87.0,0.2075926792791444,1.0,0.2244240100117071,0,Budget Shoppers
CUST_00742,63.0,,South,store,15.742124892203192,8.0,15.5848441078897,26.0,0.2851009285912936,4.438536667289421,59.0,0.2502954191032835,1.0,0.3565082047362734,0,Budget Shoppers
CUST_00743,30.0,72803.49675898392,West,online,8.582451579362237,13.0,335.6376868233696,20.0,0.0512218877101265,5.841703910654437,11.0,0.2707980167458743,0.0,0.4765626955502852,0,Budget Shoppers
CUST_00744,57.0,54382.83830984961,East,store,92.48116229804508,11.0,,16.0,0.2294523052294353,0.908455102168769,87.0,0.3055654523429307,1.0,0.192244524043205,0,Budget Shoppers
CUST_00745,59.0,66187.7109923861,North,mobile,12.835394027493743,8.0,138.24573389140875,27.0,0.0381932903561807,8.159846481565335,36.0,0.3060420246261937,0.0,0.1783092635754435,0,Budget Shoppers
CUST_00746,26.0,45075.048070621655,Central,mobile,17.786134659391465,3.0,8.0,23.0,0.0248631071229278,6.25073378005662,28.0,0.7592756504736219,0.0,0.2962066555271206,0,Budget Shoppers
CUST_00747,67.0,50444.95580906472,South,mobile,42.08763120644049,3.0,76.08460892086094,28.0,0.2479285531473166,6.47901477825854,81.0,0.1635130155781872,0.0,0.3900591873055575,0,Budget Shoppers
CUST_00748,44.0,101223.291055316,East,online,12.152993621054724,9.0,433.4725869232274,26.0,0.2659571785074199,2.995755744022836,72.0,0.2536928250967162,0.0,0.1727919808043172,0,Budget Shoppers
CUST_00749,19.0,40219.74112889072,West,store,59.84922869755229,9.0,282.88365258168085,31.0,0.3908397349764719,10.087197305089433,1.0,0.2537692761166316,1.0,0.4533216202640235,-1,Noise / Outliers
CUST_00750,22.0,61394.97678599817,North,mobile,2.5412773133814883,5.0,32.52471321789467,20.0,0.0932171828050955,4.776707957219061,93.0,0.314555939492032,3.0,0.0880399996442758,0,Budget Shoppers
CUST_00751,46.0,60496.31880774048,North,store,54.82033955403067,12.0,274.6955210618521,25.0,0.1253353657804923,7.827153619449873,52.0,0.0940751648371738,2.0,0.2587580790203466,0,Budget Shoppers
CUST_00752,54.0,51163.40162082242,East,mobile,32.2325423767388,11.0,45.08710250117368,31.0,0.1682207797995586,2.880731968036204,3.0,0.1785355611219853,1.0,0.4814009148929841,0,Budget Shoppers
CUST_00753,55.0,69316.82060454963,West,store,29.783473330954585,5.0,248.5766753362304,30.0,0.0622613552223566,9.795508851118148,13.0,0.0809580612045939,3.0,0.4808862512244655,0,Budget Shoppers
CUST_00754,36.0,70973.88604031043,North,mobile,21.46148073238526,8.0,169.84164460398358,41.0,0.0962041895632329,3.596593847674741,97.0,0.3621134279983095,1.0,0.2193409852212983,0,Budget Shoppers
CUST_00755,25.0,37631.97797075326,South,online,11.354319347385095,9.0,56.41294916280108,29.0,0.1462826111115943,11.0602427547457,23.0,0.3618449579332444,4.0,0.2173282128973811,0,Budget Shoppers
CUST_00756,65.0,60229.84765402413,North,online,21.83132896159088,9.0,314.1803799571713,30.0,0.3090377963279741,5.457511232607306,87.0,0.1996296051141416,2.0,0.2672687670132159,0,Budget Shoppers
CUST_00757,62.0,34187.91854700814,West,online,20.926109474666845,8.0,86.33700985378931,25.0,0.2286945420716522,1.7418010004582083,34.0,0.1806801150110337,1.0,0.6053627228927926,0,Budget Shoppers
CUST_00758,18.0,75348.06960298063,Central,online,30.676775530821967,10.0,49.69602898273548,27.0,0.1165840749677185,7.334331187561908,26.0,0.1856679039499154,0.0,0.2937207545795767,0,Budget Shoppers
CUST_00759,39.0,61882.72082797776,Central,online,11.574253915132315,7.0,42.64882086371693,34.0,0.1030359314246865,6.679608870866481,5.0,0.3541288639136919,1.0,0.2152821127933583,0,Budget Shoppers
CUST_00760,69.0,59811.25750777592,East,store,2.8270032116830994,14.0,363.7376945934769,28.0,0.1985778945511202,5.057212219468778,8.0,0.4878259244711156,2.0,0.0858562113779892,-1,Noise / Outliers
CUST_00761,34.0,72498.68967519287,West,mobile,5.48654510145755,9.0,184.758759507216,22.0,0.2396563050861263,9.83653188054937,81.0,0.4040507898331261,1.0,0.3241406002120622,0,Budget Shoppers
CUST_00762,24.0,51938.77360969518,North,store,42.04321314673243,7.0,55.98160002663788,19.0,0.2582245478885233,5.055464335153537,25.0,0.4163404528226322,1.0,0.4637121636794951,0,Budget Shoppers
CUST_00763,42.0,78108.4831028005,North,store,1.0,18.0,38.12321518483624,25.0,0.0569115396779148,1.634670074678826,87.0,0.3463275912409004,1.0,0.7938610398065018,-1,Noise / Outliers
CUST_00764,62.0,37134.21279936501,Central,mobile,67.93581973854975,7.0,30.91027164444638,32.0,0.0831011838302175,0.3429966779975544,55.0,0.5175158160564212,0.0,0.050259380891759,0,Budget Shoppers
CUST_00765,21.0,89061.2834156796,Central,store,41.491431679973054,9.0,36.44754666203144,38.0,0.1394271867677879,10.705952436267062,28.0,0.2882908256905547,0.0,0.2680093306732417,0,Budget Shoppers
CUST_00766,53.0,45879.95398379322,South,mobile,51.14868499244891,12.0,,24.0,0.0694538008482259,5.600438958841835,98.0,0.191108872587971,1.0,0.1071095070047786,0,Budget Shoppers
CUST_00767,23.0,20684.06051069707,Central,store,63.27279115683939,13.0,,30.0,0.0802527054882203,6.755542275355338,8.0,0.3357641009783436,1.0,0.0784230896640715,0,Budget Shoppers
CUST_00768,48.0,50772.2320138199,South,online,4.582136109134549,7.0,8.0,38.0,0.211467364668651,1.3768923331331742,19.0,0.3242322470346127,1.0,0.14211153184403,0,Budget Shoppers
CUST_00769,36.0,48276.6996604074,North,online,60.49782074669491,9.0,8.0,35.0,0.1389253010517159,5.872948504724199,13.0,0.1818391649932858,2.0,0.6046528869179189,0,Budget Shoppers
CUST_00770,61.0,50606.3723046992,South,online,24.58664001562264,5.0,125.1282139671539,34.0,0.1803513454660502,6.400378719474693,26.0,0.3732240803457577,5.0,0.047316416652421,0,Budget Shoppers
CUST_00771,71.0,63096.256340647626,South,mobile,75.8586036733729,8.0,12.043329448935522,26.0,0.1406291835206062,5.583033398240779,39.0,0.5445296916781287,5.0,0.0943770506133244,0,Budget Shoppers
CUST_00772,56.0,82152.531939542,East,mobile,76.18505083819161,14.0,242.53884443634016,25.0,0.3795801453294452,11.449437107084114,51.0,0.2199908334754591,2.0,0.3018113203266542,0,Budget Shoppers
CUST_00773,44.0,53782.46989426299,Central,online,1.0,16.0,14.672453217507906,27.0,0.1975517167429696,6.8566211913101975,6.0,0.2773108341484914,1.0,0.1301802802890934,0,Budget Shoppers
CUST_00774,27.0,42784.41346398418,South,online,16.89337396353145,8.0,101.70522196764075,25.0,0.036660777626026,11.692647031543483,13.0,0.2946723353886468,2.0,0.1007141072105038,0,Budget Shoppers
CUST_00775,43.0,33215.97012975646,North,store,26.158637851547955,11.0,146.31252575719998,29.0,0.0720513950106226,1.839998577852952,52.0,0.3559699012303605,4.0,0.1458015825788665,0,Budget Shoppers
CUST_00776,36.0,47699.97859120103,West,mobile,39.701292765511965,12.0,33.834920677530185,37.0,0.0647263032157212,10.970272708866894,87.0,0.0470754157198152,3.0,0.6180005575292993,0,Budget Shoppers
CUST_00777,56.0,,South,online,11.799662012859669,15.0,284.91030511123245,32.0,0.1282318250032385,6.635056350459387,36.0,0.0498012909328416,2.0,0.4242538362196194,0,Budget Shoppers
CUST_00778,20.0,42047.07194264005,Central,mobile,10.168987750251723,6.0,85.35762944460132,20.0,0.3117788891051092,3.5536375580389845,17.0,0.1696942956987033,2.0,0.2953373066852433,0,Budget Shoppers
CUST_00779,62.0,85369.1857089681,East,mobile,16.80277795036044,5.0,49.24430960066798,29.0,0.0967262259286924,8.948898181697892,65.0,0.2140842620323597,2.0,0.4588813654327386,0,Budget Shoppers
CUST_00780,30.0,39886.09749927469,North,store,24.325921499351605,6.0,300.8115948271433,31.0,0.1551379043993448,6.675145901642841,43.0,0.483825590085669,3.0,0.2830244173981444,0,Budget Shoppers
CUST_00781,67.0,71831.74893760671,East,online,105.66233150246732,12.0,254.0625331000386,26.0,0.1811293854616157,6.908116878076999,13.0,0.4395260731131918,0.0,0.1656900430368073,0,Budget Shoppers
CUST_00782,45.0,31017.394024213223,West,online,50.257915806665466,11.0,160.7567466288597,21.0,0.042214936843294,2.063268721820427,92.0,0.4026248956445085,1.0,0.5621016079327348,0,Budget Shoppers
CUST_00783,37.0,96964.1097848322,South,online,19.63250420450592,10.0,44.61210623569257,30.0,0.2069692953081082,8.15928426059287,63.0,0.2873938426964366,0.0,0.2174493793860633,0,Budget Shoppers
CUST_00784,45.0,98427.3481274236,South,online,1.9564952984131752,12.0,64.30250329928562,24.0,0.1096253235988819,3.529676104434709,55.0,0.3609964783361217,3.0,0.1697179615996553,0,Budget Shoppers
CUST_00785,25.0,71002.47424431727,Central,store,6.4592060999006575,10.0,152.14201996080303,26.0,0.2597616694262308,4.269168590101556,78.0,0.3262585599478467,0.0,0.3135128852621629,0,Budget Shoppers
CUST_00786,58.0,101807.55723615747,South,online,21.30334905622269,10.0,26.63909181524463,23.0,0.0280479716124563,10.878916791997964,14.0,0.1259923550081702,1.0,0.3080059202874339,0,Budget Shoppers
CUST_00787,56.0,65827.44544840857,North,store,58.83755577310421,6.0,88.84454685343228,26.0,0.0272497237011585,2.1539782094017714,71.0,0.1708075791463204,2.0,0.4351981728375906,0,Budget Shoppers
CUST_00788,18.0,74907.37651129023,West,online,16.77053918417088,7.0,173.98566517213476,32.0,0.1167107924738234,10.639742103814848,41.0,0.3766247263171934,1.0,0.1511904088852661,0,Budget Shoppers
CUST_00789,,85762.54528809377,East,store,27.064308870961256,11.0,139.3737149329857,24.0,0.0485042407594007,6.005016690730929,43.0,0.4243220539923077,0.0,0.1845660997026842,0,Budget Shoppers
CUST_00790,30.0,61953.805968165885,West,online,77.83366750223335,9.0,165.45447327737585,32.0,0.0541840833961854,2.142122451444536,63.0,0.3780710256037133,2.0,0.4453067678761612,0,Budget Shoppers
CUST_00791,45.0,23847.69584512865,South,store,85.78645978459734,9.0,289.23393986403045,28.0,0.1079445358146025,9.739186326449332,82.0,0.231856157430479,2.0,0.1584787477418666,0,Budget Shoppers
CUST_00792,74.0,75357.19381515676,East,store,8.507075691569725,11.0,448.6322878780694,28.0,0.0838257338908908,7.829960298879221,41.0,0.2395127152919852,1.0,0.2190674293429963,0,Budget Shoppers
CUST_00793,66.0,47619.088922463794,Central,store,1.5600806795443631,9.0,79.7156250846242,18.0,0.0926760072633646,4.161846902824573,9.0,0.3622415218388982,1.0,0.1312405745407416,0,Budget Shoppers
CUST_00794,42.0,49254.34393897988,West,online,12.755200499648868,9.0,8.04129184927632,30.0,0.1232506649613132,3.6087128779646056,20.0,0.3397444581839121,2.0,0.3482694937712541,0,Budget Shoppers
CUST_00795,73.0,64553.68816253118,East,online,41.65271280583351,11.0,233.7244133016457,32.0,0.2203923555950774,5.051317483900014,21.0,0.6308727112585246,2.0,0.2768226753673762,0,Budget Shoppers
CUST_00796,50.0,70458.17935378215,East,mobile,105.63795978228131,5.0,16.31819790584263,28.0,0.3153679412844216,1.6345615604393533,100.0,0.4329211541326799,1.0,0.2178721365253356,-1,Noise / Outliers
CUST_00797,55.0,61302.9619481368,East,online,2.805625011660527,11.0,32.20740615685281,36.0,0.2007479754112194,9.710993835487296,25.0,0.26881446170236,1.0,0.48327492922101,0,Budget Shoppers
CUST_00798,70.0,71986.0497954608,North,online,1.011407107121952,10.0,137.65871482745973,33.0,0.294926361992771,3.343876592722268,66.0,0.3021255104746425,4.0,0.1554330983771901,0,Budget Shoppers
CUST_00799,23.0,42449.14305067568,West,online,75.44022399548783,8.0,178.0192971360269,29.0,0.1123895302871477,9.922407917660196,30.0,0.2549704288306078,1.0,0.3197597080033421,0,Budget Shoppers
CUST_00800,61.0,57060.516516087766,East,mobile,48.26159878348808,7.0,154.21738916087833,28.0,0.0459274734766946,8.775641552496326,72.0,0.2037187155687943,0.0,0.3434167486347547,0,Budget Shoppers
CUST_00801,62.0,76679.87990991915,West,mobile,170.09576911796586,11.0,75.02684842840979,27.0,0.1322472349224019,11.302027236629598,25.0,0.2015146389598798,0.0,0.3401913892136174,0,Budget Shoppers
CUST_00802,49.0,97001.40588160776,East,online,17.692313137600284,10.0,325.24103989616066,29.0,0.2028285360834293,1.1896964918336708,94.0,0.1749574809816252,0.0,0.2801636927020991,0,Budget Shoppers
CUST_00803,62.0,104781.5829574106,Central,online,18.827951319911996,6.0,232.04483270446588,34.0,0.1956932560751416,4.190182693433611,30.0,0.4629023196335807,0.0,0.162110542872524,0,Budget Shoppers
CUST_00804,64.0,67525.4870200101,Central,online,6.619158371969189,15.0,141.66098607878106,37.0,0.0522367943612503,7.48660978225042,77.0,0.1111244125423144,1.0,0.5015459250650572,0,Budget Shoppers
CUST_00805,38.0,,Central,mobile,4.309386444617318,8.0,75.62635650855964,34.0,0.0700746214172697,10.302920195257247,31.0,0.3446373069555628,0.0,0.4370653017625819,0,Budget Shoppers
CUST_00806,33.0,101594.7416259342,South,online,30.25585013315004,7.0,81.02853448630968,27.0,0.076088390362014,1.8675503104910731,96.0,0.2958890317970106,0.0,0.7702568177977537,0,Budget Shoppers
CUST_00807,71.0,43241.60719186312,East,online,15.855172596168606,9.0,25.160754765000767,24.0,0.0713816056009755,10.336781978671723,36.0,0.3301390077854323,2.0,0.0957427083128325,0,Budget Shoppers
CUST_00808,38.0,71853.39675967683,South,store,2.9303971643278364,7.0,196.66240211658783,24.0,0.0809663662594055,0.8037047252956482,41.0,,2.0,0.0887754064631971,0,Budget Shoppers
CUST_00809,28.0,74903.5448886952,West,store,76.30885632366937,12.0,261.2534926738393,23.0,0.1612013734089843,5.692282263629085,61.0,0.4278986073876131,4.0,0.1293606533898561,0,Budget Shoppers
CUST_00810,54.0,89852.95159368838,South,store,7.738193541745693,10.0,228.29210418386697,36.0,0.1993736212297307,1.013330840920525,29.0,0.3933040399975937,3.0,0.1642989666106443,0,Budget Shoppers
CUST_00811,,32982.889628203106,West,store,48.32267025085305,6.0,102.97032168499446,26.0,0.2203666328022566,1.7984426588757496,34.0,0.1609303369470562,0.0,0.216441601662488,0,Budget Shoppers
CUST_00812,52.0,37333.07275638863,West,online,11.606144886764708,9.0,236.57343916176808,27.0,0.0810097841947955,9.299042180438398,19.0,0.2584209259389896,2.0,0.5759618964103611,0,Budget Shoppers
CUST_00813,36.0,58470.40864430353,West,mobile,58.66482527958771,10.0,203.1375413316904,28.0,0.1021376724474633,0.2235724430234946,90.0,0.3574754769728047,0.0,0.3402171987577937,0,Budget Shoppers
CUST_00814,37.0,66310.00857107597,South,online,4.410464023604814,4.0,232.17120657703956,24.0,0.1064348521859202,6.664366593965156,5.0,0.4718193225200801,2.0,0.4039057339320513,0,Budget Shoppers
CUST_00815,,82703.00698214376,East,mobile,49.38082034477759,10.0,521.7792472419565,28.0,0.1134282087635544,1.1796228253806356,20.0,0.1826497857055621,0.0,0.3262478260814806,0,Budget Shoppers
CUST_00816,35.0,69385.96306786996,South,online,3.614539489790848,12.0,215.8950804056282,24.0,0.0452357343815745,9.7351377501568,78.0,0.4262330589090233,1.0,0.6611017464744258,0,Budget Shoppers
CUST_00817,64.0,54668.90893757375,East,mobile,20.728575234403472,13.0,41.03532553869373,26.0,0.051989736905428,9.698003910237496,29.0,0.3575102351561053,0.0,0.3695374369021718,0,Budget Shoppers
CUST_00818,58.0,67162.15178463509,East,mobile,46.34963640901314,8.0,223.54851161155287,34.0,0.3058604016064066,8.433483013378561,3.0,0.1470145852398356,1.0,0.2904363742825913,0,Budget Shoppers
CUST_00819,66.0,64622.978478037934,West,online,6.657513909991887,15.0,61.23264101207456,29.0,0.3230275303650693,9.071260608933445,84.0,0.3572354396027564,1.0,0.1328068454981983,0,Budget Shoppers
CUST_00820,31.0,96390.36145973134,South,mobile,11.774112818583257,11.0,94.38878736593416,24.0,0.226913917280753,7.089324240434274,25.0,0.4622916925073477,1.0,0.4425243236064462,0,Budget Shoppers
CUST_00821,32.0,61644.49675850771,East,online,70.02646013443567,9.0,206.90743732952865,26.0,0.1909952077222443,5.825893663547266,69.0,0.4439444948698014,3.0,0.1882279445234434,0,Budget Shoppers
CUST_00822,48.0,49572.1649018436,Central,online,75.735144183316,8.0,49.51034906038266,33.0,0.0233837315918257,4.921720127759082,55.0,0.2083555004756078,3.0,0.4385674648695671,0,Budget Shoppers
CUST_00823,18.0,67891.39866158026,East,online,1.609172310574749,9.0,8.0,35.0,0.1852028484388396,7.935800192139897,56.0,0.374013915489615,1.0,0.4055846332347761,0,Budget Shoppers
CUST_00824,70.0,62366.67702544771,Central,online,6.441110225010678,6.0,164.62690822256894,32.0,0.1998441592053435,4.593588905286594,29.0,0.2647867562667591,1.0,0.1574115903273036,0,Budget Shoppers
CUST_00825,71.0,,South,online,4.373764323437352,14.0,302.1935947132906,23.0,0.0260889687742602,0.0335049388736736,41.0,0.1886057810278971,0.0,0.0891893813139232,0,Budget Shoppers
CUST_00826,71.0,57655.654644312286,South,store,6.932685687609551,12.0,341.8403338604912,20.0,0.1488804850044195,1.208994494014691,2.0,,1.0,0.411561916874524,0,Budget Shoppers
CUST_00827,20.0,55783.758601067886,South,online,122.94922619917033,10.0,208.52047081789385,33.0,0.2322558850056095,7.821785377598796,6.0,0.2826787646264366,1.0,0.366775382842679,0,Budget Shoppers
CUST_00828,33.0,46034.81895285504,East,online,28.07674829948499,6.0,355.623871805899,32.0,0.0285463175497835,4.379055739008944,100.0,0.1546792377074542,0.0,0.0904892923896802,0,Budget Shoppers
CUST_00829,40.0,80782.83232770539,North,online,22.096307527444683,7.0,223.3985058166452,41.0,0.087462980364454,11.874624299026843,59.0,0.519204840702528,2.0,0.1356004415697481,0,Budget Shoppers
CUST_00830,74.0,40715.04887453609,East,mobile,145.76843769663773,9.0,8.0,36.0,0.1562395722210706,4.24703681525368,65.0,0.4149022799008677,0.0,0.0931267975795024,0,Budget Shoppers
CUST_00831,28.0,68023.60962953985,East,mobile,28.49302694631313,8.0,55.93288244254629,26.0,0.09068928892594,1.301092249271814,31.0,0.2333108391288391,1.0,0.3237582168467887,0,Budget Shoppers
CUST_00832,29.0,54747.14600343793,West,mobile,37.87360851392212,6.0,53.25232560933143,27.0,0.0805207991964191,3.940581093849005,91.0,0.3712873081351654,1.0,0.2874339450103674,0,Budget Shoppers
CUST_00833,27.0,60369.290124229214,West,mobile,14.161744915578645,6.0,32.16077600507165,26.0,0.075201020060979,8.242189568422688,46.0,0.1917093997585374,2.0,0.4912394620050463,0,Budget Shoppers
CUST_00834,49.0,67059.29840300907,East,store,16.85084462955605,13.0,207.8928667316901,29.0,0.1802869607044763,6.339312919095578,60.0,0.1609038201938826,0.0,0.0675334276876332,0,Budget Shoppers
CUST_00835,33.0,29233.363554397973,Central,store,31.58438369088603,6.0,95.44032819999356,24.0,0.0668274013607581,7.323547699070419,46.0,0.3354775028001893,1.0,0.1994190795699308,0,Budget Shoppers
CUST_00836,25.0,62216.539618165225,West,mobile,2.5319132851083443,8.0,235.2551431158168,25.0,0.1630202589744307,1.3348441418421264,19.0,0.2936657793493029,3.0,0.2894220699263594,0,Budget Shoppers
CUST_00837,55.0,108356.84477369057,East,online,10.34448958573632,10.0,119.55705571681722,27.0,0.0627312953473662,9.923777824622778,1.0,0.28864817116328,2.0,0.2103257071223005,0,Budget Shoppers
CUST_00838,29.0,23751.20639066807,North,mobile,7.670815546233086,8.0,116.1011063742566,32.0,0.0666473623851635,10.828646182357884,95.0,0.1426443011927206,0.0,0.4723985482926791,0,Budget Shoppers
CUST_00839,41.0,56732.62479825889,Central,mobile,1.0,7.0,63.0174142133479,28.0,0.1119609733597319,1.7441998455074876,18.0,0.2589959352087431,1.0,0.145072061787451,0,Budget Shoppers
CUST_00840,45.0,82711.26514612403,South,mobile,26.94352531539291,6.0,202.6386285004479,32.0,0.0491224536675856,7.513640001964811,7.0,0.5861154387495683,0.0,0.2449165449515357,0,Budget Shoppers
CUST_00841,70.0,64635.62345497913,East,store,28.81816827859736,14.0,149.3885516312959,24.0,0.1145927145826571,2.757181026544889,32.0,0.2317114931303288,1.0,0.3073548130611435,0,Budget Shoppers
CUST_00842,25.0,585082.1835724219,East,mobile,16.954337974525913,7.0,53.77139180506236,25.0,0.2237412441608841,2.1872793749281705,99.0,0.2855993702530277,1.0,0.2210031005323052,0,Budget Shoppers
CUST_00843,45.0,12000.0,Central,store,10.953917447283978,15.0,656.1484220767469,29.0,0.1395717323412031,2.454816628796358,96.0,0.1734900241639307,2.0,0.3204893803095508,0,Budget Shoppers
CUST_00844,53.0,71161.4862418589,West,online,36.95037050134721,14.0,80.77741196253159,29.0,0.0805361470231313,6.255841050242081,59.0,0.3610999076380771,2.0,0.3554700463801615,0,Budget Shoppers
CUST_00845,43.0,41242.85946286083,West,online,5.062113580277352,12.0,49.48587694707518,32.0,0.0687321904238715,10.630802245913006,65.0,0.2293604084899943,0.0,0.0652070436033985,0,Budget Shoppers
CUST_00846,25.0,64817.30026082922,West,online,25.5880792634314,10.0,151.33157381699962,27.0,0.0950321148084757,9.823252010515583,97.0,0.2397184661824221,1.0,0.4048100109500517,0,Budget Shoppers
CUST_00847,67.0,57352.4359199912,South,store,51.14679018864642,9.0,32.768725804882806,33.0,0.2151026653985072,1.720600980475691,12.0,0.2721380808295487,3.0,0.1683222346062153,0,Budget Shoppers
CUST_00848,45.0,108123.32664155592,Central,store,6.281910935014947,6.0,230.8478508215169,17.0,0.0491314160690431,6.119037796661922,45.0,0.1480008498983376,0.0,0.1508965178364134,0,Budget Shoppers
CUST_00849,45.0,70027.29712284927,Central,mobile,48.97963904186576,9.0,148.27424446648,25.0,0.1430378894162479,1.8106156254338872,24.0,0.4369059204554588,1.0,0.0496716740778783,0,Budget Shoppers
CUST_00850,54.0,55522.27575621871,West,mobile,50.06513057436801,9.0,265.29407787881973,19.0,0.1334457176668298,5.256581918926847,54.0,0.1779917249654136,1.0,0.0630921092160883,0,Budget Shoppers
CUST_00851,58.0,24786.7592964218,West,mobile,2.1629080537812118,10.0,51.8781499296229,23.0,0.2342083989965207,6.750310282086049,4.0,0.5808297464725478,1.0,0.4461055367374213,0,Budget Shoppers
CUST_00852,53.0,60665.23184069773,North,store,1.0,8.0,250.51880466975527,24.0,0.1019985592083072,9.73894825742382,79.0,0.2829354053757184,0.0,0.5276227814369351,0,Budget Shoppers
CUST_00853,44.0,76111.0353236301,North,store,127.65121029058892,7.0,90.35145630036358,30.0,0.266834496480797,10.335650399137664,96.0,0.2048792330155381,2.0,0.2555379257052752,0,Budget Shoppers
CUST_00854,71.0,56227.85837997709,East,mobile,7.521706447786213,9.0,8.0,29.0,0.0781024718303767,0.3323992210067095,24.0,0.2811525194636411,4.0,0.1235109225250127,0,Budget Shoppers
CUST_00855,34.0,46875.56008137629,East,mobile,60.436393789283166,7.0,28.064603800556355,26.0,0.0513506783528941,8.270584734334674,23.0,0.2249231171029024,1.0,0.4953260715582787,0,Budget Shoppers
CUST_00856,26.0,45403.09339538099,Central,online,28.88184081796852,7.0,31.90876016990388,34.0,0.2049426752134271,4.92190844923265,89.0,0.2709894708366791,1.0,0.042614929772386,0,Budget Shoppers
CUST_00857,,69773.11158001705,Central,mobile,10.750840957741175,11.0,189.92727166891825,21.0,0.0959197517869402,5.939445512359713,49.0,0.0581620396898357,0.0,0.2377214664820493,0,Budget Shoppers
CUST_00858,70.0,74706.53466480145,South,online,4.872983045452505,12.0,29.51753608790911,31.0,0.3519464203755258,2.662115328647195,90.0,0.1710247720911983,1.0,0.3769691670433033,0,Budget Shoppers
CUST_00859,37.0,87946.62253706461,South,online,24.02832989887946,11.0,107.29517109847455,28.0,0.1615614847525819,0.4112358353322043,21.0,0.5718028834774136,1.0,0.1599230100681021,0,Budget Shoppers
CUST_00860,30.0,36110.00234937213,North,store,18.310578731471946,10.0,137.4245050116893,24.0,0.0747612900534112,10.024682610826094,70.0,0.1200655840148902,2.0,0.0869398557096782,0,Budget Shoppers
CUST_00861,45.0,69571.50628518757,East,mobile,42.009332087402015,6.0,193.2566194882412,26.0,0.0940421186122801,2.767536295032847,22.0,0.3821912221482183,3.0,0.1227294508151546,0,Budget Shoppers
CUST_00862,,55322.513002806925,North,store,82.08075242711384,6.0,199.1499222244454,34.0,0.3059868983779171,10.563570300485022,75.0,0.3532084741435974,3.0,0.0686165232803204,0,Budget Shoppers
CUST_00863,46.0,55970.84749806783,North,online,57.26100699346936,11.0,164.3777756776531,28.0,0.0976436889263554,0.8364247577668484,37.0,0.2249193418499082,0.0,0.1655200598727954,0,Budget Shoppers
CUST_00864,30.0,66840.16878874804,East,online,11.228984087092805,13.0,31.16887763531673,31.0,0.1391916703017468,4.901191462393797,30.0,0.4089053067808327,1.0,0.5123166989686404,0,Budget Shoppers
CUST_00865,63.0,66968.43757974885,South,online,73.89945402057374,10.0,101.93291661544583,39.0,0.0896695533831005,8.908149791321835,31.0,0.1087063612200486,2.0,0.2207691869192524,0,Budget Shoppers
CUST_00866,52.0,69632.89832741462,East,online,62.72375950335511,9.0,44.55479401702375,31.0,0.1958551484485406,3.080970779242333,33.0,0.5997206073706901,1.0,0.0947479081316275,0,Budget Shoppers
CUST_00867,,34735.633771692184,West,online,92.64486104930884,9.0,193.97151292713107,27.0,0.3568077825329127,11.608961285930269,76.0,0.5474711320831444,1.0,0.1683938998272711,0,Budget Shoppers
CUST_00868,35.0,41504.14904233792,West,online,21.47982369441236,9.0,179.23029233620142,23.0,0.1916505135853203,7.649955684792088,27.0,0.3476291952630892,1.0,0.1787643309227829,0,Budget Shoppers
CUST_00869,68.0,90689.10206138904,West,online,51.222506195683145,14.0,33.91793122017368,30.0,0.0526253769925501,2.6087077995822,78.0,0.4079675356372456,2.0,0.1896976508437666,0,Budget Shoppers
CUST_00870,,53147.40571542152,Central,online,31.347763330435946,12.0,133.30044039651656,18.0,0.0839211820008373,9.523344014982172,58.0,0.3500929937069633,3.0,0.1111083940237001,0,Budget Shoppers
CUST_00871,64.0,64732.31675639373,South,online,13.01274008481024,11.0,8.0,27.0,0.181738804288722,11.814815448406252,1.0,0.382870145134947,0.0,0.3575127534468474,0,Budget Shoppers
CUST_00872,42.0,81202.65886495009,South,mobile,181.66890808385085,12.0,190.23999440317567,28.0,0.1661833797123177,2.989122438782148,64.0,0.2499050644655044,0.0,0.1283415685128681,0,Budget Shoppers
CUST_00873,19.0,68195.74759193801,Central,online,1.3671172025946154,10.0,196.9560617873692,28.0,0.2260486227393875,9.870058605664688,72.0,0.2067965471948456,2.0,0.1385058029697715,0,Budget Shoppers
CUST_00874,27.0,70023.49788138486,North,mobile,6.19718739478996,8.0,55.4055306936366,23.0,0.1875228000080451,11.727170222876875,72.0,,1.0,0.1686591637633485,0,Budget Shoppers
CUST_00875,73.0,77680.70894336265,West,mobile,78.07305027005997,10.0,213.35865176688057,21.0,0.2034124155225835,2.6487697848317677,93.0,0.3322057852692145,2.0,0.4955061674120002,0,Budget Shoppers
CUST_00876,47.0,12000.0,West,online,2.1866023424033347,5.0,254.0233593941244,18.0,0.1007259508206687,2.8143550346739032,26.0,0.1094610101994885,2.0,0.0254225855144653,0,Budget Shoppers
CUST_00877,67.0,47221.09658646824,North,store,76.25735962556897,5.0,27.403011662886243,25.0,0.0746520676968188,8.605361746020467,90.0,0.1730840331608858,1.0,0.2998267296417267,0,Budget Shoppers
CUST_00878,62.0,68309.32752299102,East,mobile,43.96152284283666,8.0,56.18092313235808,25.0,0.1209432283234721,11.407909144509226,49.0,0.1597833774346337,2.0,0.1403795989722014,0,Budget Shoppers
CUST_00879,22.0,88528.17475526847,East,mobile,1.3080824884820963,14.0,39.33364941907252,34.0,0.1665012321717718,8.343306270646389,84.0,0.2170267037936281,0.0,0.5074837838175156,0,Budget Shoppers
CUST_00880,72.0,,South,online,19.632435264004755,7.0,60.96707288137354,33.0,0.0391889339098298,6.055365096369862,44.0,0.148044904498575,2.0,0.4783833343528306,0,Budget Shoppers
CUST_00881,73.0,39416.2378413659,Central,mobile,49.151975147112175,8.0,76.98911754454133,18.0,0.0656813518003522,1.2627537213183206,43.0,0.5103235746909658,1.0,0.0802111901087739,0,Budget Shoppers
CUST_00882,50.0,40002.10690856895,South,store,30.621835188952293,9.0,92.72719382342842,35.0,0.3971679251978724,11.092502446657926,49.0,0.2763291324765895,1.0,0.2186630885100832,0,Budget Shoppers
CUST_00883,71.0,77444.94647596763,East,online,96.1402103216571,14.0,8.0,36.0,0.1063143743356287,0.8292094637658609,52.0,0.383007493618995,3.0,0.4134234389593496,0,Budget Shoppers
CUST_00884,18.0,53208.98118737849,North,online,70.77910929804965,10.0,8.0,35.0,0.1016457781776506,2.5384415165755896,71.0,0.564919754209033,3.0,0.3822548975635358,0,Budget Shoppers
CUST_00885,35.0,57841.59899261259,South,online,14.15529813954985,7.0,138.43585464969863,24.0,0.1766686982514046,5.408972780906447,32.0,0.03526071320469,1.0,0.3611477406184881,0,Budget Shoppers
CUST_00886,49.0,71530.66426299102,West,mobile,3.094835103370481,8.0,76.01436105427389,31.0,0.1971230259995197,6.007466172514325,55.0,0.3983504556853826,5.0,0.1418068960895754,0,Budget Shoppers
CUST_00887,64.0,12000.0,West,online,101.04514519000033,8.0,12.222908172708031,22.0,0.1554530768511738,0.6621421938054173,18.0,0.3791788935837261,3.0,0.1783412187230676,0,Budget Shoppers
CUST_00888,66.0,102008.0852531778,North,mobile,25.49163833086926,11.0,63.45753370218586,22.0,0.049702281989944,0.9875771697644984,86.0,0.3254399667472102,1.0,0.2665000553994012,0,Budget Shoppers
CUST_00889,28.0,41916.375628876645,East,online,2.7058687783481035,10.0,83.88901526948152,29.0,0.1461442242725066,1.501504541159826,59.0,0.1331050092720258,0.0,0.1616290044112866,0,Budget Shoppers
CUST_00890,38.0,63322.60012841858,West,store,59.35834654091224,12.0,131.23187405395117,16.0,0.1390848220070817,0.4763545138432463,29.0,0.2851626628993142,1.0,0.2338868184059699,0,Budget Shoppers
CUST_00891,43.0,20496.665703082035,West,online,71.00791723578072,8.0,16.37187710479533,34.0,0.3969779659554495,11.729359009024105,32.0,0.3564056950493349,2.0,0.1155888737214906,0,Budget Shoppers
CUST_00892,42.0,48704.09557108917,Central,online,35.701900555910015,10.0,683.7904738956407,26.0,0.2857287547285858,2.8553902635836934,54.0,0.1463125433139152,1.0,0.1153762618536495,0,Budget Shoppers
CUST_00893,39.0,85383.13702003213,South,mobile,20.76613256229695,8.0,83.69351757869953,24.0,0.02283134226401,10.55425563987055,84.0,0.3209093018310133,2.0,0.3205850509254005,0,Budget Shoppers
CUST_00894,44.0,15844.322047350666,East,online,37.98274848653213,9.0,,25.0,0.1175189665793637,9.41203491227578,31.0,0.1571203479871461,2.0,0.3204596378105814,0,Budget Shoppers
CUST_00895,66.0,82776.40191816111,South,online,42.92763003911762,8.0,310.48432413469743,26.0,0.1716576732782203,8.470619117863862,43.0,0.537139965875977,0.0,0.370417249822514,0,Budget Shoppers
CUST_00896,30.0,51978.68588288755,East,online,78.23222630420365,8.0,8.0,20.0,0.1070360503278059,7.894991518202326,41.0,0.1185119765214502,2.0,0.2072161695368672,0,Budget Shoppers
CUST_00897,50.0,68717.61768484423,West,mobile,109.2149431829352,6.0,119.56021503104142,37.0,0.2707046813513565,5.983420475486451,8.0,,2.0,0.2334566308106017,0,Budget Shoppers
CUST_00898,51.0,72465.53709667243,Central,store,25.277252977398128,7.0,101.04931716542048,26.0,0.114455273439527,6.765947272125404,43.0,0.3896191478473079,3.0,0.074255201147239,0,Budget Shoppers
CUST_00899,58.0,67711.27298880037,South,store,56.06785691720315,6.0,8.0,32.0,0.084544299706528,10.687900471294428,100.0,0.3088499477600749,1.0,0.34064036587616,0,Budget Shoppers
CUST_00900,52.0,38971.08566412181,West,online,116.84721305601732,6.0,153.52972823743642,21.0,0.2308178249571488,9.330299410680048,51.0,0.4354061016448294,0.0,0.189033803601987,0,Budget Shoppers
CUST_00901,18.0,49979.91877622948,East,online,5.739396289312178,6.0,32.43043889697805,28.0,0.3119777272884861,2.769929686895756,8.0,0.3036850009234439,1.0,0.3235617535797654,0,Budget Shoppers
CUST_00902,38.0,25845.76410048205,South,mobile,1.0,11.0,157.3343865006424,19.0,0.2592210163753881,1.2507694537403975,9.0,0.5126901681908759,1.0,0.5831330985188122,-1,Noise / Outliers
CUST_00903,65.0,68819.51929493775,South,mobile,71.12985078042193,6.0,58.55247449874227,24.0,0.0568559709343816,3.524820811191291,78.0,,1.0,0.1774680848304728,0,Budget Shoppers
CUST_00904,72.0,95445.21338835036,West,online,7.603841126988351,9.0,191.1292266834037,32.0,0.1018927571645018,1.5903194403527705,46.0,0.136437741902124,3.0,0.3893082748409556,0,Budget Shoppers
CUST_00905,23.0,17862.300493117822,South,online,1.5192583816114311,6.0,369.6169953203173,27.0,0.1257684592752816,11.453553899460292,33.0,0.1279634565847241,3.0,0.138434212189531,-1,Noise / Outliers
CUST_00906,45.0,41243.79006496322,Central,online,6.106374515038981,12.0,256.0715473007833,38.0,0.2818569945551322,4.592799498821298,58.0,0.104052389786532,1.0,0.1200554231100763,-1,Noise / Outliers
CUST_00907,34.0,,Central,mobile,16.964320697696888,8.0,85.6554308554992,26.0,0.052671332437944,2.0787426057135407,79.0,0.1988396259597167,3.0,0.2248502549144116,0,Budget Shoppers
CUST_00908,22.0,494508.09057358553,West,online,8.663213787573126,7.0,398.1813357015256,37.0,0.0886962856196464,7.468415494929726,94.0,0.3205894375674874,2.0,0.1685155282173634,0,Budget Shoppers
CUST_00909,48.0,618735.029052459,East,store,12.747295189279642,12.0,7617.022188766467,24.0,0.1397502918708918,4.778767116254681,94.0,0.3038987074847667,1.0,0.2724514996257246,0,Budget Shoppers
CUST_00910,22.0,54651.60043213133,West,online,129.5248931043242,9.0,140.05371231346967,32.0,0.1693726990284542,2.615550996724224,31.0,0.2566185688804216,2.0,0.0966820748558453,0,Budget Shoppers
CUST_00911,55.0,51048.90801819569,Central,online,42.65683959979357,10.0,65.53334701418088,33.0,0.041871515759568,0.6920565542387678,69.0,0.3910083837645243,2.0,0.1241480937732549,0,Budget Shoppers
CUST_00912,20.0,82268.8755335343,North,online,43.59112602738647,9.0,85.39193685191583,21.0,0.0135347842189162,1.1096139214310736,83.0,0.3522736119697816,0.0,0.3469253214760397,0,Budget Shoppers
CUST_00913,70.0,72563.90247539271,North,online,3.4815460212717517,10.0,17.81380441451617,30.0,0.0553351436046048,6.75981176141361,48.0,0.1678556548769687,2.0,0.1573473167398915,0,Budget Shoppers
CUST_00914,40.0,69857.51546542416,South,online,46.099739609994245,7.0,91.49239448846843,32.0,0.1043619372218463,9.004153572174605,11.0,0.3427732111509362,0.0,0.197051357167738,0,Budget Shoppers
CUST_00915,54.0,60475.34565493852,South,online,47.05942591117432,10.0,24.719438169696573,28.0,0.0839283420508437,11.109417910335289,74.0,0.7651287787768088,1.0,0.4602949000576086,0,Budget Shoppers
CUST_00916,70.0,79629.34864023689,North,online,37.73209988022884,13.0,59.18964698678041,33.0,0.1017418579796378,7.02520830993086,100.0,0.1376614637057698,0.0,0.3488028636851558,0,Budget Shoppers
CUST_00917,54.0,,Central,online,9.07676136399466,4.0,87.98597483121547,25.0,0.3558992769855288,7.832567727422251,33.0,0.2529965157353492,2.0,0.1965321117562699,0,Budget Shoppers
CUST_00918,27.0,40560.72579190628,South,online,19.24915007710592,11.0,383.8443218970941,28.0,0.2029904840062945,2.9038327913881834,61.0,0.4525055639272146,3.0,0.1658891344650374,0,Budget Shoppers
CUST_00919,27.0,74414.22171112514,West,store,65.54098074971648,6.0,127.40144981662134,24.0,0.034412902325985,3.292357895102863,88.0,0.5421270797435932,4.0,0.123530056369797,0,Budget Shoppers
CUST_00920,36.0,22249.20867656801,West,mobile,38.82458332405994,9.0,60.45523339397722,34.0,0.1735393425005079,5.010771694188607,15.0,0.3720104965123847,2.0,0.1747021945751411,0,Budget Shoppers
CUST_00921,34.0,60027.94921200272,Central,mobile,46.187442302456965,10.0,15.601426344646546,36.0,0.0304536517939894,10.42481973973864,29.0,0.1450444536710801,3.0,0.2465486912043784,0,Budget Shoppers
CUST_00922,38.0,51035.71625022474,South,online,30.98251222534716,6.0,178.76449183334026,27.0,0.1449460028688856,5.22419549340605,27.0,,0.0,0.2343138310545101,0,Budget Shoppers
CUST_00923,31.0,27073.39592563497,West,online,20.89799757903874,9.0,81.76452687681103,29.0,0.0896517509942373,2.875614132866235,20.0,0.3461255496673092,1.0,0.3256485670492494,0,Budget Shoppers
CUST_00924,26.0,37512.11324624218,South,online,49.811096236606986,9.0,9.176564042852412,21.0,0.0591144647445585,11.03397124515558,36.0,0.1686383926793839,0.0,0.2009948779314612,0,Budget Shoppers
CUST_00925,63.0,55602.52596950231,South,mobile,2.462000420071805,6.0,139.05571669256244,24.0,0.0540938036430243,4.937227524808648,14.0,0.2702155997649342,0.0,0.407475791572538,0,Budget Shoppers
CUST_00926,18.0,80747.19164297849,West,online,39.14003682691876,10.0,56.02285720373971,26.0,0.0998455387778912,0.9541234850089118,37.0,0.4653447178467361,2.0,0.3824558480078981,0,Budget Shoppers
CUST_00927,68.0,43634.92419232816,North,online,205.791148704011,4.0,67.25318787251139,16.0,0.0823316300403236,6.545701007213701,100.0,0.165327149471305,1.0,0.3537331149029464,0,Budget Shoppers
CUST_00928,62.0,84694.39079790986,West,mobile,53.02501820247872,10.0,237.3076412705604,40.0,0.0587336133614594,7.517227564222841,88.0,0.143543711649914,2.0,0.0332574174958368,0,Budget Shoppers
CUST_00929,30.0,59389.94300624336,Central,online,12.014950582398347,7.0,19.2007170772876,25.0,0.0474129292512059,11.464608864732211,49.0,0.1771762088124323,2.0,0.3272905237308972,0,Budget Shoppers
CUST_00930,21.0,86828.46344773937,East,online,11.391805740093398,11.0,54.09086684490609,28.0,0.1698323098603086,9.67918405899854,36.0,0.1977896049286323,2.0,0.2559187160196973,0,Budget Shoppers
CUST_00931,18.0,44701.184606838935,West,online,38.50943224985916,6.0,58.76455899349226,33.0,0.2423258847190131,1.2133575461403223,58.0,0.331027108691643,0.0,0.331581061958229,0,Budget Shoppers
CUST_00932,66.0,56926.18906168189,South,mobile,79.16873950762758,6.0,8.0,24.0,0.0729193638260105,6.143100256062708,93.0,0.2894838611241772,2.0,0.7374555227446792,0,Budget Shoppers
CUST_00933,,66106.63927341391,South,mobile,30.192080608224902,11.0,242.63907952532676,26.0,0.0577516206412121,5.209366050702704,15.0,0.2955307450579592,3.0,0.1951269202214302,0,Budget Shoppers
CUST_00934,49.0,54050.76981968674,West,online,26.23287638259223,8.0,234.481774059106,28.0,0.1298685009410134,4.721323731666795,39.0,0.4295059449973854,2.0,0.3062467458569549,0,Budget Shoppers
CUST_00935,51.0,78966.53123719519,East,online,6.118377787695672,12.0,140.94927702149926,31.0,0.1317512451733526,1.6777581775209218,5.0,0.6265222356112473,1.0,0.1731855676843754,0,Budget Shoppers
CUST_00936,45.0,12000.0,West,mobile,43.990475815923794,8.0,297.9665039629494,21.0,0.1379444984553603,4.504051758520632,97.0,0.181962549974671,2.0,0.0632342143766195,0,Budget Shoppers
CUST_00937,48.0,111292.92185337868,East,online,42.408253097548325,4.0,41.4274694059912,29.0,0.1949345848880087,5.641076742347549,45.0,0.2772544120761956,1.0,0.1364219250102191,0,Budget Shoppers
CUST_00938,25.0,76871.04135389357,East,mobile,119.342154458666,6.0,32.40506594490998,33.0,0.05644794451465,2.6264784500510365,1.0,0.3372256372146517,1.0,0.0403403251255509,0,Budget Shoppers
CUST_00939,56.0,54182.29976122964,Central,mobile,12.493233572480603,6.0,9.227584497541198,23.0,0.0677799637311972,6.9102688725424,47.0,0.3700488558506561,1.0,0.1464979232617867,0,Budget Shoppers
CUST_00940,43.0,45848.92318129842,South,online,49.43450558094693,8.0,116.54753611180884,23.0,0.0413756902910048,2.6553795962657385,34.0,0.1468134605611221,1.0,0.248321474268384,0,Budget Shoppers
CUST_00941,51.0,38938.74654813181,South,online,19.92467784636364,11.0,89.16498860205341,29.0,0.1338943563397239,1.455819059135596,8.0,0.1619919583820705,0.0,0.2045468750348865,0,Budget Shoppers
CUST_00942,,72203.54043173422,East,mobile,28.61304717927161,6.0,216.1665034556794,28.0,0.1526615951007242,11.80782228184128,88.0,0.4053781970366835,2.0,0.4448699016715869,0,Budget Shoppers
CUST_00943,71.0,79889.59671343179,South,online,59.335121124421455,11.0,85.33259899324568,37.0,0.0860766738119351,8.26081205357622,54.0,0.1311935218328347,1.0,0.0596703510454601,0,Budget Shoppers
CUST_00944,20.0,54424.42518114221,North,online,8.785783508383536,11.0,29.53561394096822,33.0,0.1358356985011911,7.13757720225902,87.0,0.1727265223660534,5.0,0.0567784139880794,0,Budget Shoppers
CUST_00945,67.0,82353.78908552707,East,mobile,14.695502248801912,12.0,215.61955569883327,22.0,0.0373418649932924,3.930045714796803,100.0,0.6118759951158885,0.0,0.6942951293217529,0,Budget Shoppers
CUST_00946,29.0,38040.278971255306,South,online,51.94580886066152,8.0,79.014508256151,23.0,0.0314649354065554,2.500080728355546,60.0,,4.0,0.4067531181754263,0,Budget Shoppers
CUST_00947,18.0,34156.161300289605,North,online,29.57624449493121,5.0,405.5628781857403,27.0,0.1035013294301656,1.5779525913268508,77.0,0.32483024458748,2.0,0.3189201088269423,0,Budget Shoppers
CUST_00948,71.0,97893.50651540208,Central,online,3.394187174028824,13.0,99.39563169066903,26.0,0.1469984526046942,0.7514873607562569,37.0,0.0965693066799267,1.0,0.09050243884581,0,Budget Shoppers
CUST_00949,61.0,71004.38949784794,South,mobile,19.68557686890989,5.0,16.137480374712826,30.0,0.0595360826849291,8.396551649585108,46.0,0.2216171387179407,2.0,0.4654376152468726,0,Budget Shoppers
CUST_00950,22.0,88730.66043989321,North,online,30.919707626033173,12.0,247.51649530945804,34.0,0.0267902230060608,3.3144305775232508,18.0,0.2140962337806622,1.0,0.0573725241909617,0,Budget Shoppers
CUST_00951,47.0,39213.32641547076,West,store,84.09088759815602,9.0,273.9234842907543,18.0,0.2160071870793317,3.817504239044344,10.0,0.1859387886787666,0.0,0.5812179995223243,0,Budget Shoppers
CUST_00952,47.0,37682.441381087934,West,mobile,7.309965818536916,9.0,76.64345271759431,26.0,0.1684746613956392,1.9318840715222163,68.0,0.1684904747887917,0.0,0.4683929676980686,0,Budget Shoppers
CUST_00953,74.0,50110.59497193407,North,online,57.38791513897971,5.0,8.0,27.0,0.1515504224472401,1.4059665155628367,71.0,0.2251628443225271,1.0,0.6418700926815321,0,Budget Shoppers
CUST_00954,,39870.70548614174,East,online,4.899304259941683,9.0,8.0,25.0,0.0803768750518571,5.93993783963748,100.0,0.4585626636922416,1.0,0.1804056283230637,0,Budget Shoppers
CUST_00955,65.0,73518.03462502592,East,online,9.708399360658358,9.0,56.23183317074291,24.0,0.4241710540237201,8.730176968056803,86.0,0.2956674525268214,3.0,0.3968134593685068,0,Budget Shoppers
CUST_00956,64.0,41475.2267476182,South,mobile,9.759624007367174,17.0,163.7478767099546,43.0,0.1853183422704647,11.891188774562297,76.0,0.3490856212019674,0.0,0.2117398200880807,-1,Noise / Outliers
CUST_00957,40.0,32223.263122519613,West,store,73.4816051935374,8.0,52.26632739924136,30.0,0.0647368848694412,4.0739682126163,24.0,0.4026603836177422,1.0,0.1883348026076624,0,Budget Shoppers
CUST_00958,32.0,61124.33906961511,East,mobile,7.76707468485131,14.0,8.0,22.0,0.1626981260289651,7.96606423429048,47.0,0.1013275423078193,1.0,0.1654657819240514,0,Budget Shoppers
CUST_00959,54.0,29620.304131845307,East,online,54.119756247147066,8.0,245.39301855775057,28.0,0.1295744714960434,1.392793177721018,37.0,0.3082805701017372,0.0,0.134636053148569,0,Budget Shoppers
CUST_00960,38.0,18411.793507541435,West,mobile,21.68380134436986,13.0,450.4726031265695,25.0,0.2048391539024996,6.668118221326017,72.0,0.1675163767661895,2.0,0.4823020475408808,-1,Noise / Outliers
CUST_00961,31.0,60931.65914494811,Central,online,245.101851676682,8.0,55.27769041691835,30.0,0.2313090111775077,6.216989237823337,84.0,0.3942541973865268,2.0,0.3896754810700897,0,Budget Shoppers
CUST_00962,19.0,19517.15905377538,East,mobile,63.94217865556442,10.0,9.864702076699931,25.0,0.0654027070657733,0.3846933453588521,43.0,0.2462364608497188,0.0,0.4517845989065799,0,Budget Shoppers
CUST_00963,28.0,75056.14671849931,North,mobile,47.10763780549435,5.0,44.78248124547345,35.0,0.0069668188220882,5.795837269924869,82.0,0.322797869177526,1.0,0.4619796537365363,0,Budget Shoppers
CUST_00964,68.0,27302.65802243849,South,online,71.60382139017239,18.0,208.5822837669002,24.0,0.1870999413639288,5.945201097339131,25.0,,2.0,0.0936348243646228,-1,Noise / Outliers
CUST_00965,56.0,12000.0,East,online,35.18217461266333,7.0,101.5886169329843,24.0,0.2579163868615735,4.464230597427241,87.0,0.2316833138242717,0.0,0.1687066194582127,0,Budget Shoppers
CUST_00966,55.0,51536.473696902525,East,mobile,64.94854197047974,13.0,,24.0,0.1024688756072103,6.882558344712281,18.0,0.3712798429285829,2.0,0.2214537334977664,0,Budget Shoppers
CUST_00967,,61181.079072522654,Central,mobile,10.592015702665687,21.0,52.884826507276856,28.0,0.0427101691911989,0.5467861557109046,51.0,0.2847889542719437,1.0,0.2487112640951059,0,Budget Shoppers
CUST_00968,55.0,68812.45140100269,North,online,3.598412257418948,11.0,15.939816420855689,36.0,0.1409557436343383,10.13335615291415,46.0,0.4638926454307919,1.0,0.0767386807154168,0,Budget Shoppers
CUST_00969,67.0,61784.34537834878,South,online,33.49274870165276,8.0,53.92126805888722,33.0,0.1049249328999524,6.246150207734029,75.0,0.3926507105406384,1.0,0.5999676778302373,0,Budget Shoppers
CUST_00970,51.0,34695.12233540967,East,mobile,19.963360211690496,7.0,82.5607757224663,27.0,0.0404738631111111,0.385792907193959,59.0,0.3244994753923911,2.0,0.2548064038598482,0,Budget Shoppers
CUST_00971,35.0,73687.34598038529,South,online,19.456293980411257,14.0,145.36945736977344,32.0,0.1290657557028497,11.805216413270898,39.0,0.2845339020452679,4.0,0.6652650056160624,0,Budget Shoppers
CUST_00972,47.0,79123.04714255442,West,online,26.184443284455785,6.0,,24.0,0.2507267973772182,4.58103105510625,78.0,0.2560096688769109,2.0,0.3381796543597782,0,Budget Shoppers
CUST_00973,32.0,31473.23317397815,East,online,15.695741952796409,10.0,295.9724987686604,31.0,0.0231317052748664,11.840733365704867,86.0,0.2683961452747955,2.0,0.0387594660009163,0,Budget Shoppers
CUST_00974,44.0,54017.864949488496,East,online,34.42805342263397,10.0,86.21594550731469,23.0,0.3377150174429253,2.163985888570691,38.0,0.2234604686322104,2.0,0.0909090553541332,0,Budget Shoppers
CUST_00975,68.0,51962.31940360157,West,mobile,1.0865863728018283,5.0,67.53044163832357,25.0,0.0227606152397049,0.3596661213877361,55.0,,0.0,0.2045542762040537,0,Budget Shoppers
CUST_00976,,62848.39482133674,Central,store,122.6029876212782,6.0,117.16746507581844,18.0,0.1745433174525562,8.560606094595563,79.0,0.1723597423116715,1.0,0.4242637029133178,0,Budget Shoppers
CUST_00977,69.0,53491.67658096961,East,mobile,90.52380986539856,11.0,23.851192628864304,27.0,0.3562446695246149,11.34510374957232,5.0,0.1576588925872477,4.0,0.4449688003070666,0,Budget Shoppers
CUST_00978,74.0,56506.68901439451,South,online,95.81365563425528,12.0,14.651589550147325,19.0,0.1384465810552551,0.9311018340781968,5.0,0.4353339173202919,1.0,0.3328721511251919,0,Budget Shoppers
CUST_00979,55.0,72119.94166531721,North,mobile,15.89475247362963,12.0,55.31168814959506,29.0,0.2851931756576754,8.826315674241586,50.0,0.5641884269512336,0.0,0.3492740776509954,0,Budget Shoppers
CUST_00980,50.0,33495.23180877507,South,online,26.566890481216184,12.0,8.0,31.0,0.0298796377593162,0.8304669685702577,42.0,0.2697728738645842,0.0,0.1921531964495895,0,Budget Shoppers
CUST_00981,41.0,74222.20897573813,Central,online,107.8684991146568,12.0,61.63889101611864,26.0,0.1306430099904411,9.526892600178751,19.0,0.1285475267015523,3.0,0.4586989912560693,0,Budget Shoppers
CUST_00982,32.0,83104.92009368751,North,store,81.42138331980637,12.0,144.71256329192192,35.0,0.0857686482330881,6.975181942388287,34.0,0.4526546959923095,0.0,0.1497660672294481,0,Budget Shoppers
CUST_00983,47.0,93950.96985675512,South,online,54.66344090885696,9.0,217.3553306281734,30.0,0.1070304046824948,9.381880164649443,53.0,0.2616106584813624,0.0,0.4899008124340532,0,Budget Shoppers
CUST_00984,72.0,12000.0,South,store,18.309207343568985,12.0,112.70177100888044,30.0,0.1743897140989121,4.457799866216635,80.0,0.4814503877924609,1.0,0.1298602902733386,0,Budget Shoppers
CUST_00985,59.0,53976.163543465205,West,online,29.081198064827166,5.0,152.81237441724195,29.0,0.1936026085172305,10.86461226532366,21.0,0.0896545861984266,1.0,0.0725221668573224,0,Budget Shoppers
CUST_00986,,14767.78736422104,Central,mobile,55.111481082450105,7.0,232.77006167860108,22.0,0.381340389960261,3.631940671029354,45.0,0.1769279954958081,0.0,0.4218005698862603,0,Budget Shoppers
CUST_00987,34.0,12000.0,West,online,11.15958555739333,14.0,192.83921092799264,28.0,0.1484118513133443,3.398442379934005,96.0,0.4740141651448097,0.0,0.4608161678989537,0,Budget Shoppers
CUST_00988,22.0,61170.047047364525,North,online,34.464560315400746,11.0,50.13266518724652,21.0,0.0420107325161611,11.527611602366632,60.0,0.5330907096173269,1.0,0.1654574412375376,0,Budget Shoppers
CUST_00989,46.0,49218.660557292045,West,online,61.595766497699785,8.0,110.75501284090906,27.0,0.265341033306868,1.4737946269543505,53.0,0.434644671234058,0.0,0.3618338103593121,0,Budget Shoppers
CUST_00990,21.0,64596.72093895642,Central,store,43.01976231262484,4.0,39.99905132780654,35.0,0.0285724749708264,7.110684032952414,19.0,0.3464570350363851,1.0,0.4561788429586646,0,Budget Shoppers
CUST_00991,27.0,68694.80918192095,East,mobile,22.852486289169143,16.0,111.64521663919676,28.0,0.1870498546115905,6.888077530327974,88.0,0.4836562858005346,2.0,0.2671860490332622,0,Budget Shoppers
CUST_00992,73.0,85453.71107837425,East,store,30.74867221483019,11.0,72.16667641748099,29.0,0.1547965498585858,2.840855705426653,35.0,0.6127249080760092,0.0,0.1920813686594262,0,Budget Shoppers
CUST_00993,34.0,59186.24935672716,North,mobile,156.82766990298344,6.0,60.64350567131847,30.0,0.0243066799104556,3.804956843652738,82.0,0.3913203168676427,1.0,0.2989630042042815,0,Budget Shoppers
CUST_00994,27.0,122313.82358101994,East,store,32.244541260832634,9.0,26.36486898827045,32.0,0.2115772612469767,3.439059500191708,14.0,0.3566227537365775,2.0,0.3733965056640139,0,Budget Shoppers
CUST_00995,34.0,64741.01680967468,West,online,53.899813139796194,9.0,107.24645148421362,30.0,0.0794216958208706,10.152810214550934,86.0,0.581824632034205,1.0,0.4664638076410504,0,Budget Shoppers
CUST_00996,37.0,98534.53898047864,North,online,45.38928734353206,10.0,169.8844056912127,22.0,0.1053118768242478,4.674637156404759,94.0,0.2991732403666562,1.0,0.4525430759496209,0,Budget Shoppers
CUST_00997,41.0,12000.0,Central,mobile,42.31338677583729,7.0,110.10357333054677,24.0,0.2499683761860808,4.304415393583341,12.0,0.1979194632177876,0.0,0.0500034038180406,0,Budget Shoppers
CUST_00998,22.0,87694.26965011374,North,mobile,44.10284815048762,6.0,9.326134848788962,28.0,0.1417806377412097,7.640649550607314,49.0,0.3349734439203063,0.0,0.4454347439245005,0,Budget Shoppers
CUST_00999,51.0,54023.26922449767,North,mobile,21.20604658185753,10.0,335.5733374304354,36.0,0.2247239229776396,5.946080634208107,76.0,0.6289568194112548,1.0,0.2692240656706967,0,Budget Shoppers
CUST_01000,23.0,15136.360292600024,South,online,22.49655194189665,8.0,8.0,18.0,0.1002361735498105,5.111679983810905,94.0,0.4519578325494447,1.0,0.368077874642266,0,Budget Shoppers
CUST_01001,70.0,67251.99240301864,South,online,22.079883365408957,6.0,281.2324936828053,31.0,0.1616809723769683,8.513045814142245,3.0,0.2270515915051918,0.0,0.2099563840179538,0,Budget Shoppers
CUST_01002,19.0,51334.97816434502,North,store,1.183703996204138,6.0,188.8571845548241,19.0,0.1731908454487976,4.951431509609217,96.0,0.2695816332468557,0.0,0.2038602646037937,0,Budget Shoppers
CUST_01003,30.0,70761.17146585912,East,mobile,9.65438528285841,12.0,13.200534533900145,25.0,0.2122434086645285,2.6658982953525583,27.0,0.2137005537217756,2.0,0.3536382028283501,0,Budget Shoppers
CUST_01004,60.0,80243.68206612373,South,online,5.876598568023499,7.0,35.09044271974738,20.0,0.1897769715450002,8.902157132251592,92.0,0.5135641110236001,2.0,0.1923356125027961,0,Budget Shoppers
CUST_01005,60.0,25238.69743124489,Central,mobile,76.14138274058095,5.0,55.79538093863928,40.0,0.0848651375202595,0.8137692042972051,82.0,0.4118230434900848,4.0,0.1302280706854911,0,Budget Shoppers
CUST_01006,65.0,80328.21761401347,West,store,11.253948014811463,4.0,313.46830384298715,28.0,0.2246542396708879,11.99611978512796,25.0,0.1783134733585817,2.0,0.2491561623128309,0,Budget Shoppers
CUST_01007,28.0,58142.54865285577,South,online,5.215477304205035,10.0,508.08426152774007,30.0,0.0815822510256744,7.159572146842715,15.0,0.321034363468479,1.0,0.2962853237909376,0,Budget Shoppers
CUST_01008,,87762.505843252,North,store,4.464899476632504,7.0,11.85648325092041,35.0,0.156849275264661,2.5956276147782917,27.0,0.1319096890955969,2.0,0.1619967797850403,0,Budget Shoppers
CUST_01009,64.0,53486.7389620469,East,store,42.13786220258566,8.0,65.74432061382007,29.0,0.0410496384831655,2.378175401107689,15.0,,2.0,0.2688825009669434,0,Budget Shoppers
CUST_01010,74.0,47651.004364308734,West,store,1.0,15.0,21.01767360877344,29.0,0.1105892114471968,3.284589813884147,30.0,0.3505078051982288,0.0,0.3596580439382011,0,Budget Shoppers
CUST_01011,40.0,58595.18889515693,South,store,22.306985448919058,12.0,42.42354705038728,34.0,0.064887135367593,10.55126293700571,75.0,0.2753425403957322,1.0,0.2352034802687223,0,Budget Shoppers
CUST_01012,72.0,60240.93554035677,East,mobile,4.429297568205652,6.0,515.713016770062,25.0,0.1669822301324914,9.920262117557536,59.0,,5.0,0.0374457419391697,0,Budget Shoppers
CUST_01013,33.0,43418.73436718182,East,online,66.3207422546722,8.0,541.0807507637896,21.0,0.1216159814578969,1.7343376007960345,45.0,0.0915235203272757,0.0,0.4833505395841496,0,Budget Shoppers
CUST_01014,48.0,47081.29591898376,East,online,111.3303217809069,12.0,83.05963637571278,24.0,0.0998033629353201,7.200487771820487,53.0,0.3194933997271716,3.0,0.3862645683580538,0,Budget Shoppers
CUST_01015,28.0,31008.73824069663,North,online,111.58756282463057,8.0,26.29718097289923,33.0,0.1048554013525327,10.930835226118733,78.0,0.163141981793529,0.0,0.4177912382408629,0,Budget Shoppers
CUST_01016,71.0,48437.80802461572,Central,online,20.41661992248898,8.0,102.9475458787703,23.0,0.1584833194924483,8.797612421750511,45.0,0.1287796455423857,1.0,0.163552832062307,0,Budget Shoppers
CUST_01017,33.0,72878.82131994673,East,online,36.19951057963968,7.0,50.26718411464161,34.0,0.1706076441448629,7.0494892625329575,92.0,0.1881657581311217,0.0,0.1734380127249829,0,Budget Shoppers
CUST_01018,25.0,54978.20817406484,West,online,32.04429712973009,6.0,343.550441295812,32.0,0.0711714496096481,2.503563523781854,72.0,,3.0,0.0520923416052708,0,Budget Shoppers
CUST_01019,21.0,80199.43651304122,South,online,15.079496815933052,13.0,221.6404838015461,24.0,0.3277112779723403,11.322340653488215,61.0,0.4931552714347288,2.0,0.5845363966645941,0,Budget Shoppers
CUST_01020,57.0,53920.551711632375,West,online,20.548604412793267,7.0,48.02003658836326,31.0,0.1160960351931277,10.701649725755878,11.0,0.3037757543260591,1.0,0.16363184192119,0,Budget Shoppers
CUST_01021,21.0,26506.604050087088,North,store,2.3269992443285865,7.0,,30.0,0.1127941670572912,3.8546991878868258,78.0,0.1092930158499053,3.0,0.2870380455810977,0,Budget Shoppers
CUST_01022,73.0,,North,online,55.5856364814219,9.0,811.0994426467474,22.0,0.4250870811131124,5.972219916961176,51.0,,2.0,0.3445758028753657,0,Budget Shoppers
CUST_01023,42.0,43180.29089726515,West,mobile,9.64231302379811,9.0,149.492098865077,29.0,0.1187073033705027,0.9820877856076122,86.0,0.3016828327531202,0.0,0.0434718797131868,0,Budget Shoppers
CUST_01024,20.0,52865.91964720224,Central,mobile,21.60071044915868,14.0,72.10466844965812,26.0,0.0065801482762936,7.577466441209951,89.0,0.2230471990029184,2.0,0.4928489850703368,0,Budget Shoppers
CUST_01025,49.0,85226.58504465058,North,online,22.92923146323744,8.0,44.24129246404794,29.0,0.3298903914544722,0.6525512055178933,74.0,0.3258194330567427,2.0,0.2297883364677148,0,Budget Shoppers
CUST_01026,20.0,32460.849886126696,North,store,28.79098077659038,8.0,8.0,26.0,0.1645020407917541,10.872201012396674,100.0,0.0794348039671139,1.0,0.2253494700774551,0,Budget Shoppers
CUST_01027,44.0,61624.36332421647,West,mobile,59.607485270048194,8.0,21.73443236630644,34.0,0.1641236663549576,10.564712247439214,39.0,0.0730937264337196,0.0,0.3983780146463607,0,Budget Shoppers
CUST_01028,46.0,57108.59629921258,North,online,41.20442749082618,5.0,8.0,23.0,0.1830005959539663,3.3774363881397744,24.0,0.2568041701017385,1.0,0.2365472875764766,0,Budget Shoppers
CUST_01029,49.0,73420.36573961627,Central,online,38.07508094380591,6.0,118.33509591637862,25.0,0.0963449050681864,8.904586392353437,6.0,0.4217891112385457,2.0,0.526166717782535,0,Budget Shoppers
CUST_01030,67.0,76813.3740406045,Central,online,26.184268997505832,11.0,141.52989210076808,22.0,0.2024132876308736,5.272288132110857,33.0,0.1781541061879052,2.0,0.4361143441098657,0,Budget Shoppers
CUST_01031,68.0,63804.45809347563,Central,online,3.5306941650578096,8.0,189.25949673777305,20.0,0.2266472995518984,10.144339387962743,22.0,0.5833350153918195,2.0,0.4178174224910835,0,Budget Shoppers
CUST_01032,36.0,50071.757775231206,South,online,17.996254212023132,10.0,26.91303897485337,39.0,0.2335961760704724,0.7376376422229227,60.0,0.2893803269256415,3.0,0.1397014445107676,0,Budget Shoppers
CUST_01033,38.0,68414.19508857113,Central,mobile,110.3882878156366,10.0,13.116180460961608,30.0,0.0963060519669232,6.068486128816755,20.0,0.2067442478003904,2.0,0.4218032917888892,0,Budget Shoppers
CUST_01034,22.0,87384.42973718037,Central,store,189.50465648869172,11.0,136.64751212162548,26.0,0.1817428951590542,4.768651898094828,11.0,0.2714653553018699,2.0,0.0512864425396183,0,Budget Shoppers
CUST_01035,35.0,57399.62132792659,South,mobile,45.89130033687159,13.0,90.08160733886788,38.0,0.3112999666826835,3.1244179349238697,35.0,0.1185922630990037,3.0,0.5797823852749562,0,Budget Shoppers
CUST_01036,45.0,,East,online,9.034992402581144,8.0,271.04270079349186,28.0,0.0496765052341336,2.5113675369664605,35.0,0.1666979767131248,3.0,0.3171204693258079,0,Budget Shoppers
CUST_01037,59.0,66539.74566869579,North,online,3.7612205064706847,8.0,99.05945754751868,25.0,0.3812797504155233,8.118390759282331,65.0,0.2571388029521658,1.0,0.1170714825778744,0,Budget Shoppers
CUST_01038,39.0,58851.99444813146,Central,online,18.750924773182827,9.0,76.50046178121478,32.0,0.068097759540909,2.4227737593395218,90.0,0.2597360438521529,2.0,0.3268994636094364,0,Budget Shoppers
CUST_01039,38.0,28570.39267380842,North,online,67.96725008826805,8.0,87.03304502462062,28.0,0.0913759667782931,7.586353408991731,78.0,0.0415523070869088,2.0,0.2998224851804702,0,Budget Shoppers
CUST_01040,23.0,63265.27760874459,West,online,44.78760785772066,9.0,198.2158201931864,28.0,0.3967284034026981,4.676527523354238,49.0,0.364458127951067,1.0,0.4193032057440506,0,Budget Shoppers
CUST_01041,18.0,28371.227007197194,North,store,75.36327863407911,10.0,8.0,29.0,0.3061342852121309,2.9113466838395285,66.0,0.1053281579634321,5.0,0.4080700157639871,0,Budget Shoppers
CUST_01042,22.0,529908.5937678864,South,online,33.47856337635332,8.0,3905.643988412064,28.0,0.1127790361817768,9.404580174457504,46.0,0.3610577056560317,0.0,0.4007666154182739,0,Budget Shoppers
CUST_01043,58.0,40462.86006305552,North,store,4.887384919942508,5.0,162.81520767188763,28.0,0.1470844526195897,4.366728456400136,5.0,0.3530264330241347,2.0,0.3311727869850822,0,Budget Shoppers
CUST_01044,29.0,58811.24569209961,North,online,4.267799017335424,10.0,281.49495545145453,24.0,0.0211600520742056,0.1793764148755121,39.0,0.3439696926193902,3.0,0.3411428089101813,0,Budget Shoppers
CUST_01045,43.0,66593.06593638321,North,store,1.721743202298849,7.0,417.1570785590777,38.0,0.0173101914789431,10.213742656897663,79.0,0.4092106037364379,2.0,0.2557450131862892,0,Budget Shoppers
CUST_01046,63.0,111985.87361075856,East,mobile,29.30207901540929,16.0,33.304462105597096,27.0,0.3542779845160645,3.774333231408749,85.0,0.442123384936525,2.0,0.1918060706934911,0,Budget Shoppers
CUST_01047,,74340.49915931234,East,mobile,9.738461423823226,2.0,112.2625215364256,24.0,0.0901079821661583,9.86774798746464,93.0,,0.0,0.7349979424936537,0,Budget Shoppers
CUST_01048,66.0,88025.57381433136,West,online,46.39957951973581,9.0,86.53022134969073,27.0,0.1678669393255193,6.556005008775869,51.0,0.1832801010707508,1.0,0.3415782139451015,0,Budget Shoppers
CUST_01049,31.0,99178.45201126634,South,store,40.57055044342791,6.0,100.2776166612632,28.0,0.0876579222461602,10.575917731195435,21.0,0.1258892290166104,1.0,0.302360354727948,0,Budget Shoppers
CUST_01050,43.0,68763.63017398778,North,store,13.401080462748332,11.0,8.0,31.0,0.1184799407701418,5.016814003471547,38.0,0.3415303819079176,2.0,0.0610017117234551,0,Budget Shoppers
CUST_01051,62.0,64285.17560587838,North,mobile,6.80953415931608,11.0,318.9215420850769,25.0,0.0661296465180143,2.033705902199755,36.0,0.3829703700063491,0.0,0.2959665303422731,0,Budget Shoppers
CUST_01052,44.0,34532.13560582325,North,mobile,3.7810896870322974,12.0,402.2328876271392,29.0,0.178391983615829,0.2160838839562706,14.0,0.4063027005394626,2.0,0.2374400392695228,0,Budget Shoppers
CUST_01053,26.0,55434.14148719132,North,mobile,46.78802539730148,7.0,150.22505659155672,22.0,0.0242029860372365,9.34236771289373,33.0,0.1444710123952186,1.0,0.1799964317812329,0,Budget Shoppers
CUST_01054,43.0,42092.06994801103,East,online,20.95236962848451,5.0,38.84143683630734,27.0,0.0332579170723252,9.351335483696165,23.0,0.4413753091021792,1.0,0.1500575251846621,0,Budget Shoppers
CUST_01055,74.0,49176.70529726351,West,mobile,13.680346798489206,9.0,201.16625440139225,22.0,0.1075191792759962,2.347449697757517,72.0,0.2153038256479595,0.0,0.223341532544523,0,Budget Shoppers
CUST_01056,64.0,99154.5942762343,Central,store,67.98704937279254,11.0,170.62153796874412,30.0,0.1124920741672389,11.46548792885276,84.0,0.3709431597389717,3.0,0.5888060981789827,-1,Noise / Outliers
CUST_01057,74.0,60521.673202399776,South,online,31.51574665164694,3.0,111.11133379880042,21.0,0.2977748057864595,11.389082564687088,38.0,0.3655412592062103,2.0,0.1307671056987801,0,Budget Shoppers
CUST_01058,39.0,38730.209290245606,North,online,25.54356042836861,8.0,24.260362098022423,20.0,0.2008254672452859,4.38600037952921,47.0,0.5319262682753781,0.0,0.3118595833649016,0,Budget Shoppers
CUST_01059,64.0,88239.7360032087,West,online,47.60544717555122,11.0,29.20037456464388,18.0,0.3563217760387862,1.7710684976756963,64.0,0.2018766464003779,0.0,0.3877426205388314,0,Budget Shoppers
CUST_01060,73.0,79016.06047722387,Central,mobile,59.16947895756914,8.0,115.71921309124724,35.0,0.253275611897302,3.406795038176857,47.0,0.3655034369602569,1.0,0.1106529602870633,0,Budget Shoppers
CUST_01061,47.0,80168.37683720872,West,online,40.55083547448382,14.0,17.928581813010616,33.0,0.061551214377555,11.151702553523602,1.0,0.2554792421458206,4.0,0.1212405723585805,0,Budget Shoppers
CUST_01062,60.0,,East,online,20.294042248540475,10.0,167.32294020086238,33.0,0.1619363397883231,7.313242750297829,42.0,0.5126290818306157,2.0,0.0950061131064116,0,Budget Shoppers
CUST_01063,65.0,100870.76106987268,Central,online,16.691691116015534,8.0,31.07247079148747,24.0,0.0394063479699228,10.972587575221,68.0,0.1420825467924404,5.0,0.4728454602711567,0,Budget Shoppers
CUST_01064,34.0,45712.675673934486,West,mobile,51.69294059328236,13.0,313.72784550752544,30.0,0.235976701201765,0.2738161583663427,78.0,0.534191557457106,0.0,0.0519688275947499,-1,Noise / Outliers
CUST_01065,43.0,75115.00500144062,East,online,25.53664997448275,16.0,,28.0,0.2714537108037654,11.890966233633376,86.0,,0.0,0.4830342050310622,0,Budget Shoppers
CUST_01066,53.0,113523.59539357472,West,mobile,42.6545348368425,8.0,45.18528276642121,28.0,0.1647718624494611,7.535937252715135,76.0,0.1431519056106668,1.0,0.2707418974640285,0,Budget Shoppers
CUST_01067,18.0,105417.3204601936,West,online,77.38173995979511,12.0,11.31906830016617,24.0,0.1969134793443656,2.228767305469494,25.0,0.2240090142834822,2.0,0.4003699804584158,0,Budget Shoppers
CUST_01068,25.0,36493.63323960089,Central,mobile,86.64730758401407,13.0,122.88190362301088,28.0,0.0576168855513496,6.081307259542413,57.0,0.4872961702461033,2.0,0.3374352591208288,0,Budget Shoppers
CUST_01069,66.0,,East,store,11.386772815638166,13.0,77.34458853561202,27.0,0.1013927337644168,9.84115842915405,52.0,0.1187638416654414,1.0,0.1941546092722265,0,Budget Shoppers
CUST_01070,52.0,89467.62517465441,North,online,7.284179657393538,10.0,20.1688355301872,29.0,0.1705428987569478,1.6930428495613443,7.0,0.3815314984285397,2.0,0.0974916814888976,0,Budget Shoppers
CUST_01071,69.0,61125.22785506799,South,online,10.599619936801856,7.0,98.5633523802732,35.0,0.1754687416975027,7.30310717616678,7.0,0.1210760406986524,1.0,0.3315558051943673,0,Budget Shoppers
CUST_01072,32.0,46980.60829135424,Central,store,48.71287934076294,12.0,640.0169621790313,32.0,0.0209325378683117,8.322704501906712,56.0,0.3432751279956075,1.0,0.5060553572795458,0,Budget Shoppers
CUST_01073,64.0,71666.80803265904,East,online,16.174465459184287,6.0,9.292094603165566,31.0,0.0710559867608324,4.953874437171658,39.0,0.3303059798074772,2.0,0.1504055154893232,0,Budget Shoppers
CUST_01074,73.0,54416.6492958923,West,online,6.664749322651003,4.0,39.82979408930808,31.0,0.1705071041404772,6.499212229993219,70.0,0.2077129941000533,2.0,0.8014255751491614,0,Budget Shoppers
CUST_01075,39.0,73429.13101507236,East,store,3.624887894433648,11.0,100.5577162091756,25.0,0.0078891510075694,10.04809785708013,83.0,0.4247042219378722,1.0,0.0468743175823526,0,Budget Shoppers
CUST_01076,31.0,59473.59977201212,South,store,13.876639698414747,12.0,204.98183380269683,36.0,0.2469756386845351,11.421114243298504,58.0,0.3075422924092294,1.0,0.141433879891961,0,Budget Shoppers
CUST_01077,43.0,73892.53442321967,South,mobile,5.121915390222618,9.0,8.0,30.0,0.1087943917079464,6.650274116767896,23.0,0.3876755986089563,1.0,0.39064286005485,0,Budget Shoppers
CUST_01078,45.0,38320.280838999446,North,online,5.95159429449542,11.0,171.54906256266088,32.0,0.1872055884434983,8.431481602756241,10.0,0.4695168884047433,3.0,0.6028550602806549,0,Budget Shoppers
CUST_01079,40.0,89338.16428891796,North,online,40.3076086051876,14.0,19.58937288653627,23.0,0.1012751585992449,3.873673590627017,72.0,0.2437880545471866,5.0,0.2986921084675238,0,Budget Shoppers
CUST_01080,31.0,73347.71415611364,South,online,1.0,15.0,230.87503069585065,21.0,0.3094671534444767,4.008691987446683,36.0,0.1701545144175736,2.0,0.2492052971007351,-1,Noise / Outliers
CUST_01081,41.0,72218.5421268786,Central,mobile,4.376989578942801,16.0,153.16953614830246,31.0,0.2393192047230536,10.66085575544653,71.0,0.2754185371757293,2.0,0.3969740848001406,0,Budget Shoppers
CUST_01082,19.0,33411.26160573613,Central,mobile,65.10857195468483,11.0,79.2670411657785,38.0,0.233879370988687,1.1838929602237096,3.0,0.4968352719787344,1.0,0.0528584816263938,0,Budget Shoppers
CUST_01083,62.0,95391.91316617344,West,store,65.23216088970507,8.0,224.07233043566208,29.0,0.1155087304070926,2.4658531762056857,72.0,0.3450258102000612,3.0,0.3318766234613991,0,Budget Shoppers
CUST_01084,43.0,57698.2458139421,North,online,13.977217359635304,9.0,171.68956683506065,25.0,0.1461295838997357,3.238728868372419,77.0,0.0851982100674399,1.0,0.1777575495813274,0,Budget Shoppers
CUST_01085,31.0,74017.0749734565,West,mobile,3.2222317513308467,10.0,185.0838764904814,34.0,0.1527585068759637,1.132275669757659,95.0,0.3166498083209673,1.0,0.1056087974290772,0,Budget Shoppers
CUST_01086,73.0,50897.86179757461,North,online,42.72377775165744,9.0,,25.0,0.1326258945585298,8.01140162632616,13.0,0.3443830150455217,0.0,0.0324655008484659,0,Budget Shoppers
CUST_01087,68.0,63739.55942300614,South,online,15.627251008146157,12.0,125.58726152777344,31.0,0.0296878707024909,10.875274498837513,90.0,0.3521350703330763,1.0,0.4285467526151894,0,Budget Shoppers
CUST_01088,24.0,64536.801746626894,Central,mobile,1.6285702133540434,13.0,19.774277270621656,17.0,0.029374654299672,0.3239395771461226,48.0,0.2869064322391814,0.0,0.2807447703060528,0,Budget Shoppers
CUST_01089,20.0,12000.0,Central,online,6.01194301599075,8.0,223.54694864012143,23.0,0.3053319953214562,3.027531755081622,66.0,0.2303873857932822,0.0,0.1438531923520798,0,Budget Shoppers
CUST_01090,64.0,70813.85874240629,South,mobile,5.1656336177206725,7.0,97.25492923784422,27.0,0.0910651690140552,11.047344237924651,3.0,0.0678051548301313,1.0,0.2923610448969037,0,Budget Shoppers
CUST_01091,40.0,101237.51215788584,West,mobile,31.130581284798524,10.0,226.49960578413683,37.0,0.2387559328483933,5.587572946215319,63.0,0.4251914907561765,1.0,0.1554954140493384,0,Budget Shoppers
CUST_01092,63.0,69875.16569782306,West,store,79.9377568880583,11.0,30.834415773000785,35.0,0.0610805278650202,10.627562789040308,15.0,0.1941802562686013,3.0,0.1348885931474746,0,Budget Shoppers
CUST_01093,60.0,36930.41852442576,East,mobile,55.138458667185645,9.0,18.1551094883171,34.0,0.1465481487616315,11.328469368997409,2.0,0.2153081760069995,2.0,0.5916318261420545,0,Budget Shoppers
CUST_01094,64.0,72299.15445538552,North,store,27.677838666299607,5.0,151.82205374509684,23.0,0.4166698836484231,11.891235829905888,61.0,,0.0,0.1148498514328778,0,Budget Shoppers
CUST_01095,62.0,,West,mobile,19.195746422332256,11.0,8.0,31.0,0.1903289955222913,4.748585580943095,59.0,0.1136443588765929,3.0,0.0890140651958397,0,Budget Shoppers
CUST_01096,35.0,69274.26335618852,South,online,33.74377058598262,6.0,36.360390616367376,31.0,0.015069332544824,4.115707250009231,17.0,0.212141954651873,0.0,0.2249235254920865,0,Budget Shoppers
CUST_01097,55.0,56369.20365853904,West,online,20.532758562275728,6.0,311.18801750361206,23.0,0.256773823601387,8.983659962632174,11.0,0.4432100809039598,2.0,0.4253776266468985,0,Budget Shoppers
CUST_01098,,52672.71703187352,Central,mobile,9.887303367161962,7.0,18.516833610654423,25.0,0.1563328789168918,7.134711113055154,5.0,0.1523014708439758,5.0,0.1863829715579863,0,Budget Shoppers
CUST_01099,68.0,52581.18538193025,North,mobile,39.79253147896584,7.0,61.21614819242356,31.0,0.1774714466385124,7.910444143779108,70.0,0.1216934778852741,2.0,0.1376851588989548,0,Budget Shoppers
CUST_01100,32.0,73351.09182224667,East,mobile,72.29218053039862,7.0,378.4399824094256,25.0,0.2596514288078997,6.388353811679913,67.0,0.23516164442131,1.0,0.1703834362219833,0,Budget Shoppers
CUST_01101,42.0,27043.27210868818,North,online,16.331068271344407,10.0,8.0,20.0,0.1004562146683018,6.169697925662757,23.0,0.2654145502014055,1.0,0.1988622645493981,0,Budget Shoppers
CUST_01102,72.0,49818.79046118105,Central,online,64.47851947211055,10.0,76.6161628000658,23.0,0.1173254697787408,3.779615156412461,96.0,0.2730590927056535,0.0,0.4162028836806104,0,Budget Shoppers
CUST_01103,54.0,93103.41610624084,Central,online,19.740666729844257,7.0,200.71057046043197,24.0,0.1460710161890057,7.147204483758754,63.0,0.5313226808369704,1.0,0.069714652054749,0,Budget Shoppers
CUST_01104,,93952.29586469788,Central,mobile,17.956913733328,7.0,311.5684611651593,26.0,0.094737205942587,3.2185813995462293,4.0,0.1065950525059257,3.0,0.5490064408928838,0,Budget Shoppers
CUST_01105,27.0,25480.764068363434,Central,mobile,1.0056630987338628,8.0,172.9266332722662,27.0,0.118240085395476,4.267905903966318,29.0,0.1822262983542289,2.0,0.3636993539560483,0,Budget Shoppers
CUST_01106,56.0,33108.900552200605,South,mobile,41.592542300202695,11.0,285.05882025770524,26.0,0.0359231177891989,7.567133792504658,17.0,0.4482640979975459,2.0,0.2765969875000765,0,Budget Shoppers
CUST_01107,74.0,52046.34725038539,East,online,57.66852849851582,8.0,8.0,34.0,0.0527601930438519,7.639509640755191,95.0,0.050481643931586,1.0,0.3533181634521675,0,Budget Shoppers
CUST_01108,34.0,77636.96937651574,Central,online,38.12642035787657,10.0,,25.0,0.0479260200995964,6.925403883973901,35.0,0.1316721136616042,1.0,0.1952659570635512,0,Budget Shoppers
CUST_01109,56.0,17795.564210834214,Central,mobile,5.744246618030968,6.0,173.98780501453416,25.0,0.1825230060823179,8.09675112805737,48.0,0.2088809757419747,1.0,0.1717354400517253,0,Budget Shoppers
CUST_01110,39.0,56794.210031815484,West,mobile,3.8159322622474408,10.0,181.96058174777303,26.0,0.2007179093111254,4.94296104468727,85.0,0.2687388807502228,2.0,0.1033369770153893,0,Budget Shoppers
CUST_01111,43.0,47568.05855524781,East,online,29.77241847967939,9.0,120.84240376285122,28.0,0.0240515313374469,7.132231668754331,87.0,0.3928961916534531,0.0,0.2781008982035504,0,Budget Shoppers
CUST_01112,61.0,87171.22283427513,North,mobile,17.96745693946272,11.0,170.34653084777486,24.0,0.0959914432926396,1.143432420812578,48.0,0.3986517783346847,1.0,0.0836113588838965,0,Budget Shoppers
CUST_01113,42.0,21108.01357267641,East,online,19.618806673477813,8.0,253.7993091838859,25.0,0.0629514811731768,5.804692592296973,95.0,0.3745488688458672,3.0,0.3802545373174665,0,Budget Shoppers
CUST_01114,34.0,60035.893540859695,East,mobile,120.25287712506108,8.0,102.50745499369783,34.0,0.1155038772529016,7.032531859064815,53.0,0.1952660649398463,2.0,0.2161269283204075,0,Budget Shoppers
CUST_01115,30.0,49340.59237833094,East,store,45.04759964846637,8.0,382.668285791628,35.0,0.2206411034308226,5.066475023524236,65.0,0.3088512979581439,2.0,0.4256989182700854,0,Budget Shoppers
CUST_01116,37.0,90335.57637810036,Central,mobile,18.57335929686995,9.0,154.04312488683908,28.0,0.1415488984055739,0.2035796052030503,75.0,0.1982974294131152,0.0,0.3306313871979732,0,Budget Shoppers
CUST_01117,42.0,71148.3582197715,Central,mobile,1.0,3.0,83.02125863020352,34.0,0.1265932060626159,8.412017313654388,1.0,0.0848807379467923,1.0,0.390727270968825,-1,Noise / Outliers
CUST_01118,21.0,45112.05549632984,South,online,1.214168052218911,9.0,71.15524801592495,27.0,0.1814653841227874,5.4658762528567415,7.0,0.4541343983136704,1.0,0.1027907943591197,0,Budget Shoppers
CUST_01119,27.0,76774.5017532398,North,mobile,40.40958760411723,8.0,180.30502958399123,28.0,0.2728697866022445,1.8683226620751872,77.0,0.0712509803055661,2.0,0.0715823518205289,0,Budget Shoppers
CUST_01120,20.0,49445.76522721138,West,mobile,63.64916764557699,6.0,129.4177604057266,28.0,0.2143390771587637,11.67021180307754,84.0,0.5803038837215966,3.0,0.2854019462695624,0,Budget Shoppers
CUST_01121,58.0,79985.25364727459,East,mobile,43.0494261039502,6.0,221.0903297421714,30.0,0.0400575373988097,11.30896668937724,70.0,0.2211635551887987,1.0,0.4682684535089889,0,Budget Shoppers
CUST_01122,62.0,52784.30620051728,North,mobile,18.22404530775187,6.0,197.42070705119053,33.0,0.2953274330622351,1.9042365912252808,30.0,0.0667201318477987,0.0,0.3725598569490755,0,Budget Shoppers
CUST_01123,35.0,81202.66473291279,North,online,1.107076506453894,9.0,96.5592350920443,20.0,0.0444727209696506,8.486481948007773,70.0,,3.0,0.2232064473517062,0,Budget Shoppers
CUST_01124,64.0,67593.8030127995,South,store,119.822254967643,15.0,378.7243229935159,32.0,0.2861703866073466,6.210182699338317,98.0,0.2789081358923017,4.0,0.3641531218639802,-1,Noise / Outliers
CUST_01125,53.0,129730.80377521132,West,mobile,150.25483168453,10.0,158.37449530622882,19.0,0.0586554982596566,3.471561041807992,99.0,0.1755860646970678,1.0,0.0895620582845001,-1,Noise / Outliers
CUST_01126,64.0,56836.28788084791,East,online,27.89838045410144,8.0,29.145166317832725,28.0,0.3028480747324272,8.212462972644389,84.0,0.4994487634624569,1.0,0.3764392938563516,0,Budget Shoppers
CUST_01127,39.0,66422.97041567187,West,mobile,2.56523472211259,11.0,125.26940501971389,25.0,0.3902827652775273,5.373911438563745,38.0,0.3166837243387809,1.0,0.1564345170349919,0,Budget Shoppers
CUST_01128,51.0,47452.65568224951,South,online,27.252580976146454,8.0,29.30361760933546,25.0,0.1016617068999223,10.78208230059838,30.0,0.3725768592974031,1.0,0.2438595147710029,0,Budget Shoppers
CUST_01129,64.0,58059.07749660513,Central,online,78.00670348082421,9.0,106.3879345973551,32.0,0.0189472563744855,8.44359691553813,97.0,0.3550311677749488,2.0,0.2590235730668179,0,Budget Shoppers
CUST_01130,25.0,12000.0,North,online,39.87861511774626,8.0,202.84363645433328,25.0,0.1690881028027583,6.091029617647047,54.0,0.3095504342248766,0.0,0.2125927754133158,0,Budget Shoppers
CUST_01131,57.0,68242.84836390271,East,mobile,44.55245255842724,11.0,217.6206404016108,28.0,0.1191587649340331,5.422610926501443,88.0,0.3900365170320968,1.0,0.4307640857783247,0,Budget Shoppers
CUST_01132,66.0,87543.23268488706,Central,store,3.107938739325557,9.0,136.78367324272452,28.0,0.1032566807423939,0.3789085582916383,95.0,,3.0,0.1360884616502167,0,Budget Shoppers
CUST_01133,61.0,66725.8601011858,South,mobile,3.941768899800742,7.0,198.8050808164933,29.0,0.2280386373548584,1.9302567115097888,16.0,0.3120277536904758,1.0,0.2166752137537262,0,Budget Shoppers
CUST_01134,,29095.0479244977,West,mobile,4.767676120158834,11.0,83.08370128521133,26.0,0.3067868495201092,0.5409186512886679,16.0,0.3233527618344283,3.0,0.1859671633128776,0,Budget Shoppers
CUST_01135,59.0,40360.68264040197,North,online,82.15690568956789,10.0,103.99560506414976,28.0,0.0501060345880678,0.7611551679125297,27.0,0.0872244241228984,2.0,0.0871929190935159,0,Budget Shoppers
CUST_01136,58.0,12000.0,East,online,26.118077458183805,9.0,275.2091831550091,23.0,0.1662370006683783,0.8051075842086863,100.0,0.3749440895751721,1.0,0.1174639989810014,0,Budget Shoppers
CUST_01137,54.0,79536.32815103933,Central,online,54.88617670089512,9.0,88.32243701543443,30.0,0.1436238696402829,0.1689880090239093,22.0,0.1746326746121738,3.0,0.100009539393827,0,Budget Shoppers
CUST_01138,23.0,35856.70756038923,Central,mobile,4.287387837424264,11.0,56.187729747600265,26.0,0.1226294415495525,9.496156277483568,15.0,,1.0,0.4218931492554028,0,Budget Shoppers
CUST_01139,69.0,57368.41101533099,North,store,91.91486530500788,5.0,207.2866505831128,39.0,0.15314977398773,5.7428596500472935,46.0,0.430267958001348,0.0,0.0916098560793026,0,Budget Shoppers
CUST_01140,43.0,54617.77340880116,West,online,60.24072584670603,13.0,8.0,29.0,0.125336537445237,8.989772068850877,1.0,0.5274376099990291,5.0,0.0634770161610853,0,Budget Shoppers
CUST_01141,51.0,90729.99478448188,South,mobile,8.910578831190538,8.0,413.2209130720977,27.0,0.0701121770705634,2.0126928841138625,28.0,0.222912720627619,0.0,0.1821640392937563,0,Budget Shoppers
CUST_01142,73.0,59876.18899524624,West,store,72.55222502184961,9.0,54.02984903238431,22.0,0.0547586712703917,10.094571517228207,33.0,0.3455601763811622,1.0,0.3050154264127555,0,Budget Shoppers
CUST_01143,62.0,75795.64424233222,West,online,10.701891421884008,5.0,129.11800274598824,27.0,0.1089045016714205,1.1292862729217568,100.0,0.2418118774882948,0.0,0.2606142955066,0,Budget Shoppers
CUST_01144,23.0,70022.20281124857,West,mobile,8.044427192278523,10.0,150.36176101088552,25.0,0.3347342638662532,3.8647581090512695,15.0,0.4256161189955034,2.0,0.0634545591237907,0,Budget Shoppers
CUST_01145,54.0,87907.05123915078,North,mobile,10.739982787675094,7.0,19.16605190194037,25.0,0.0947932764204192,4.448437864365372,95.0,0.2049135478672782,1.0,0.2540876414433001,0,Budget Shoppers
CUST_01146,74.0,52739.27872093491,North,mobile,84.26062527008425,5.0,225.0061179107088,24.0,0.2261555227312038,2.828771760360051,57.0,0.3518784528593471,0.0,0.3494929342483822,0,Budget Shoppers
CUST_01147,,99131.53727109935,South,online,86.52325232368504,14.0,110.356485253653,37.0,0.1300131360661789,1.647643955542046,70.0,,3.0,0.0369975942570543,0,Budget Shoppers
CUST_01148,70.0,14315.43255921507,West,mobile,13.964294574754202,7.0,51.6607936256324,26.0,0.2208823431427378,7.537018115258887,68.0,0.6435626963138651,0.0,0.3218475584605447,0,Budget Shoppers
CUST_01149,39.0,76864.41695602718,North,mobile,42.77884872464491,10.0,247.22138386708608,25.0,0.165838115527044,0.1018709867267722,58.0,0.1618879931520731,0.0,0.4946826188634889,0,Budget Shoppers
CUST_01150,38.0,38934.36860938909,South,online,39.41790379200653,15.0,127.5356703475744,30.0,0.148997759259428,9.49964677873468,20.0,0.2921555470429794,0.0,0.3235245931189959,0,Budget Shoppers
CUST_01151,23.0,47159.50983884104,South,mobile,57.49805247089906,12.0,200.29661756916173,25.0,0.2633254944790884,0.5078499358112833,4.0,0.4253879838355672,3.0,0.0869310030359512,0,Budget Shoppers
CUST_01152,23.0,70527.11387182277,West,online,12.30953173204773,13.0,632.814708847141,26.0,0.0361797336637891,11.568568029149867,10.0,0.2895879430221395,0.0,0.192937540512665,-1,Noise / Outliers
CUST_01153,72.0,70350.84509665034,East,store,24.97714332568746,8.0,18.14537775914244,31.0,0.118849552474529,10.419348375977142,7.0,0.3642424410502222,4.0,0.142008817657583,0,Budget Shoppers
CUST_01154,65.0,71341.41630118157,West,mobile,38.55735508484414,14.0,180.00860767612951,31.0,0.1499858269293391,4.974708424151678,91.0,0.3949364616331883,1.0,0.2590896408540457,0,Budget Shoppers
CUST_01155,21.0,27504.52522968476,East,store,1.0,7.0,184.26967124926037,31.0,0.3348696991535286,1.7124846880745044,57.0,0.3808715708234294,5.0,0.6237561401088859,-1,Noise / Outliers
CUST_01156,47.0,89878.66508814329,South,online,16.547632454799224,12.0,270.00505103589296,27.0,0.051280206566673,10.44763298400034,6.0,0.597814308053761,1.0,0.2439694497648867,0,Budget Shoppers
CUST_01157,28.0,38185.763398991134,North,online,41.66261401803451,8.0,68.16669754360865,36.0,0.1011980195436236,7.729779048352432,55.0,,2.0,0.1694128452681603,0,Budget Shoppers
CUST_01158,47.0,41119.68401504562,Central,online,10.190186883971116,10.0,264.8804886538906,23.0,0.3617264766968707,6.057323038535946,31.0,0.1953093816061767,2.0,0.4215190034743823,0,Budget Shoppers
CUST_01159,48.0,72033.72823967024,South,online,110.70728514984656,10.0,132.77250486324618,28.0,0.1064818024160422,3.832889146806177,64.0,,0.0,0.2113471296782749,0,Budget Shoppers
CUST_01160,41.0,51692.13415525271,North,online,1.0718954295926952,10.0,9.262671441228536,27.0,0.2334693934651275,6.735394538607971,36.0,0.5081977393451542,1.0,0.1155010599074683,0,Budget Shoppers
CUST_01161,72.0,64781.73849237482,South,mobile,111.0257299652854,5.0,8.0,25.0,0.1471661387299858,4.98172805539508,91.0,0.1501252062321261,3.0,0.2430521548061011,0,Budget Shoppers
CUST_01162,26.0,12000.0,West,online,8.55123692616326,5.0,85.38232562467799,33.0,0.1163788796293703,5.584397777317069,13.0,0.1561595057016346,3.0,0.4816795186312974,0,Budget Shoppers
CUST_01163,72.0,64255.137889423095,East,mobile,1.7518937320469612,9.0,200.32933200313292,26.0,0.1485259020273277,10.145425105936626,75.0,0.2016373643387581,2.0,0.4794775937075063,0,Budget Shoppers
CUST_01164,20.0,62792.30134926873,South,online,12.109333179325764,5.0,63.03495112064128,30.0,0.0612680721648962,11.429655607285726,73.0,0.2081040046160969,3.0,0.101339848689807,0,Budget Shoppers
CUST_01165,68.0,46783.11216918577,North,mobile,54.00847647321999,10.0,248.22324011733636,30.0,0.202312789230923,11.552218803033648,72.0,0.3095597513422088,1.0,0.3540802224695286,0,Budget Shoppers
CUST_01166,48.0,12370.328885174633,West,mobile,48.86386424639365,7.0,88.07682650730604,36.0,0.1469784028510664,10.895210169498348,61.0,0.3351325706595983,0.0,0.4164383143337232,0,Budget Shoppers
CUST_01167,57.0,53318.2182474047,Central,mobile,8.19894538447827,5.0,8.0,23.0,0.0583522836461127,9.62715013931652,10.0,0.523549558316902,1.0,0.2927096297877055,0,Budget Shoppers
CUST_01168,54.0,57177.77508443051,West,store,7.669873618587837,11.0,472.7916318512201,24.0,0.4312014159908273,5.44388506355243,66.0,0.2217322451463446,0.0,0.2945681845629287,0,Budget Shoppers
CUST_01169,53.0,49920.96221272911,East,online,36.00952188921591,14.0,87.43586760834741,33.0,0.1270002708132445,1.058922523015442,24.0,0.4642201772972337,1.0,0.310655232485499,0,Budget Shoppers
CUST_01170,41.0,17604.161782485047,West,online,21.44246486056223,10.0,136.5273917417951,22.0,0.2643449101135211,7.56733870455582,99.0,0.2357283268832121,1.0,0.2045339240319557,0,Budget Shoppers
CUST_01171,48.0,93084.14816097217,Central,online,55.00642623735776,8.0,28.893210491280087,29.0,0.0647271795976372,4.824290107793162,34.0,0.1871232789936575,0.0,0.6130367676017576,0,Budget Shoppers
CUST_01172,23.0,43945.0463852238,North,online,1.0,4.0,45.8729519470217,29.0,0.2185003326795578,8.244659232358202,50.0,0.12315376565755,2.0,0.2977300070929576,0,Budget Shoppers
CUST_01173,19.0,53111.49741569618,South,mobile,32.9932802887727,7.0,86.08600208543994,37.0,0.0448685444011721,2.649420680210304,75.0,0.3670955178474619,0.0,0.225489659981646,0,Budget Shoppers
CUST_01174,37.0,12000.0,East,online,45.91388748629885,8.0,252.1033777583613,27.0,0.1568685786030676,9.176759267869492,1.0,0.2283833135493338,0.0,0.177571043120665,0,Budget Shoppers
CUST_01175,45.0,93086.81767136056,Central,mobile,175.65042609370963,8.0,13.979450885917764,37.0,0.0906674895701435,2.047904302758755,5.0,0.4187096231892186,1.0,0.1111776160109394,0,Budget Shoppers
CUST_01176,28.0,47735.90150185076,East,online,39.74720073600018,11.0,197.03748870240585,27.0,0.1401970809695115,9.702894828653386,27.0,0.2901940981072547,4.0,0.4496896792608765,0,Budget Shoppers
CUST_01177,21.0,60166.181975632455,West,store,9.231738147845304,7.0,112.57428183092384,37.0,0.2952874201223158,10.9405000100443,7.0,0.414993160871853,1.0,0.1722149708816419,0,Budget Shoppers
CUST_01178,32.0,82656.22378596633,East,store,4.007426739603869,10.0,90.02213387590143,31.0,0.0840898885489892,10.803706021314484,1.0,0.3239515691289922,1.0,0.3294692344919211,0,Budget Shoppers
CUST_01179,23.0,43121.30749623423,Central,online,35.84703821500444,13.0,271.98940472261,33.0,0.1671875323940282,4.159190418881848,32.0,,1.0,0.4655771211976575,0,Budget Shoppers
CUST_01180,71.0,79191.38972250397,South,online,25.92179278871492,10.0,16.340926890264274,33.0,0.1392401497100919,4.677737589702668,17.0,0.2526973197839869,1.0,0.425752374278663,0,Budget Shoppers
CUST_01181,66.0,,South,store,80.29260040305417,3.0,608.8653762937435,27.0,0.0401594300313444,10.057262219197652,18.0,0.2900852272765215,1.0,0.2821334095233095,0,Budget Shoppers
CUST_01182,47.0,70121.7064665689,East,store,45.3897042813222,13.0,250.7045767635156,31.0,0.0873053180878407,8.305893108486021,68.0,0.1708103446980497,0.0,0.2617749296950096,0,Budget Shoppers
CUST_01183,73.0,92589.32766343236,North,online,24.948854483183183,10.0,51.23754126961002,28.0,0.0222939117217724,6.320152698740143,49.0,0.3554647949645654,2.0,0.1083052184687657,0,Budget Shoppers
CUST_01184,,45230.82936120335,East,online,18.08891145581538,10.0,78.09196143368078,22.0,0.0763937427034351,11.526928679298695,13.0,0.4081483324330323,5.0,0.29072978724547,0,Budget Shoppers
CUST_01185,68.0,82615.39564656478,West,store,18.135022506322095,4.0,8.0,25.0,0.1324333350303314,6.195168411830432,69.0,0.4101002062901552,0.0,0.4133291269301997,0,Budget Shoppers
CUST_01186,74.0,98346.29834826324,South,mobile,8.980181603833305,9.0,97.4921703938698,34.0,0.0522463713060924,2.925806472401303,22.0,0.3762710377647744,3.0,0.1167225493006742,0,Budget Shoppers
CUST_01187,19.0,52393.479562811575,South,online,1.0,8.0,103.14887363288992,36.0,0.1151082429241982,8.158871206521663,26.0,0.1159668534828868,1.0,0.5894600219756028,0,Budget Shoppers
CUST_01188,32.0,50574.37771130306,South,mobile,29.940951302341524,3.0,339.4950993403437,24.0,0.0470479271258765,6.146825084329096,68.0,0.1869804838970103,1.0,0.3805201653526502,0,Budget Shoppers
CUST_01189,28.0,38237.53759168931,North,store,8.357427329397746,6.0,63.81720258882727,28.0,0.072276727800156,2.4471931959120425,87.0,0.1713716663041082,3.0,0.3504983395453673,0,Budget Shoppers
CUST_01190,25.0,46785.93658592706,North,store,8.176236155215374,9.0,109.90306668278602,33.0,0.1017838791839447,1.829170117656593,5.0,,0.0,0.3724826185890912,0,Budget Shoppers
CUST_01191,43.0,40062.082414002354,Central,mobile,4.688851211832521,10.0,175.42861350525638,28.0,0.1937734351409189,4.260812768493393,9.0,0.4664708329709881,2.0,0.2163954886071408,0,Budget Shoppers
CUST_01192,,38219.555834601,East,mobile,7.35776163948589,10.0,121.91552775626936,23.0,0.1014721457420178,11.647685229900748,77.0,0.3811120431720057,3.0,0.1779534169937787,0,Budget Shoppers
CUST_01193,62.0,84374.37652764985,East,online,1.1306888151140264,13.0,22.07514694369675,26.0,0.2180046856035308,1.7491682711766332,62.0,0.2935879221997408,3.0,0.1188905369052623,0,Budget Shoppers
CUST_01194,61.0,40621.62744365829,West,store,39.254884141068175,9.0,24.50747434874216,34.0,0.2243680018767473,5.657094174696633,73.0,0.3871465023485783,0.0,0.2955879339756758,0,Budget Shoppers
CUST_01195,22.0,63687.48212383171,South,online,17.960490316617275,7.0,19.356212135448057,32.0,0.2442138522788033,3.923127352862121,68.0,0.2978752880458729,1.0,0.5473853830713493,0,Budget Shoppers
CUST_01196,23.0,58841.13557475723,North,store,28.85580482006796,8.0,31.92202026059142,21.0,0.2246155448143497,11.31624581903468,90.0,0.2398370634329133,1.0,0.3233041162460585,0,Budget Shoppers
CUST_01197,,90958.0803765647,West,online,35.463249386913446,7.0,51.73841311991232,31.0,0.0802026120571049,4.529912783350761,78.0,0.3454300022430625,2.0,0.2958294585228588,0,Budget Shoppers
CUST_01198,,46930.5628947897,West,store,125.75528210153205,14.0,174.95338007665708,35.0,0.2755246909221983,2.7150706460400933,2.0,0.1184614287094455,0.0,0.0677986729284977,-1,Noise / Outliers
CUST_01199,21.0,66385.25702639509,North,online,2.474771907491004,10.0,8.17190314085295,21.0,0.0238578831167363,5.738637399844448,95.0,0.411477830668475,1.0,0.063447185109911,0,Budget Shoppers
CUST_01200,36.0,75403.5334500744,East,mobile,18.94001921889547,10.0,223.2455535232297,32.0,0.1877451393442256,1.8442354851716536,50.0,0.4006645466347974,3.0,0.0354836428378469,0,Budget Shoppers
CUST_01201,37.0,90774.4913610528,South,online,9.877964371088384,10.0,39.57696897889858,33.0,0.0316314183470882,4.553273439055422,51.0,0.0264200023140238,2.0,0.1748714486989809,0,Budget Shoppers
CUST_01202,50.0,46609.42640900413,East,mobile,22.66681084649193,8.0,123.55537962992946,28.0,0.0636418735812013,8.789555462265175,90.0,0.2314364795327957,0.0,0.4349601930084782,0,Budget Shoppers
CUST_01203,37.0,44406.36568788764,West,store,88.60774643192131,9.0,104.60821770352835,20.0,0.2611650193686657,7.192096426417281,2.0,0.0428494287056036,1.0,0.5434890734087763,0,Budget Shoppers
CUST_01204,66.0,34640.81681287884,South,mobile,45.05540917218346,11.0,21.744086514250903,22.0,0.0570483379822378,0.1313462815959964,41.0,0.5885726634825007,0.0,0.0474308395655088,-1,Noise / Outliers
CUST_01205,29.0,107198.59165866127,Central,mobile,37.95960847682096,8.0,44.02979508914181,29.0,0.0831869759137144,5.975009757491582,64.0,0.0892009401738853,1.0,0.0883998672441089,0,Budget Shoppers
CUST_01206,64.0,88458.39363996853,West,online,20.37160135824261,8.0,45.61239965819966,24.0,0.0982441676753488,9.757735766066403,44.0,0.3685236293680043,3.0,0.33239756686988,0,Budget Shoppers
CUST_01207,18.0,57071.569325135046,East,store,38.9213834463834,13.0,,28.0,0.1470584156611494,6.753595637749534,52.0,0.110225838024338,3.0,0.4357505198946224,0,Budget Shoppers
CUST_01208,43.0,803933.290598362,East,mobile,1.151886867413445,10.0,201.95924114819027,25.0,0.0362203037965664,5.6447894483703065,37.0,0.0854838780939003,1.0,0.1938786021004494,0,Budget Shoppers
CUST_01209,31.0,55759.00532395554,East,mobile,30.88630908600808,7.0,727.5253728778617,25.0,0.1712508735355674,4.980905478716835,66.0,0.1566552370343623,1.0,0.4065570827801241,0,Budget Shoppers
CUST_01210,55.0,73937.03037153765,North,mobile,28.24274150921449,8.0,13.105591942848529,29.0,0.1847674121031655,6.439853057998358,92.0,0.4001531373754409,2.0,0.2756621246840931,0,Budget Shoppers
CUST_01211,54.0,465790.2547031989,West,mobile,14.89696813757258,5.0,4354.636777424501,26.0,0.0179785277333028,0.8876914985287585,56.0,,1.0,0.0444029303160889,0,Budget Shoppers
CUST_01212,28.0,66751.71993851036,South,online,7.876330050131495,15.0,107.17914623704053,30.0,0.1343710535382135,9.596009653274931,23.0,0.4447770424531322,0.0,0.4218062386279921,0,Budget Shoppers
CUST_01213,53.0,64418.75173573804,East,mobile,57.6781710232101,9.0,57.362437781360825,27.0,0.2183847943408656,10.27856610523892,71.0,0.2789243826356301,2.0,0.4472882129121049,0,Budget Shoppers
CUST_01214,30.0,48650.321785713706,East,mobile,1.9378437456604751,9.0,43.53416535925321,29.0,0.3410618674089644,7.107859891558419,39.0,0.1717178760583893,1.0,0.1432387590404407,0,Budget Shoppers
CUST_01215,60.0,82034.96783787776,North,store,2.5276648601086,12.0,30.486108136209488,23.0,0.0315593866350848,11.747947966142142,86.0,0.2277561840795945,1.0,0.204028909843395,0,Budget Shoppers
CUST_01216,20.0,,South,store,20.32627153297282,10.0,105.86602142930592,29.0,0.1230767905769691,6.662697378447373,60.0,0.3711403942087278,2.0,0.2849214056949331,0,Budget Shoppers
CUST_01217,50.0,80609.28105703252,West,online,10.188288232564506,12.0,379.48103320951367,22.0,0.1791638314845011,0.3259768315286973,56.0,0.2444115059419601,2.0,0.2516498575163386,0,Budget Shoppers
CUST_01218,23.0,65044.99808098561,Central,online,47.88936180504534,5.0,26.14086182546248,32.0,0.3225187169227496,5.566249391381538,36.0,,1.0,0.4055920330290241,0,Budget Shoppers
CUST_01219,67.0,38055.46260090305,North,online,35.197449571640654,6.0,,31.0,0.0840874004107553,4.798601880390582,1.0,0.121276706724333,1.0,0.25204971106182,0,Budget Shoppers
CUST_01220,73.0,95606.49346426944,West,online,51.82653008037219,11.0,29.635491657571663,29.0,0.1349382750792683,2.329115741953662,98.0,0.4632358006079742,0.0,0.2811826369103504,0,Budget Shoppers
CUST_01221,27.0,52223.76286151663,Central,mobile,13.739847832926872,10.0,25.10771626542013,35.0,0.2286391875000703,6.413365775694933,4.0,0.1962290212070661,3.0,0.6984371025716681,0,Budget Shoppers
CUST_01222,22.0,66009.47462850512,East,store,47.2175047427889,7.0,262.0107227660053,18.0,0.1150410691274481,5.457432664680811,41.0,,3.0,0.1477530947844574,0,Budget Shoppers
CUST_01223,40.0,71978.38989408992,East,online,69.39454809274721,14.0,39.4888913217931,40.0,0.2519539147338618,2.0538955468389744,99.0,0.0748131230924315,1.0,0.1252242209884181,0,Budget Shoppers
CUST_01224,27.0,65863.27775678762,South,online,14.823872232111,13.0,37.04759525080703,34.0,0.16723131185096,6.0732118662095775,53.0,0.3853343198537821,0.0,0.3472414176102552,0,Budget Shoppers
CUST_01225,61.0,78139.17446706604,Central,store,14.537516339277904,4.0,312.73325003553146,38.0,0.1812710318848999,10.013144742811388,31.0,0.2519659049370083,1.0,0.29808096047243,0,Budget Shoppers
CUST_01226,19.0,81614.31429096297,East,store,80.57347375346792,8.0,63.41737526587179,26.0,0.0562221379034611,6.111066489467573,33.0,0.5458806557921805,1.0,0.3142677454645613,0,Budget Shoppers
CUST_01227,30.0,53053.66293296054,East,mobile,1.7875386423656192,8.0,8.0,30.0,0.0133250471336927,2.6090617509594383,5.0,0.0895944128001655,1.0,0.1799614623574039,0,Budget Shoppers
CUST_01228,57.0,93760.28152302424,South,mobile,15.087602319574325,10.0,166.03718768554216,32.0,0.0455689992982506,8.230663736045326,43.0,,2.0,0.3431892645505369,0,Budget Shoppers
CUST_01229,19.0,52128.12180845217,West,mobile,4.4214091762500125,6.0,94.60925273922366,20.0,0.0802502280624357,10.437588349246678,11.0,0.2300189704285327,3.0,0.3559446961192155,0,Budget Shoppers
CUST_01230,37.0,65408.47907537734,East,online,1.0293087506345573,16.0,193.41423984055663,26.0,0.0606238949520354,4.141577957673528,32.0,0.2138335348906934,1.0,0.0937999439686443,1,Loyal High-Value
CUST_01231,18.0,49471.079960706906,North,online,4.191708133288108,12.0,109.80519398408305,22.0,0.0899216792663407,0.8527960797323209,1.0,0.6634115332165943,2.0,0.119314010555473,0,Budget Shoppers
CUST_01232,54.0,43183.58250168261,North,online,19.75074180176187,8.0,56.25546744481026,22.0,0.0560718915858536,10.978111650247572,43.0,0.2039109432586248,1.0,0.1553275263414867,0,Budget Shoppers
CUST_01233,26.0,80972.20395339903,West,online,40.649411053504735,10.0,8.954814437813456,38.0,0.1516247566657836,8.186631780268835,6.0,0.5742048382183605,0.0,0.0339482259443531,0,Budget Shoppers
CUST_01234,34.0,126681.73174337298,Central,store,11.951805233535628,10.0,261.2275417345558,40.0,0.057310467402597,11.89726986205898,92.0,0.1579258877411247,3.0,0.2451217460417669,-1,Noise / Outliers
CUST_01235,26.0,50041.28245695303,South,mobile,66.3235197439076,7.0,30.165045985073792,28.0,0.0887257553943446,8.334526159424186,81.0,0.1902405088945134,2.0,0.2257322696252104,0,Budget Shoppers
CUST_01236,28.0,84737.07464291774,North,online,20.14494048825573,9.0,461.8290971205201,27.0,0.3876492426500479,1.4905451710555178,11.0,0.5382247326200343,1.0,0.1038426840098591,0,Budget Shoppers
CUST_01237,32.0,50829.95112059573,North,online,120.7210019468391,6.0,36.67877721571826,32.0,0.1428725228608355,5.197735770291751,41.0,0.3397846413101645,2.0,0.0917936154052636,0,Budget Shoppers
CUST_01238,41.0,,West,online,107.88763089700036,14.0,228.1070340304884,36.0,0.1201867510045068,0.514357511265402,27.0,0.1685647582819339,5.0,0.5465730399269725,-1,Noise / Outliers
CUST_01239,55.0,96666.84298909678,Central,mobile,51.94079948377296,10.0,202.1115875494221,28.0,0.0175056833247335,4.097931468265922,61.0,0.1360578099613787,1.0,0.1085365146697762,0,Budget Shoppers
CUST_01240,72.0,34382.22372834327,Central,store,94.29800111139168,8.0,80.76723304887992,31.0,0.1928907292249263,9.423519195523246,76.0,0.4615681598044698,1.0,0.1158980478048779,0,Budget Shoppers
CUST_01241,52.0,28560.5004902913,West,online,42.9768720053538,2.0,66.77702706261351,36.0,0.1166712184769302,6.667544647377989,13.0,,1.0,0.4813413942998131,0,Budget Shoppers
CUST_01242,47.0,56081.62972721072,North,online,79.07776103797669,6.0,157.93672921077425,28.0,0.2020327179963109,5.507292105468261,95.0,0.0955266610498602,1.0,0.0431594612224897,0,Budget Shoppers
CUST_01243,48.0,72600.43261462884,South,mobile,9.443270586197622,10.0,97.75318208404371,30.0,0.01804450276018,10.17411469067147,35.0,0.2839295834986362,0.0,0.2925623022586385,0,Budget Shoppers
CUST_01244,66.0,68200.6645769794,North,mobile,14.831662167029837,13.0,129.94262357965175,38.0,0.1099790013452996,2.1252471696532,25.0,0.2144945141514117,2.0,0.5032148289994501,0,Budget Shoppers
CUST_01245,22.0,65934.94186524591,Central,online,48.932934709587336,9.0,82.58703461102598,32.0,0.3264159929386952,6.463482785904095,94.0,0.3941124018729238,1.0,0.137426911622641,0,Budget Shoppers
CUST_01246,61.0,58750.90359325471,North,mobile,19.34178628135243,4.0,105.88949988394532,42.0,0.3479667570881373,7.768590567755927,36.0,0.2648354251313411,5.0,0.3093790950848075,0,Budget Shoppers
CUST_01247,67.0,75303.88059364623,South,mobile,63.56055632438829,13.0,27.25739231612614,31.0,0.0957185239829874,11.10918922061272,21.0,0.2898591441491208,1.0,0.1420492138394907,0,Budget Shoppers
CUST_01248,31.0,12000.0,East,online,73.52724881859297,13.0,8.0,37.0,0.1124508051609419,1.9639071201611915,55.0,0.1207966808627192,0.0,0.1076354304980036,0,Budget Shoppers
CUST_01249,70.0,41482.2832880697,North,online,12.470099886747176,9.0,57.1919539956688,26.0,0.020284639105258,8.480245187653535,36.0,0.6638398484024365,1.0,0.2215207456638947,0,Budget Shoppers
CUST_01250,73.0,55940.52699576415,West,online,60.69545070047128,8.0,81.52312380800898,33.0,0.114783903158223,0.5498576853064083,28.0,0.1929439063108575,0.0,0.8109274424257356,0,Budget Shoppers
CUST_01251,28.0,73499.7655802552,East,store,5.864192086248464,3.0,307.42081626515767,30.0,0.0756490211679234,6.807149154072938,27.0,0.3369081980964483,2.0,0.2370339019262181,0,Budget Shoppers
CUST_01252,,90774.83308150846,West,store,14.236635515824162,10.0,69.46319590868151,30.0,0.1902799634381596,7.739862412389881,12.0,0.2364030853231509,1.0,0.3659648677471248,0,Budget Shoppers
CUST_01253,51.0,38527.80642032292,West,store,25.54084582207869,5.0,73.97229657825115,28.0,0.1939406449848089,10.079074604062232,74.0,0.3359620187836836,2.0,0.3941111036362879,0,Budget Shoppers
CUST_01254,29.0,90055.72976180448,West,mobile,8.986491705236936,12.0,146.04349381243867,24.0,0.1625456574169604,3.885985163968461,26.0,0.4259934705618818,2.0,0.1916629271932793,0,Budget Shoppers
CUST_01255,52.0,48043.643277570016,North,mobile,30.301558787770503,8.0,30.116121543274147,25.0,0.0199212110356747,8.360320916064635,93.0,0.1789815843830643,5.0,0.0211533579038412,0,Budget Shoppers
CUST_01256,52.0,55141.984774424905,Central,mobile,30.25394501088737,9.0,266.87874358128107,20.0,0.0571304388845858,1.1123434001709085,45.0,0.2222537964868265,3.0,0.1260633201926621,0,Budget Shoppers
CUST_01257,18.0,70791.5154135475,East,store,8.1133364180679,10.0,72.53854762890114,43.0,0.3065862234665698,2.6706544259134923,6.0,0.3655392028619077,0.0,0.1726691525991067,0,Budget Shoppers
CUST_01258,57.0,,South,online,55.57575504262249,8.0,347.17363673182086,33.0,0.1402220824922694,9.281912794626326,89.0,,1.0,0.1888072499866464,0,Budget Shoppers
CUST_01259,39.0,82422.58734665898,Central,mobile,34.954736101893474,9.0,41.13847068168665,23.0,0.1401089174264705,10.711834887511907,8.0,0.4211290153052295,0.0,0.1243495773337604,0,Budget Shoppers
CUST_01260,46.0,49098.70880751084,North,mobile,13.383108191904904,7.0,81.45753383378265,30.0,0.189677949642394,0.1949875638087723,75.0,0.0784049722878192,2.0,0.1737899052238957,0,Budget Shoppers
CUST_01261,25.0,49430.230191832656,West,mobile,9.247216239137371,8.0,195.7545493948869,25.0,0.085844743246887,1.997130206434304,17.0,0.337635570475252,0.0,0.2338747263157561,0,Budget Shoppers
CUST_01262,28.0,81143.5589926053,South,online,73.84656629671827,13.0,105.5295614876277,34.0,0.1080556189295244,2.521943765630182,38.0,0.6949369890463684,1.0,0.2003778510780011,0,Budget Shoppers
CUST_01263,58.0,329690.10766489216,East,mobile,63.22114433207312,15.0,1688.668189104364,21.0,0.0582290838071648,6.232660570310524,77.0,0.3493624653681233,2.0,0.4003617170441011,-1,Noise / Outliers
CUST_01264,54.0,63476.44009696652,Central,mobile,9.13689001926654,5.0,42.83131094074484,24.0,0.2897084015971156,1.8501397284430492,41.0,0.3246403055518964,2.0,0.293902620931116,0,Budget Shoppers
CUST_01265,31.0,21469.381310735876,Central,online,1.2689093248543446,7.0,51.76346419987465,28.0,0.1395338763072843,11.712766125627557,15.0,0.1679312777335199,2.0,0.0275094267024544,0,Budget Shoppers
CUST_01266,47.0,98032.0657453462,South,mobile,57.13265752605559,16.0,92.10386628394342,22.0,0.3311360745258403,4.654345368787215,83.0,0.2615156587775514,1.0,0.1426091707589385,0,Budget Shoppers
CUST_01267,,84544.14259720905,North,online,33.4541809226871,7.0,29.41226208646571,31.0,0.2538178650427482,1.7138119226408497,83.0,0.2114950022215354,2.0,0.2783888623284642,0,Budget Shoppers
CUST_01268,38.0,118502.35839077662,East,store,3.721935958050663,13.0,17.55328577552765,22.0,0.0872414503532135,9.290803606983964,74.0,0.283373113262484,0.0,0.3206344254901124,0,Budget Shoppers
CUST_01269,54.0,87444.00209182048,South,mobile,30.981138642078484,8.0,241.3623422298617,35.0,0.1753525721615418,6.741737471545347,28.0,0.2698312950879514,3.0,0.2384668651237202,0,Budget Shoppers
CUST_01270,22.0,33147.6949487894,West,mobile,21.06346952716122,14.0,193.83100598837208,25.0,0.1917623216659446,10.969229041129932,25.0,0.4647829008106424,1.0,0.2899013450049982,0,Budget Shoppers
CUST_01271,36.0,72710.29692353302,East,online,52.13804143273813,4.0,349.5811021349187,40.0,0.0554608925236021,11.227159458345692,79.0,0.0319926233598992,0.0,0.4434173325581907,-1,Noise / Outliers
CUST_01272,31.0,37803.8072311203,Central,online,8.209760171671226,9.0,114.81899799865764,28.0,0.0647065290321479,10.27063977991804,35.0,0.4242882013499924,2.0,0.3386091225392599,0,Budget Shoppers
CUST_01273,43.0,92716.82515516816,South,mobile,21.125757459947916,10.0,70.87400730182435,23.0,0.1666354139281785,6.772086998354209,80.0,0.2991024198485444,0.0,0.1864809308602055,0,Budget Shoppers
CUST_01274,21.0,33774.91366449341,Central,online,5.946222139140345,7.0,14.133970035381717,30.0,0.0815659461153702,2.67120888863918,37.0,0.263838873583053,3.0,0.1602793301863951,0,Budget Shoppers
CUST_01275,42.0,32718.59254672445,Central,mobile,110.56122219559666,5.0,247.0313674288461,28.0,0.1598053910861498,5.142985979088006,27.0,0.3628128931382831,0.0,0.0788553813025068,0,Budget Shoppers
CUST_01276,62.0,22584.148018672888,Central,online,52.7942963976685,14.0,79.20673911427616,21.0,0.3466999270644513,5.790566135056788,5.0,0.1470115028154363,2.0,0.2706100560003789,0,Budget Shoppers
CUST_01277,59.0,47255.64393221397,North,store,46.70912367864428,7.0,107.06289945578328,29.0,0.1200842199859034,11.706290484245066,59.0,0.2775010433122217,0.0,0.4190047760483441,0,Budget Shoppers
CUST_01278,42.0,42831.48785476143,Central,mobile,41.01474528122532,9.0,48.90379512985847,21.0,0.0242569985550493,3.031332834939767,88.0,0.0808634928615076,2.0,0.0657565711436194,0,Budget Shoppers
CUST_01279,35.0,30243.71967153616,West,online,19.267369510660465,6.0,96.46916841504569,30.0,0.1995920589450485,5.216719903149581,66.0,0.3627857715971994,1.0,0.5019611685028846,0,Budget Shoppers
CUST_01280,57.0,101775.80029335752,West,mobile,89.86685176594845,10.0,197.87620701359825,30.0,0.069394816173782,6.748127800111363,99.0,0.1422597352783878,2.0,0.1538009359201294,0,Budget Shoppers
CUST_01281,25.0,69657.3753205062,East,store,2.6499267952994208,7.0,161.94062552161097,23.0,0.0547830349853523,4.693630847358132,57.0,0.5735891633847554,2.0,0.1474464873616113,0,Budget Shoppers
CUST_01282,56.0,67069.15987684765,Central,mobile,56.90536251370559,7.0,585.3707704462855,18.0,0.0637352866913398,1.4474494220387113,61.0,0.1122955599723659,0.0,0.5178204308413035,0,Budget Shoppers
CUST_01283,57.0,92961.61722345438,Central,online,8.482882771190829,17.0,88.98275926741587,32.0,0.1681549206453803,10.685300269919384,97.0,0.2122152351448026,2.0,0.3539110958683104,0,Budget Shoppers
CUST_01284,31.0,63637.67142494456,South,mobile,13.706124539878196,10.0,98.06990994433964,29.0,0.2338004817577187,9.614547944533342,96.0,0.3875813169745131,2.0,0.344347685492981,0,Budget Shoppers
CUST_01285,49.0,41529.03556688693,North,online,25.647363546667854,5.0,8.0,35.0,0.1627123105893108,3.077947210964526,60.0,0.261534549633695,0.0,0.3322514611673263,0,Budget Shoppers
CUST_01286,68.0,20595.385664611556,East,online,53.41942819672455,9.0,64.12705515417939,31.0,0.0481256908042972,5.36971880123348,64.0,0.3005320404685566,1.0,0.201669016398552,0,Budget Shoppers
CUST_01287,55.0,40288.73736844512,Central,online,63.82132071508216,13.0,331.8100269091988,24.0,0.1581877791533009,8.823099904794306,32.0,0.294213232792999,1.0,0.2678040154610235,0,Budget Shoppers
CUST_01288,50.0,91119.14321118616,South,mobile,30.674930871853817,6.0,56.097054957467975,28.0,0.1277450170729372,11.682846979082887,16.0,0.2513710290993496,1.0,0.1618211041579665,0,Budget Shoppers
CUST_01289,40.0,30382.60545490448,North,online,18.056416448287692,9.0,188.8785862063416,20.0,0.1759324716599438,2.0101428898639435,44.0,0.2263774162337025,1.0,0.6464389201280719,0,Budget Shoppers
CUST_01290,32.0,,East,store,102.4841610092132,9.0,493.8268620419273,32.0,0.0983783351163004,7.655836469405426,87.0,0.3464102165800617,2.0,0.3532855575526553,0,Budget Shoppers
CUST_01291,50.0,80746.35314788227,East,online,9.906908335643289,7.0,17.63402284662545,27.0,0.2176734848613179,9.810615478087186,90.0,0.1360523365479437,0.0,0.2519784728423069,0,Budget Shoppers
CUST_01292,42.0,64277.586489751535,Central,online,56.87611111462364,7.0,52.83917396539512,27.0,0.1503314450493174,0.3108425178991059,69.0,0.2156027339154793,1.0,0.2803226280345389,0,Budget Shoppers
CUST_01293,34.0,66777.63323339283,East,online,33.14072432537374,12.0,83.6115425093696,29.0,0.2820384137602307,9.731839734477758,61.0,0.3140898780578526,1.0,0.4759118374181362,0,Budget Shoppers
CUST_01294,50.0,72423.28608321538,South,online,16.5564091758976,7.0,35.22854875867072,21.0,0.0756995702923698,9.478821860645295,71.0,0.1890328859210769,0.0,0.2652940611033172,0,Budget Shoppers
CUST_01295,64.0,66344.17918009829,East,mobile,1.0,14.0,8.0,31.0,0.094329903466383,11.08178842286599,34.0,0.3111607056408205,0.0,0.0799160446034588,0,Budget Shoppers
CUST_01296,72.0,93399.6317944122,West,online,20.70855322057374,9.0,82.19224545798062,29.0,0.0564367049371655,1.013082291113096,74.0,0.2798617409848835,1.0,0.5433807226450766,0,Budget Shoppers
CUST_01297,19.0,35113.58197899257,South,online,11.33855986042614,11.0,99.99594484565088,39.0,0.0595001862573951,1.4914466840544898,86.0,0.2850039066466276,1.0,0.4066851805907249,0,Budget Shoppers
CUST_01298,31.0,63289.34729045329,North,online,3.857062512819085,8.0,127.658500297154,28.0,0.0961043859660011,6.224201717811537,21.0,0.2449630043502863,2.0,0.039003465934751,0,Budget Shoppers
CUST_01299,70.0,17998.710452062754,North,online,2.734654235294057,8.0,228.24201325952123,38.0,0.1691285678148839,10.459502031588386,19.0,0.2013578928463479,0.0,0.2367626079751188,0,Budget Shoppers
CUST_01300,57.0,12377.583881896178,Central,online,14.946173700385335,8.0,37.92711704083776,26.0,0.0697893110123274,10.494126841301638,52.0,0.4046729161102677,2.0,0.4136532151688292,0,Budget Shoppers
CUST_01301,57.0,56203.237321256354,Central,mobile,33.385869441611284,14.0,8.187167589202,24.0,0.2223171904547571,8.400765065955154,42.0,0.1987713839445391,1.0,0.0982514890529131,0,Budget Shoppers
CUST_01302,68.0,69954.35051678465,West,mobile,63.601865182114935,10.0,12.23680170316852,25.0,0.0682779995111206,5.384904272751978,39.0,0.5192890801652632,0.0,0.1854748333294286,0,Budget Shoppers
CUST_01303,56.0,93874.69109922642,North,mobile,7.098203986027434,10.0,89.43734095238233,25.0,0.1079920181230893,2.773609740207531,45.0,,1.0,0.7777285925488191,0,Budget Shoppers
CUST_01304,68.0,111235.4181262302,North,mobile,19.34681873130124,11.0,332.0307692240588,30.0,0.0541976936841796,5.696164265682266,89.0,0.3011746061902979,1.0,0.2091110515378163,0,Budget Shoppers
CUST_01305,23.0,,North,mobile,17.41278915927926,11.0,523.7914141153601,25.0,0.1157844119695337,2.604771258175583,13.0,0.4384954085894649,2.0,0.5080510502610396,0,Budget Shoppers
CUST_01306,23.0,73997.64637675663,North,store,25.21051880117659,8.0,29.83209897487132,38.0,0.140443044048879,9.276236305994754,43.0,0.4361388348187033,0.0,0.0358207023042248,0,Budget Shoppers
CUST_01307,20.0,61519.22682702394,East,online,58.04964563537031,11.0,21.42870443937784,29.0,0.0256489089104056,5.058085168827383,83.0,0.4736007919975034,1.0,0.3070423459737147,0,Budget Shoppers
CUST_01308,24.0,24312.982609965693,South,online,28.23244087463989,13.0,56.69800203982243,24.0,0.3047729254503937,6.472345253792112,71.0,0.3742998585455735,1.0,0.2532962333507647,0,Budget Shoppers
CUST_01309,68.0,54787.19467368044,South,online,65.62725505114291,8.0,81.04398840515788,29.0,0.054707565303378,8.171201263210323,95.0,0.3175171549382006,1.0,0.4341129029851543,0,Budget Shoppers
CUST_01310,25.0,86388.28852768097,West,online,25.58347899664089,12.0,214.577997442248,25.0,0.1619413822311236,6.317111677443648,66.0,0.4637673211848357,3.0,0.2057425469944628,0,Budget Shoppers
CUST_01311,59.0,77762.20083261689,East,online,32.408449518539456,10.0,193.688162345827,27.0,0.086267596771416,9.063693811003995,45.0,,1.0,0.4084104813704878,0,Budget Shoppers
CUST_01312,69.0,29700.64877297513,North,mobile,20.130480913957896,15.0,332.75096253572826,26.0,0.0871345701044368,9.432748578768106,4.0,0.1864022006991744,1.0,0.2284175777732341,0,Budget Shoppers
CUST_01313,32.0,71508.56423968656,North,online,60.62509928761882,11.0,253.84292710141384,24.0,0.0415763714838898,2.9128130191680266,1.0,0.0503815780604937,0.0,0.0921185834327203,0,Budget Shoppers
CUST_01314,64.0,69624.64186108985,Central,store,90.11628216322568,5.0,75.09638799930732,30.0,0.0614918405424723,3.577681012237344,60.0,0.1323969342831373,3.0,0.3428548999256409,0,Budget Shoppers
CUST_01315,46.0,65697.58264252423,Central,online,35.67474181862671,11.0,8.0,17.0,0.4530566103651643,0.7118543267587265,50.0,0.3646243370371183,0.0,0.3209826364756045,0,Budget Shoppers
CUST_01316,50.0,57387.17778169864,West,online,60.17041951738144,12.0,35.094728828030995,27.0,0.1685609755592658,1.070340950267405,87.0,0.1155772220810339,2.0,0.1187450705102246,0,Budget Shoppers
CUST_01317,,,North,store,2.128548885448921,4.0,122.42725611586756,29.0,0.0629398636986346,9.953713186092548,47.0,0.3420330301320534,1.0,0.2000052268155787,0,Budget Shoppers
CUST_01318,47.0,73340.88685607277,West,store,82.79775171942241,10.0,90.49825269925718,26.0,0.0392291788441356,2.567996128969943,17.0,0.3653185465936592,2.0,0.1766236280588228,0,Budget Shoppers
CUST_01319,56.0,43887.90716050909,East,online,7.328819159513619,12.0,35.704201269123985,40.0,0.0738347908549138,10.015962331585484,86.0,0.4154642215646404,0.0,0.0877155575532995,0,Budget Shoppers
CUST_01320,44.0,68010.3093504061,South,mobile,10.374489580227923,6.0,18.343254259009758,36.0,0.1348314904558538,11.83053876286844,35.0,0.4859894274285251,1.0,0.3013083761338444,0,Budget Shoppers
CUST_01321,53.0,53833.30690356129,North,store,1.918167559824682,11.0,31.637025564740394,24.0,0.0447497555046173,2.913740713492448,8.0,0.2411086461400908,1.0,0.4202739003723197,0,Budget Shoppers
CUST_01322,46.0,25280.854909582653,East,online,117.73667421870634,9.0,39.09885804624221,29.0,0.1174028083263556,5.5244796694623055,56.0,0.1200609086993057,4.0,0.1705769989011764,0,Budget Shoppers
CUST_01323,55.0,45644.64522916039,North,online,66.87157103406611,10.0,262.54721422643706,36.0,0.0401100931051884,6.4447369343807335,60.0,0.4068848137558212,2.0,0.0832662746588617,0,Budget Shoppers
CUST_01324,74.0,23598.826922400644,Central,store,85.53899552876611,4.0,161.04114032413392,32.0,0.2203288336828236,11.313821837634944,55.0,0.6606594236041161,4.0,0.1797550614576016,-1,Noise / Outliers
CUST_01325,50.0,79562.05777154231,West,mobile,65.75559262285041,5.0,104.48157408377874,30.0,0.2613432491986428,2.143561935728856,7.0,0.3084168500548546,1.0,0.0681740494032487,0,Budget Shoppers
CUST_01326,54.0,65829.56630619502,Central,online,22.855843200471977,10.0,,22.0,0.1236929745309412,10.031763629721622,65.0,0.4428083046777862,3.0,0.323817636790708,0,Budget Shoppers
CUST_01327,44.0,50179.20655346921,South,mobile,90.23352101343416,8.0,223.79071988050157,25.0,0.0973808815676293,11.493387370215263,25.0,0.2802519243544159,0.0,0.245464818106197,0,Budget Shoppers
CUST_01328,72.0,89251.46955235026,Central,online,122.11982505302016,4.0,104.51967172646242,32.0,0.1345598090597758,6.652998864300708,24.0,0.2278842115910989,0.0,0.3394766710780301,0,Budget Shoppers
CUST_01329,50.0,59495.799966785664,North,store,24.44030253555925,6.0,128.32169630774752,26.0,0.192044722305629,1.8287172149300048,97.0,0.202729887352784,2.0,0.4083041323813576,0,Budget Shoppers
CUST_01330,21.0,26513.099368728763,Central,online,6.759532158879055,10.0,8.827081650532694,31.0,0.1823067272111172,4.005654577123538,75.0,0.2646745319328005,1.0,0.1709549728672168,0,Budget Shoppers
CUST_01331,39.0,48331.47211595616,North,store,37.61682407510868,7.0,219.25660043839505,33.0,0.1924882193019252,11.509117108092685,96.0,0.602666258459125,0.0,0.413617120760043,0,Budget Shoppers
CUST_01332,19.0,93922.79212001244,South,mobile,129.72982913653252,8.0,231.91462308541475,26.0,0.1393275252684921,2.018678265483573,93.0,0.0734133830721748,3.0,0.2459812793320857,-1,Noise / Outliers
CUST_01333,27.0,43271.53624803884,Central,online,71.99055557440045,12.0,279.30614099786,34.0,0.0650903953055935,5.8515930485064,65.0,0.0814330118587494,0.0,0.4043306706498673,0,Budget Shoppers
CUST_01334,22.0,64054.86835267226,West,online,69.27071153103775,12.0,97.62556897484752,28.0,0.0959881194749257,2.2783145881929525,47.0,0.5401927927007416,3.0,0.2524634763779722,0,Budget Shoppers
CUST_01335,27.0,74365.28573932205,West,mobile,95.03714536016288,13.0,65.12333246001447,21.0,0.0719105013938504,10.849503198771671,8.0,0.1482314320841422,0.0,0.2374929647058512,0,Budget Shoppers
CUST_01336,50.0,70978.86666020873,West,store,78.53530699389837,6.0,9.860720374113544,29.0,0.0144058994296753,7.085231170687965,45.0,0.4352498086387019,1.0,0.468620400631766,0,Budget Shoppers
CUST_01337,71.0,111888.1155770782,Central,online,52.407860645243005,11.0,28.018762876852417,19.0,0.1555335663885429,11.080167170436429,29.0,0.5176974686303409,0.0,0.2756970904865612,0,Budget Shoppers
CUST_01338,55.0,32121.32834768809,Central,online,44.338565820501984,9.0,33.23145427800061,32.0,0.1420182046797166,11.354041689658663,31.0,0.4779927203810388,0.0,0.0938507550349494,0,Budget Shoppers
CUST_01339,30.0,34317.81222827833,Central,mobile,10.764882083030438,3.0,8.416352121074098,31.0,0.0767103887309013,5.867623460945942,57.0,0.2782692450365554,1.0,0.1868604257739851,0,Budget Shoppers
CUST_01340,,32485.40216375307,North,mobile,33.98908207618512,6.0,21.798332879327727,25.0,0.3044711264223412,11.24523092130972,99.0,0.4447082171493046,2.0,0.2004792714144719,0,Budget Shoppers
CUST_01341,64.0,51489.79473762853,South,online,25.79763512489786,14.0,283.2219305025726,38.0,0.1777792498911543,0.0084984732037223,7.0,0.155635571793287,1.0,0.169117049824043,0,Budget Shoppers
CUST_01342,53.0,82186.30254001393,West,mobile,69.3033789839391,12.0,102.4845912941892,21.0,0.0882048341575461,2.3052723804351247,31.0,0.2529270289571891,1.0,0.2590640821078784,0,Budget Shoppers
CUST_01343,62.0,35301.83924447675,North,mobile,23.68478669171485,10.0,187.980956768788,23.0,0.0668714948197063,8.80798090167988,60.0,0.4419210529667684,3.0,0.4819900644653076,0,Budget Shoppers
CUST_01344,41.0,82493.93113076665,West,online,4.783481592351721,11.0,41.81014418683415,32.0,0.2589885565229566,6.317858570730376,56.0,0.5715916977311006,1.0,0.1313747031897917,0,Budget Shoppers
CUST_01345,69.0,58772.78673841021,North,online,1.0,14.0,18.792968021547253,28.0,0.2695048581445926,11.891423516163474,32.0,,1.0,0.2672598638578739,0,Budget Shoppers
CUST_01346,73.0,33602.07274935968,Central,online,39.64834213332486,14.0,60.73777513779154,23.0,0.1330528112306094,9.411395574881755,94.0,0.3620840177244538,2.0,0.295039299031376,0,Budget Shoppers
CUST_01347,32.0,19469.86095550716,West,mobile,27.940644647172302,8.0,204.7454427424977,23.0,0.0474257178172647,7.969502258635218,61.0,0.207434928316349,0.0,0.0690718529649217,0,Budget Shoppers
CUST_01348,46.0,24393.449136194824,Central,mobile,14.067051985059669,7.0,45.873070755581374,31.0,0.1930075958702491,10.946024061395155,61.0,0.4459677538305504,0.0,0.1843387098440332,0,Budget Shoppers
CUST_01349,25.0,43351.22501885367,West,mobile,6.478218981328888,10.0,29.74767823408902,25.0,0.1817185316891223,4.046412080103234,76.0,0.2303716106821485,2.0,0.1953237032398616,0,Budget Shoppers
CUST_01350,22.0,54278.67413364695,East,online,22.00449625819743,16.0,8.0,30.0,0.1500872721593928,2.0109463586831358,99.0,,0.0,0.2856299044534981,0,Budget Shoppers
CUST_01351,46.0,87613.38548806994,North,online,3.6987604178434,10.0,127.16546852187898,25.0,0.1268554000455287,6.564958320154004,64.0,0.1033420921342206,1.0,0.1214029874439078,0,Budget Shoppers
CUST_01352,64.0,75579.94066814125,East,store,14.337278558264028,3.0,74.41005835332827,31.0,0.0212876305295827,2.861688460028996,10.0,0.2516712803131388,1.0,0.1995048473280502,0,Budget Shoppers
CUST_01353,21.0,39543.29245423335,North,online,16.686792120459714,15.0,38.92544330489099,31.0,0.1548645556006278,2.7886292665364323,26.0,0.0608383100135053,0.0,0.1474419459390113,0,Budget Shoppers
CUST_01354,29.0,,South,mobile,21.932597407947924,11.0,95.34942655249836,23.0,0.2562139774478698,3.6756094589584767,69.0,0.4494099960422239,4.0,0.2211470646244887,0,Budget Shoppers
CUST_01355,62.0,94334.01792222928,West,mobile,21.99829001609225,10.0,156.7871457018709,28.0,0.0500472229328859,8.101664811037146,87.0,0.2486981470269129,2.0,0.0845358505698356,0,Budget Shoppers
CUST_01356,19.0,99226.18326266078,South,online,10.397339043600262,6.0,36.96032367183897,34.0,0.328446369002271,0.2830815068944718,73.0,0.5639820871617605,2.0,0.4475238166767332,0,Budget Shoppers
CUST_01357,44.0,51083.06774582088,South,online,66.44846316537433,7.0,121.99996101351668,38.0,0.2080639609956501,10.199861430423503,97.0,0.2549065419307577,0.0,0.1526420537729559,0,Budget Shoppers
CUST_01358,48.0,79082.34545351003,North,online,15.37717869697896,7.0,39.1705187223942,27.0,0.1540619635184634,7.344561088363319,37.0,0.2837931382105219,2.0,0.3124353764635702,0,Budget Shoppers
CUST_01359,68.0,88579.01807153212,East,online,9.129013083181098,8.0,561.2169289255681,27.0,0.2782403654080826,3.653451937900903,30.0,0.1229897544173351,2.0,0.2349399362188055,0,Budget Shoppers
CUST_01360,68.0,24844.417690075483,Central,mobile,6.767391808417933,11.0,171.3693272565785,23.0,0.1130854484649238,1.3572544492861105,97.0,0.4544597113447003,0.0,0.1964946097521436,0,Budget Shoppers
CUST_01361,53.0,46727.04408248667,North,online,13.631150552859156,9.0,119.98457560385243,32.0,0.0600887794372664,9.48029475708494,2.0,0.2506090438835932,0.0,0.0090080866014252,0,Budget Shoppers
CUST_01362,53.0,106840.4121573118,Central,online,2.4479994014055806,8.0,24.58841883360061,32.0,0.2026278537694234,5.237203159278455,42.0,0.2921442463154711,3.0,0.1336267646034996,0,Budget Shoppers
CUST_01363,43.0,51377.20557734012,South,mobile,1.1711404318770715,11.0,114.76935372090342,25.0,0.1997081605783079,5.223671351681577,68.0,,2.0,0.5183868386970842,0,Budget Shoppers
CUST_01364,60.0,12000.0,Central,online,32.52303497798778,9.0,209.5237179447195,27.0,0.2010273985870374,5.642767813819814,90.0,0.3757236283358058,0.0,0.2043853191266618,0,Budget Shoppers
CUST_01365,,55338.840171492106,East,mobile,33.78697568049185,5.0,173.68125040058183,35.0,0.0725125188552354,4.96739406467686,94.0,0.4635118747652005,1.0,0.3551071409623984,0,Budget Shoppers
CUST_01366,22.0,82741.76098054896,North,online,26.395138115037955,10.0,195.67488307509657,37.0,0.1920079709222753,6.159539647526015,35.0,0.1121198867159584,2.0,0.3075731773841291,0,Budget Shoppers
CUST_01367,37.0,58143.22960961972,East,online,50.28392680984015,9.0,49.71613600757043,15.0,0.0611126515598584,7.567828095768735,10.0,0.1713432266251794,1.0,0.5274206845224175,0,Budget Shoppers
CUST_01368,28.0,73738.00682961394,East,online,1.3978137620161173,13.0,51.72560010865623,25.0,0.161244454960973,5.172149782041624,31.0,0.5146119956787234,3.0,0.3033948612232143,0,Budget Shoppers
CUST_01369,27.0,78640.8839484261,North,online,96.19582348768242,15.0,100.63372230592208,19.0,0.0268293242936801,11.673634603268573,79.0,0.301543095733322,2.0,0.423371143830004,0,Budget Shoppers
CUST_01370,57.0,50191.37606848979,East,store,3.496230404501788,11.0,42.46345591807343,29.0,0.1595413961307039,4.771161637223953,85.0,0.4412073605144603,0.0,0.4147192276981763,0,Budget Shoppers
CUST_01371,55.0,46573.35429888373,West,mobile,39.23249522684833,10.0,15.590263137114214,25.0,0.1088647095684888,2.5732750987590705,6.0,0.2116998378654445,3.0,0.5612106912268757,0,Budget Shoppers
CUST_01372,23.0,61375.701470993976,West,online,5.011084174031839,6.0,80.37456234785358,23.0,0.1119282194995845,11.761269689309374,65.0,0.3300838037838077,1.0,0.5185884176351383,0,Budget Shoppers
CUST_01373,25.0,61911.13630445738,West,online,74.18165267746105,7.0,8.0,19.0,0.0566204485311247,3.55332125136818,74.0,0.3306945978645229,3.0,0.8101107339544488,0,Budget Shoppers
CUST_01374,40.0,59189.69003663337,Central,online,25.0182322622043,9.0,185.93652164464487,25.0,0.0430243987138648,7.449704530715923,2.0,0.0557642480555271,3.0,0.12425973223536,0,Budget Shoppers
CUST_01375,64.0,60093.44349901421,East,online,3.005719533380639,11.0,180.05556682103662,26.0,0.0820178361896536,9.943197817929398,9.0,0.3696792889537799,1.0,0.6382178691055405,0,Budget Shoppers
CUST_01376,43.0,41531.985038343766,North,online,33.565007585919204,8.0,104.36065901767164,28.0,0.0766902823753553,0.0474569803241684,81.0,0.4351277386485334,1.0,0.6171377904766344,0,Budget Shoppers
CUST_01377,63.0,74506.31202178086,North,mobile,1.0,4.0,178.98600278588756,27.0,0.1919518153366396,3.393999675916438,80.0,0.5082758911511279,2.0,0.1330560898328216,0,Budget Shoppers
CUST_01378,60.0,71183.10283648525,Central,store,52.3672885023032,5.0,127.34436902141404,25.0,0.151098915360998,6.381821551596692,66.0,0.1721659726537153,2.0,0.3146106833031535,0,Budget Shoppers
CUST_01379,29.0,28607.815934019924,North,online,36.80232196366107,12.0,155.41841712168804,32.0,0.0771755473860098,5.470583160586002,80.0,0.4000975189295228,0.0,0.0416839908401111,0,Budget Shoppers
CUST_01380,43.0,49438.42902410872,West,mobile,8.366761645235197,15.0,8.689294329651291,22.0,0.0355514676412622,0.8735684404711881,99.0,0.3285279887335384,1.0,0.5170835833799935,0,Budget Shoppers
CUST_01381,30.0,60047.75719586782,East,store,16.436181108238983,9.0,277.01245283031085,32.0,0.0564370498868403,5.364676410752249,59.0,0.3565176958585653,2.0,0.2007333501289366,0,Budget Shoppers
CUST_01382,57.0,369960.9115993933,North,online,1.0,12.0,134.24209221288396,29.0,0.0401010829965043,1.2713963590007005,92.0,0.1046177844261277,1.0,0.2296275906803543,-1,Noise / Outliers
CUST_01383,35.0,,North,store,41.40980991324835,3.0,122.61955216253884,25.0,0.0615053748677342,2.998436585109293,13.0,0.5068251730665325,3.0,0.3683544441719585,0,Budget Shoppers
CUST_01384,42.0,56528.58415394297,South,mobile,13.635787566607036,3.0,63.6718562137721,25.0,0.0812251796170673,8.985456901539855,6.0,0.3107558624891571,0.0,0.0544754534933435,0,Budget Shoppers
CUST_01385,50.0,61719.59564801411,South,online,29.66852231300189,13.0,8.0,34.0,0.1536190257870847,2.142860303417124,25.0,0.4616761213525405,2.0,0.4208684117872118,0,Budget Shoppers
CUST_01386,64.0,49184.39523537239,South,store,109.90843169915384,14.0,301.25034124394995,22.0,0.2680181085129591,7.98336354125057,63.0,0.3375258835290354,1.0,0.6136094671956921,-1,Noise / Outliers
CUST_01387,57.0,14149.18588496648,East,online,12.456968837046334,5.0,551.8587111150099,34.0,0.0055400447642053,11.675162445970834,59.0,0.2194747547238265,1.0,0.1944819541026228,0,Budget Shoppers
CUST_01388,60.0,12892.336925626108,West,online,162.02361377025204,8.0,214.38940809379983,27.0,0.1568283815947453,2.9637981433071565,90.0,0.5725195368390893,1.0,0.6069692443093238,0,Budget Shoppers
CUST_01389,29.0,70971.4100272246,West,mobile,35.05787642135192,10.0,320.5234340204478,23.0,0.0766810965450394,3.114566814217183,46.0,0.0733453195287221,1.0,0.0905005788845823,0,Budget Shoppers
CUST_01390,61.0,63872.06568276667,West,online,9.701610596061569,10.0,16.75985580806116,30.0,0.365539751893073,11.437109212380156,15.0,0.0635567402521635,0.0,0.4842258383321304,0,Budget Shoppers
CUST_01391,53.0,67650.56853972386,East,online,20.092842164696908,12.0,17.90626164325574,23.0,0.0793478619006502,7.981668267452654,66.0,0.232310260125082,3.0,0.5232996090803325,0,Budget Shoppers
CUST_01392,65.0,60958.40252538409,East,online,47.20862813695165,7.0,275.2083772751061,26.0,0.0434336997787518,9.241247012523791,86.0,0.4918514202101995,1.0,0.2293187497044537,0,Budget Shoppers
CUST_01393,21.0,62720.48287421732,South,mobile,20.700876482239696,9.0,8.0,35.0,0.2081210609021503,9.498162465766857,42.0,0.4446532477248275,2.0,0.0924532088224808,0,Budget Shoppers
CUST_01394,22.0,79318.51421961334,North,mobile,2.483852447893309,11.0,12.718842073074558,22.0,0.1133217665762011,8.758296748937319,92.0,0.1567368430812684,0.0,0.2863267292520363,0,Budget Shoppers
CUST_01395,73.0,67781.62619283107,Central,mobile,6.462702961726911,5.0,220.666630049568,21.0,0.0103619574374668,11.72157113463602,17.0,0.5700820835020323,1.0,0.3155728778428538,0,Budget Shoppers
CUST_01396,,80900.00570673449,Central,store,54.83963323056444,11.0,105.83668272706018,32.0,0.1456448026652652,3.296944732265616,23.0,0.3083910226615536,3.0,0.1505307319013442,0,Budget Shoppers
CUST_01397,25.0,61772.160506985136,North,online,36.58145888764208,9.0,64.62710869451415,20.0,0.189874080799746,6.220433199079817,15.0,0.1763374967513021,2.0,0.165482429529147,0,Budget Shoppers
CUST_01398,59.0,51391.60170856504,South,online,29.52475000883345,9.0,104.8060516541982,28.0,0.1988203751789684,7.968941142343647,38.0,0.4351415741377666,1.0,0.4064256759026951,0,Budget Shoppers
CUST_01399,66.0,62272.46296743741,North,mobile,6.421400274774935,5.0,274.2846252492762,32.0,0.0409155453218644,8.48713359889163,56.0,0.3244732412462826,0.0,0.1399282677100029,0,Budget Shoppers
CUST_01400,45.0,39604.086607279474,North,mobile,63.65319844059804,7.0,183.98100012731496,27.0,0.1474619429709917,2.3058594222972677,34.0,,1.0,0.359771745343964,0,Budget Shoppers
CUST_01401,48.0,49643.367563938,Central,online,113.3143158501526,12.0,152.92958740931374,25.0,0.1427067509014268,10.506087851857526,94.0,0.1924081396790437,0.0,0.1888449523145031,0,Budget Shoppers
CUST_01402,26.0,61906.56879008081,South,online,1.4611268564515825,9.0,,37.0,0.2265418724969855,9.776938547525743,65.0,0.1549852320593783,1.0,0.1542477773792715,0,Budget Shoppers
CUST_01403,71.0,61615.00330182226,East,store,2.843561801243886,10.0,95.77039097454204,22.0,0.0248774187604582,3.1700222387420065,80.0,,1.0,0.1454161710761648,0,Budget Shoppers
CUST_01404,68.0,55658.78463993425,Central,store,75.61506372693978,17.0,8.0,22.0,0.1487487271743923,6.527594818979866,89.0,0.1354977160043544,0.0,0.6418369730515157,0,Budget Shoppers
CUST_01405,46.0,27459.93637616745,East,mobile,59.16361763557549,16.0,72.85507441400273,30.0,0.2579679198062394,3.536507229514089,87.0,0.4438980796883071,0.0,0.4847736192919039,0,Budget Shoppers
CUST_01406,31.0,72001.01002125572,South,online,33.675708593204135,14.0,13.2026437594882,34.0,0.0979676102429555,4.390650516626259,97.0,0.4601853748394409,3.0,0.1415747348125309,0,Budget Shoppers
CUST_01407,57.0,76353.02494519009,North,store,101.49264054459144,9.0,16.095518181093393,18.0,0.0937477922469589,6.402830174254143,34.0,0.2030348525679219,0.0,0.2000779139684209,0,Budget Shoppers
CUST_01408,58.0,94161.19089554924,West,store,36.38863998628814,11.0,38.250948511721845,25.0,0.1485200412182758,6.473798592498535,73.0,0.3351938881731203,0.0,0.2203515685263044,0,Budget Shoppers
CUST_01409,39.0,67719.07192495209,West,mobile,8.516461724778805,15.0,,30.0,0.0807480753576801,6.384706091016072,16.0,0.2276042640117686,0.0,0.4274370278968249,0,Budget Shoppers
CUST_01410,28.0,,South,store,45.6511121374304,12.0,85.41095281620326,22.0,0.2132966708381576,6.531109214516099,50.0,0.1763852883874266,1.0,0.2314599094132309,0,Budget Shoppers
CUST_01411,40.0,35713.3507885767,West,store,36.317416283346105,7.0,24.19466572207567,41.0,0.2481712563808331,7.633568222089541,69.0,0.3704447459440021,0.0,0.5918208873098468,0,Budget Shoppers
CUST_01412,18.0,90824.39312594324,East,store,148.77193284078754,14.0,48.562812744096206,30.0,0.2917295563445705,0.1884827141795635,42.0,0.2324169818658462,1.0,0.4864489364063344,0,Budget Shoppers
CUST_01413,63.0,63452.32549122852,West,store,8.423304554967029,12.0,42.0821991315347,19.0,0.0809131848464098,1.6778687994210353,62.0,0.3566958995816689,0.0,0.1477517888682951,0,Budget Shoppers
CUST_01414,54.0,62254.20982416004,South,mobile,31.88559511776758,5.0,59.08760572410488,25.0,0.061002926083473,5.643326711562329,12.0,0.3103481795476798,1.0,0.2411540109931474,0,Budget Shoppers
CUST_01415,38.0,52410.763640065255,South,mobile,53.02113205728131,7.0,14.85621248416388,35.0,0.1415560277958599,8.50068597355418,69.0,0.0883733280390123,0.0,0.5909945423679496,0,Budget Shoppers
CUST_01416,43.0,51004.66953843304,East,online,14.48915496019653,13.0,65.83247786642173,40.0,0.2031935861762955,6.111207109338809,87.0,0.6347250498195557,2.0,0.5273695490344235,0,Budget Shoppers
CUST_01417,63.0,73141.86814911863,West,mobile,16.71316965445485,6.0,105.06892263147547,35.0,0.0399859222362158,7.5473088298413185,72.0,0.1341456514373259,3.0,0.3246079447945769,0,Budget Shoppers
CUST_01418,53.0,35528.30630151098,West,mobile,76.59331218147842,7.0,13.256786103989851,26.0,0.0306950284903274,11.648332572111515,99.0,0.4431399072572491,1.0,0.6784649766658322,0,Budget Shoppers
CUST_01419,71.0,93759.50090149316,North,store,18.124457560848708,10.0,95.62476377512148,37.0,0.1603235227710131,8.760789651330542,80.0,0.4260369421553714,2.0,0.2299682104916153,0,Budget Shoppers
CUST_01420,40.0,88965.58206584418,Central,online,34.30409890948342,15.0,183.32989683637297,35.0,0.0991190269822148,11.27839989954298,84.0,0.193357107006601,1.0,0.1099269331816053,0,Budget Shoppers
CUST_01421,74.0,401685.1677513923,South,mobile,77.0130467898937,4.0,8.0,20.0,0.1092742070713418,0.2280659206129285,28.0,0.2256136314544576,1.0,0.3506897669530613,-1,Noise / Outliers
CUST_01422,18.0,38994.97955079307,North,online,8.242599488750894,5.0,8.0,28.0,0.0311983267898849,5.365902822168598,30.0,0.173241276077481,3.0,0.1218733798286858,0,Budget Shoppers
CUST_01423,71.0,13665.468256180888,South,mobile,140.37064235544383,12.0,81.67224244681594,33.0,0.0753772436907846,4.254187714779577,75.0,0.5778333242438692,3.0,0.5061630271892058,-1,Noise / Outliers
CUST_01424,72.0,30468.89480534701,North,mobile,42.367705742526354,11.0,268.036364811044,27.0,0.1170277061149138,8.46629028093412,50.0,0.1539458384259607,1.0,0.2929627978983227,0,Budget Shoppers
CUST_01425,68.0,74058.05284342324,Central,online,23.98971738435876,11.0,794.8434623927168,25.0,0.2490440324954284,11.153237165802896,17.0,,4.0,0.4551299654815202,-1,Noise / Outliers
CUST_01426,57.0,64937.52089581439,North,mobile,19.73073371114142,12.0,12.746125714195582,22.0,0.0827580181820379,0.4833857598070472,10.0,0.4333500742189357,3.0,0.428498289369552,0,Budget Shoppers
CUST_01427,32.0,68860.37843673394,South,online,108.04751610193928,5.0,8.0,22.0,0.0341654442012049,0.6876585742138421,88.0,0.2995436734645513,1.0,0.2521782958279051,0,Budget Shoppers
CUST_01428,38.0,17397.248022868444,West,online,8.06138595327173,5.0,33.769909552387894,19.0,0.1335497516639867,8.074026799144267,95.0,0.4412708980503088,2.0,0.4873148298411505,0,Budget Shoppers
CUST_01429,64.0,49292.056357741385,South,mobile,13.072715757533675,7.0,81.91514471969657,36.0,0.1182926413381138,4.152654204039703,11.0,0.2069675524356393,1.0,0.371347853857034,0,Budget Shoppers
CUST_01430,26.0,88080.00173820581,East,online,12.875445869968065,10.0,110.26019619683618,28.0,0.2516598602405884,2.4362503040429333,47.0,,1.0,0.0784252977652467,0,Budget Shoppers
CUST_01431,70.0,55887.39708297423,East,online,11.93821155908686,13.0,471.9053745593894,32.0,0.138702039237987,11.45657275478845,8.0,0.1341347903692743,1.0,0.2234257098526424,-1,Noise / Outliers
CUST_01432,26.0,30009.515838272324,East,online,22.124328261025013,11.0,285.1426641692996,24.0,0.0308434240829365,0.168467006006558,31.0,0.1736340911160983,0.0,0.0841304913660962,0,Budget Shoppers
CUST_01433,27.0,55544.74872145617,East,online,158.42008509537413,6.0,107.34902493568572,30.0,0.0779477835306759,3.287756443492857,37.0,0.0525569322095586,0.0,0.5376643460080144,0,Budget Shoppers
CUST_01434,69.0,41037.61679596451,Central,mobile,76.87070649634418,18.0,58.365914740030426,24.0,0.1846578455706773,3.980346251335984,33.0,0.3921341291876326,7.0,0.3160366004496155,0,Budget Shoppers
CUST_01435,,65340.93931879874,West,online,13.909766294698318,9.0,50.38433787512476,26.0,0.1155849579111328,9.393382072323714,9.0,0.1543967013072404,1.0,0.1262364379541901,0,Budget Shoppers
CUST_01436,70.0,58451.99833552973,West,store,19.239077727979257,15.0,110.51204632013072,23.0,0.0763255337981956,6.740892858007919,46.0,0.1964379892879489,2.0,0.0820924612375892,0,Budget Shoppers
CUST_01437,43.0,69952.52660981039,South,online,38.74816278790975,10.0,166.11516499452514,25.0,0.0533310891365201,3.940481869072298,3.0,0.5070461378448521,3.0,0.44139288478623,0,Budget Shoppers
CUST_01438,58.0,31205.680211167524,North,online,1.0,9.0,85.42756510364377,32.0,0.1391632857313351,2.0370412654381727,13.0,0.6042787175549185,4.0,0.5672905601779014,0,Budget Shoppers
CUST_01439,52.0,48128.23548936783,South,online,60.04783582109511,8.0,47.187236483029935,26.0,0.2116525875422155,2.614568524574085,28.0,0.2214834801203376,1.0,0.2469749679912837,0,Budget Shoppers
CUST_01440,69.0,81989.5555107804,South,mobile,74.15037332084138,9.0,123.4685346389053,31.0,0.1523061205026845,0.464090324353632,52.0,0.1071882732375082,0.0,0.0469092120495824,0,Budget Shoppers
CUST_01441,42.0,28205.838802419406,South,mobile,68.12093996006654,6.0,106.12083850083847,20.0,0.1062025858875988,10.042372939839028,61.0,0.4134247913285588,1.0,0.0117054323108343,0,Budget Shoppers
CUST_01442,43.0,35931.53564712047,South,store,16.45317282171387,9.0,72.4766379534328,26.0,0.0952308643285449,1.4062252096443155,24.0,0.3795853583818506,1.0,0.206630363258402,0,Budget Shoppers
CUST_01443,28.0,62384.54081982541,West,mobile,21.696353109930147,10.0,179.3660761357391,24.0,0.1471769208404916,9.876558475191214,10.0,0.217952597030134,2.0,0.1602045358678349,0,Budget Shoppers
CUST_01444,55.0,,North,online,1.0,1.0,43.10718754045929,34.0,0.0515410606174898,1.6701156818818443,42.0,0.3798431284786735,1.0,0.3420030111371512,0,Budget Shoppers
CUST_01445,19.0,47245.303459659066,South,mobile,17.843643228168453,6.0,86.24755891709084,29.0,0.0938430644167635,10.870894732487598,37.0,0.1485723171850767,0.0,0.0751500902385225,0,Budget Shoppers
CUST_01446,24.0,51874.4765819453,West,store,21.594190231387188,10.0,366.4811215654387,32.0,0.2437153513766416,8.142129548585896,15.0,0.172268813804036,2.0,0.0290773203200861,0,Budget Shoppers
CUST_01447,35.0,69730.96235422412,South,online,83.12077918924358,7.0,166.80553588452196,40.0,0.069779301548036,4.224393598997806,28.0,0.4267489174430142,3.0,0.615252412061661,0,Budget Shoppers
CUST_01448,44.0,76691.97003871709,East,online,78.54699672125935,9.0,63.82701917814815,33.0,0.0334055906787536,4.712326913490962,37.0,0.5964570796658737,0.0,0.1040079045178836,0,Budget Shoppers
CUST_01449,51.0,34477.123363625295,South,mobile,118.4488782144262,9.0,102.7064531062224,24.0,0.2202206293490174,3.414721080852604,65.0,0.351480052796051,1.0,0.3661576194511869,0,Budget Shoppers
CUST_01450,44.0,66015.0294538149,South,online,75.73077684931903,12.0,67.6005346662359,30.0,0.2403974850385861,2.535480491914164,13.0,0.113391619937284,4.0,0.1583000673526334,0,Budget Shoppers
CUST_01451,34.0,91264.35200012587,Central,store,1.0,5.0,15.522112126510724,30.0,0.0572873185407178,10.932818394613758,59.0,0.4560671553273911,1.0,0.4028500763444159,0,Budget Shoppers
CUST_01452,60.0,,East,online,35.900109923606585,5.0,53.02359509357536,24.0,0.1169782974448023,2.213049008145094,68.0,0.4388041668373518,0.0,0.205620279141541,0,Budget Shoppers
CUST_01453,61.0,34243.538616652586,North,online,2.473713256334861,9.0,256.0068064598045,23.0,0.087158681883021,2.111381848221201,56.0,0.2592788590867901,0.0,0.6006785389967039,0,Budget Shoppers
CUST_01454,68.0,33225.97800580124,South,store,11.139481206251189,10.0,80.39389001357371,29.0,0.072756897969948,4.3231669443631695,30.0,0.1733565698471256,1.0,0.0372848048351269,0,Budget Shoppers
CUST_01455,71.0,54463.776291139,North,store,30.22177236992186,11.0,114.21847413820156,19.0,0.0415806011581554,11.811824017447968,64.0,0.1812999186950115,1.0,0.2873054636280002,0,Budget Shoppers
CUST_01456,41.0,80788.6407070876,East,online,42.21073366046309,12.0,26.028188896866855,20.0,0.1358978795452254,5.579006713216982,67.0,0.1646341549720877,1.0,0.4859961687399562,0,Budget Shoppers
CUST_01457,,57103.37130337433,South,store,37.21006935837635,11.0,57.25405642926621,19.0,0.1137829725274912,4.264163892019091,20.0,0.190556612720598,1.0,0.1114919983115112,0,Budget Shoppers
CUST_01458,24.0,62163.10355793041,Central,online,1.7605907582462732,7.0,344.2356695535028,24.0,0.1445512856330552,11.982606165763846,99.0,0.1575056269759501,2.0,0.1129842964185297,-1,Noise / Outliers
CUST_01459,69.0,36080.48299217632,West,online,3.828049884874687,6.0,49.04062544026496,29.0,0.1735207728117473,8.880501604653686,27.0,0.4239529017937141,3.0,0.1794087223708644,0,Budget Shoppers
CUST_01460,23.0,79628.58792548405,Central,store,4.81736612753596,11.0,37.49595708502657,30.0,0.0331647561344234,11.335503742071442,12.0,0.2816538447977187,1.0,0.3540660671531089,0,Budget Shoppers
CUST_01461,70.0,32795.5114343622,Central,mobile,3.3553152070583026,9.0,8.0,22.0,0.2707349837396349,2.9870762901777077,41.0,0.4233494518606165,2.0,0.1588526825599542,0,Budget Shoppers
CUST_01462,41.0,46901.07734602408,West,online,6.870503887043232,9.0,13.297488233639006,25.0,0.5718966930130073,9.050356225400645,80.0,0.3923005602040263,4.0,0.1281133372064032,0,Budget Shoppers
CUST_01463,50.0,71858.12696501847,West,online,40.821086190547085,10.0,114.26600490192013,32.0,0.1862397161328134,10.687752608930069,96.0,0.3569804993573224,3.0,0.2725710032849906,0,Budget Shoppers
CUST_01464,66.0,13132.5070369615,West,mobile,62.19129057973951,11.0,140.25779729425116,28.0,0.1270203027130217,6.352348401923671,51.0,0.4382256580413837,1.0,0.2436073079926266,0,Budget Shoppers
CUST_01465,46.0,61827.14529308557,South,online,18.396854151746066,7.0,133.38664746147415,32.0,0.2615694253570978,5.086594111514367,97.0,0.2744102911696606,1.0,0.3148096230148239,0,Budget Shoppers
CUST_01466,60.0,35140.38153938082,North,mobile,41.30686276822083,8.0,100.9005167395683,24.0,0.0331620146135097,3.551488478405716,80.0,0.224009097773791,0.0,0.1456865316514957,0,Budget Shoppers
CUST_01467,39.0,58364.08677600049,North,mobile,7.810735733607824,10.0,87.78261365842552,31.0,0.1697380475495038,6.807309238286453,29.0,0.2363219526407716,0.0,0.4848352767073173,0,Budget Shoppers
CUST_01468,43.0,50254.776630337394,West,online,126.7822011831477,15.0,,23.0,0.2247868984740107,2.305680439198584,91.0,,2.0,0.5369118465075942,0,Budget Shoppers
CUST_01469,45.0,104328.36615766677,Central,mobile,15.077268678900278,7.0,238.80177812896287,26.0,0.0734861142298377,5.182155229404598,95.0,0.3423384680975513,1.0,0.869606174774686,0,Budget Shoppers
CUST_01470,67.0,49351.33383760206,East,store,65.447858153664,7.0,93.55540986468483,33.0,0.204911633627284,8.190500448835508,51.0,0.3312036620152308,3.0,0.3375765334797949,0,Budget Shoppers
CUST_01471,38.0,98538.33020343354,West,online,101.74869949658772,10.0,18.390484048992622,26.0,0.195959476166257,7.828272576517894,59.0,0.0906468296669857,1.0,0.1631701331709663,0,Budget Shoppers
CUST_01472,66.0,70912.95040603424,Central,online,70.01273819766858,7.0,18.98107696064092,25.0,0.3161011152323457,8.398722726239683,88.0,0.2248973630769838,2.0,0.0756990594826908,0,Budget Shoppers
CUST_01473,,40367.90264394598,Central,online,2.4297906658631283,8.0,93.52224466758317,32.0,0.1013669310968862,7.038600723253419,31.0,0.3319069028038253,0.0,0.1377685385267143,0,Budget Shoppers
CUST_01474,34.0,65277.84035571465,South,mobile,36.77450357401443,8.0,36.46199607189004,33.0,0.1403578242375907,0.0315642984367561,9.0,0.2837235165793311,2.0,0.146654353896465,0,Budget Shoppers
CUST_01475,37.0,51302.98558056814,South,store,4.477775836521215,10.0,331.5776853362213,37.0,0.0509961126659808,0.3208251623828699,100.0,0.0877930001301545,0.0,0.5026620914988219,-1,Noise / Outliers
CUST_01476,58.0,63327.46479630715,North,online,1.0,12.0,89.83614237332223,31.0,0.1369536283805159,6.963122107782295,70.0,0.1656829473381484,4.0,0.5790655006184969,-1,Noise / Outliers
CUST_01477,66.0,42294.398276468135,North,online,1.86103288542947,8.0,498.6695785146836,29.0,0.2290239222211819,11.591543307980404,30.0,0.3148583156139073,1.0,0.3462220822300694,0,Budget Shoppers
CUST_01478,37.0,95183.90793361107,East,online,86.75506726388198,8.0,172.23125033178675,24.0,0.2509333769299981,2.333393708580444,90.0,0.2286733350132283,3.0,0.455916316724313,0,Budget Shoppers
CUST_01479,71.0,78358.75799752794,East,mobile,83.68561722249002,8.0,216.37412612949933,39.0,0.0891687224581864,8.608593836243953,40.0,0.2567207722020035,0.0,0.5374901105407699,0,Budget Shoppers
CUST_01480,39.0,58699.194499555,East,online,8.958478967694045,9.0,64.01978885081004,25.0,0.1896138049796016,5.198470521033375,7.0,0.4617532209426879,1.0,0.1895208841185333,0,Budget Shoppers
CUST_01481,,96040.52489752974,East,store,27.71994031226184,13.0,18.70626753598836,25.0,0.1525657690595656,1.669152321756552,72.0,0.239157146970745,2.0,0.4457021222170746,0,Budget Shoppers
CUST_01482,57.0,59634.14336982267,Central,online,108.56023629051904,13.0,152.12650478877958,21.0,0.0398997990548062,0.3993418191859388,59.0,0.3842557681855138,1.0,0.5910837506078523,0,Budget Shoppers
CUST_01483,66.0,82147.74922694563,Central,mobile,24.03033655001116,10.0,67.94852429197977,32.0,0.117579062433013,8.560501779806106,11.0,0.4107743804336193,1.0,0.1193867948344304,0,Budget Shoppers
CUST_01484,24.0,58842.61292549334,North,mobile,17.506260416613024,7.0,386.57003247289,42.0,0.0719249400741347,1.7272351082419926,3.0,0.2101007386741554,1.0,0.1834863915883648,0,Budget Shoppers
CUST_01485,18.0,66665.52708583273,South,mobile,23.106774361142783,11.0,27.977997497317077,33.0,0.0765580365019969,3.5811543055464243,4.0,0.3640077261032872,0.0,0.0488781919929345,0,Budget Shoppers
CUST_01486,49.0,56208.34681925885,South,online,54.65864993401549,9.0,128.0300459172493,32.0,0.0692930573229308,4.816538336759141,97.0,0.3318980082833666,2.0,0.3673997186577099,0,Budget Shoppers
CUST_01487,30.0,60096.62978522661,West,mobile,22.704668070341786,8.0,261.3483811737292,32.0,0.0596656353204118,8.470477011272594,20.0,0.2213050168387674,5.0,0.4039268566684678,0,Budget Shoppers
CUST_01488,47.0,61751.70092853598,Central,online,53.519843374287085,5.0,67.02174144186144,29.0,0.2000567867917301,4.651459488001467,5.0,0.3328694658073983,3.0,0.3015683836193364,0,Budget Shoppers
CUST_01489,40.0,43265.89968525534,East,online,19.77854675832384,6.0,399.34884534351,35.0,0.104429149473961,4.635483526318659,34.0,0.0996383801248589,2.0,0.3494459336455072,0,Budget Shoppers
CUST_01490,68.0,49176.48932769207,East,mobile,10.162595900443057,9.0,10.362394631615691,29.0,0.1100559552526366,9.53080575791025,14.0,0.2024518790030597,3.0,0.2423569052266577,0,Budget Shoppers
CUST_01491,73.0,53231.38963730422,West,mobile,13.83293777965363,11.0,114.936629280269,33.0,0.1615423087749302,0.0837736715178563,13.0,0.2401366864102759,1.0,0.3525796314197554,0,Budget Shoppers
CUST_01492,36.0,63053.64236965052,South,online,2.8356511305088103,12.0,195.3014940519957,33.0,0.0739936926878988,9.0462837002661,61.0,0.3753802789933692,0.0,0.7112362770679499,0,Budget Shoppers
CUST_01493,49.0,57327.26157092372,East,online,24.07730984675161,6.0,29.302617438373925,28.0,0.3232804418638549,6.260155216954985,49.0,0.2003844287731719,1.0,0.1274389330430675,0,Budget Shoppers
CUST_01494,47.0,83806.71574416556,South,store,5.610463395615819,11.0,8.0,26.0,0.1858019407168656,6.500178559681892,45.0,0.2309559614416759,0.0,0.0676920861915408,0,Budget Shoppers
CUST_01495,46.0,76636.6030175521,West,store,58.41173357838333,10.0,10.825142082655615,36.0,0.0671902014302496,4.146684813216025,53.0,0.1064078038563528,1.0,0.5372479911717208,0,Budget Shoppers
CUST_01496,66.0,53680.793767441806,South,online,19.101107392371382,8.0,,28.0,0.1686491109330667,1.1098425312888178,24.0,0.1316074680742694,1.0,0.3995353846791912,0,Budget Shoppers
CUST_01497,62.0,88399.24574394267,South,mobile,50.686287897467565,11.0,32.82967157282808,30.0,0.0669996977543566,1.0900017609701762,94.0,0.2015261699015785,2.0,0.1538139712232666,0,Budget Shoppers
CUST_01498,46.0,99206.45371866004,South,online,108.12107623067564,6.0,32.94995812162736,33.0,0.2151695488736087,4.090082888830288,63.0,,1.0,0.1357820729998101,0,Budget Shoppers
CUST_01499,47.0,13035.821511713424,East,mobile,66.27759921971827,8.0,79.74862204085447,25.0,0.0678120198001142,8.644942411612824,75.0,0.2487438082194569,2.0,0.1788176882323788,0,Budget Shoppers
CUST_01500,33.0,78510.38187145814,North,store,105.89050115289191,8.0,11.5386497097815,25.0,0.1038082674758063,10.699757415251362,9.0,0.2132365486226841,0.0,0.1196704793340458,0,Budget Shoppers
CUST_01501,57.0,42754.34765870702,Central,online,29.37139705468469,13.0,702.4963068576544,39.0,0.0915056541679123,9.746695854175483,63.0,0.4597257777456595,5.0,0.3408013293527722,-1,Noise / Outliers
CUST_01502,36.0,75616.45646911259,South,mobile,6.3249260663123685,7.0,154.71234702737766,22.0,0.0988047513483818,9.575019421008092,56.0,0.3286081507775822,2.0,0.0326527302169015,0,Budget Shoppers
CUST_01503,35.0,85241.2346942215,South,online,95.88173844967876,8.0,8.0,35.0,0.2837335131888229,0.0687987708800825,77.0,0.1549485096828449,1.0,0.1453507638983129,0,Budget Shoppers
CUST_01504,18.0,38706.162920767856,South,mobile,71.00736357716148,10.0,153.05477322121249,44.0,0.0440978021998353,2.299400066247398,77.0,0.2285755896649981,1.0,0.2293593052896614,0,Budget Shoppers
CUST_01505,31.0,17248.803821653266,North,mobile,69.93495993378127,5.0,204.0206445378708,24.0,0.1053110919193806,11.341054898952176,96.0,0.4015035041941839,2.0,0.051935699064098,0,Budget Shoppers
CUST_01506,68.0,76379.54994074903,West,store,41.3630641030686,12.0,27.51612663773404,30.0,0.1452885605022257,10.441996607026828,71.0,0.5899690415200521,1.0,0.1120644222693501,0,Budget Shoppers
CUST_01507,64.0,60978.85461463945,East,online,34.3212091985884,11.0,238.4606838806181,26.0,0.1058844679321953,1.520767581575297,75.0,0.3085008914244027,1.0,0.2350710483496248,0,Budget Shoppers
CUST_01508,67.0,21294.347414142183,North,online,1.0,11.0,122.99878216886208,29.0,0.2051350141711194,7.633997194836455,42.0,0.2893434638269415,1.0,0.2698383786909092,0,Budget Shoppers
CUST_01509,19.0,113650.41912018208,South,online,48.24892710279087,5.0,223.5432976118396,25.0,0.1557316514536479,5.19752131774587,1.0,0.4506010825912125,2.0,0.1997215567006325,0,Budget Shoppers
CUST_01510,71.0,71737.22706964414,North,store,3.359966618729982,9.0,163.95944562386222,32.0,0.0290608301679392,0.0922026706196272,64.0,0.4306596321118111,2.0,0.395502982712354,0,Budget Shoppers
CUST_01511,45.0,,North,mobile,10.52690018021233,11.0,158.53783156464473,32.0,0.2256307716044095,9.601829829624144,92.0,0.4646929945353142,2.0,0.0379767962212054,0,Budget Shoppers
CUST_01512,66.0,88047.99055636507,North,mobile,28.063873589666525,9.0,22.39400537004986,35.0,0.0479141837996848,11.317618163635654,72.0,0.1864202459486131,0.0,0.5914869406324337,0,Budget Shoppers
CUST_01513,67.0,45221.87303737696,West,online,21.03472445398288,12.0,49.33506015496133,26.0,0.056052271389477,11.049335390004488,15.0,0.4644736924967845,2.0,0.0376400056601411,0,Budget Shoppers
CUST_01514,47.0,60869.99046595089,Central,store,1.0,11.0,96.29794193156124,16.0,0.2240668195902341,4.6113186769967855,69.0,0.2400362884985728,2.0,0.7531589818247352,-1,Noise / Outliers
CUST_01515,55.0,28974.91789684521,East,store,60.801523733532754,8.0,15.52190550693426,28.0,0.1561635164474003,9.453778595761174,22.0,0.1565270879154595,2.0,0.2283388720870345,0,Budget Shoppers
CUST_01516,68.0,44625.134159725945,West,mobile,73.86123886321461,10.0,84.63424725918374,22.0,0.0292965207433916,5.975741830251296,20.0,0.1803918994784892,3.0,0.5260343225013184,0,Budget Shoppers
CUST_01517,21.0,66484.52001032323,West,online,40.08565495368009,7.0,76.61734516257151,22.0,0.0113955076145722,11.759867299331257,68.0,0.6159792411210597,0.0,0.184719209031455,0,Budget Shoppers
CUST_01518,18.0,21363.73732308605,Central,online,27.25985220216913,12.0,34.30254334492494,40.0,0.1680915654629744,11.55943050777029,45.0,0.2416914234101755,4.0,0.2033927584833315,0,Budget Shoppers
CUST_01519,25.0,44001.62999508221,West,mobile,113.3122916025497,8.0,28.962810919999026,32.0,0.1724755080871849,9.280236774572828,89.0,0.2039571016574488,3.0,0.1315537668691123,0,Budget Shoppers
CUST_01520,46.0,37585.45288137015,North,mobile,4.472426308894552,11.0,36.944317328354735,20.0,0.0618730973403698,5.655970711947981,80.0,0.1380183621162711,3.0,0.2679380754155743,0,Budget Shoppers
CUST_01521,72.0,61126.02940364759,North,online,46.86736346302835,8.0,120.78817852961882,26.0,0.0275184431686186,10.823241192841426,40.0,0.3169237151892558,3.0,0.1253258409723895,0,Budget Shoppers
CUST_01522,56.0,70643.42775663767,South,mobile,4.808282062689735,6.0,69.68806246118415,25.0,0.1008716751197007,2.68748344034368,46.0,0.2506946439972929,2.0,0.3125079865209523,0,Budget Shoppers
CUST_01523,20.0,74327.36169628205,West,online,16.83555015188509,10.0,69.46753911174969,28.0,0.0893349397988699,2.570650890348328,91.0,0.3069220453788659,1.0,0.4439732670730474,0,Budget Shoppers
CUST_01524,49.0,79973.96618511932,South,mobile,30.82257264727797,9.0,26.07369018554509,27.0,0.0874376076963689,6.698832024356527,63.0,0.3751550452001795,1.0,0.1208171529457306,0,Budget Shoppers
CUST_01525,27.0,88186.57062459216,East,mobile,46.75771542306988,9.0,201.2638326686484,32.0,0.1130046945597262,9.82855547266643,93.0,0.3549508986059612,3.0,0.1985416157134901,0,Budget Shoppers
CUST_01526,27.0,71359.39998103493,North,online,1.0,12.0,156.68097033234392,35.0,0.1912193070112495,0.7452258315935554,12.0,0.2567397979919661,1.0,0.0656555971358438,0,Budget Shoppers
CUST_01527,36.0,99521.38977567716,East,mobile,10.566968086905073,7.0,72.86467971237417,38.0,0.1914060454718733,9.416368913261294,52.0,0.1271850668016631,4.0,0.3187148278591767,0,Budget Shoppers
CUST_01528,63.0,60629.05546782301,Central,online,27.041848037274693,10.0,19.94025075934209,31.0,0.0765445777321194,11.391880393051569,7.0,0.2006963330598387,1.0,0.0585807531477739,0,Budget Shoppers
CUST_01529,51.0,54186.93460648795,North,online,26.6404447256285,11.0,163.04821936605805,33.0,0.1193798077191233,6.551975653512416,88.0,0.3228711293352739,2.0,0.1765334386885111,0,Budget Shoppers
CUST_01530,50.0,71360.76199392088,East,store,35.5277878055125,8.0,297.8423214948612,29.0,0.0932884347297967,2.5626862777596515,55.0,0.1337497812523632,0.0,0.4049796435214287,0,Budget Shoppers
CUST_01531,40.0,53238.954150163045,Central,online,12.67683439599842,12.0,25.52336571005807,35.0,0.4534644521294181,7.580058895830115,5.0,0.2419025601312677,3.0,0.517420895550408,0,Budget Shoppers
CUST_01532,72.0,98756.4240330511,East,online,27.21879992056747,4.0,119.98532201403634,24.0,0.0288368193636131,2.361935799870704,47.0,0.1947085069752913,1.0,0.4629608856679544,0,Budget Shoppers
CUST_01533,45.0,82881.63640897466,Central,online,7.366023987753733,9.0,71.78390398547194,32.0,0.1778268000699145,4.685648409869962,97.0,0.2105557474543817,3.0,0.5787684499100655,0,Budget Shoppers
CUST_01534,49.0,74506.11917238931,Central,online,7.240345137548007,8.0,11.925158004124674,29.0,0.1705675265959098,8.39556432303422,38.0,0.432207009611851,1.0,0.2063712607181907,0,Budget Shoppers
CUST_01535,67.0,60891.22556890972,North,online,30.07734840366822,8.0,168.2194824734117,37.0,0.1329057968512874,4.576300166277026,43.0,0.3776859844671023,2.0,0.655986373090562,0,Budget Shoppers
CUST_01536,24.0,49035.50222887302,South,online,40.48394128357612,6.0,9.594652734380828,30.0,0.0675068233099462,5.812397625552023,70.0,0.2134852530581305,2.0,0.2012926397871939,0,Budget Shoppers
CUST_01537,46.0,73429.15010049072,Central,mobile,4.490079384774933,9.0,157.48705758756245,33.0,0.0481960746853184,6.5430346494772,8.0,0.4635844303364331,1.0,0.4236241219893255,0,Budget Shoppers
CUST_01538,25.0,33203.8560593669,Central,online,4.585306276865018,14.0,42.91385700756928,31.0,0.229281339846604,4.073071964033783,86.0,0.2847668695357138,2.0,0.2380989402970586,0,Budget Shoppers
CUST_01539,18.0,91755.99773570246,North,mobile,29.158686638969517,8.0,108.41051933922796,21.0,0.3776283305031119,0.9158528471946954,50.0,0.1785276164418929,2.0,0.3699911268540942,0,Budget Shoppers
CUST_01540,74.0,54091.99248152178,South,online,11.019467233416384,11.0,22.736196772203723,19.0,0.0383494204391232,6.13077008013814,78.0,0.5569916235364668,4.0,0.1737790265028796,0,Budget Shoppers
CUST_01541,72.0,64712.34813129604,West,online,17.438296074934858,9.0,60.24980998915985,27.0,0.0911439535812179,5.853754931248276,9.0,0.251222423953549,3.0,0.3880784697824851,0,Budget Shoppers
CUST_01542,20.0,37988.77632374765,West,online,17.92258353125963,12.0,14.288917037141264,27.0,0.0810161686713454,5.117907908302804,13.0,0.199587506672025,0.0,0.256760106956572,0,Budget Shoppers
CUST_01543,41.0,73905.69778862287,South,store,6.884069094477403,10.0,81.87447616308351,28.0,0.161613837298754,2.2138179615954923,50.0,0.3724184613375621,1.0,0.3809297719132253,0,Budget Shoppers
CUST_01544,40.0,48017.68451755677,East,mobile,1.0,12.0,31.18654229651078,24.0,0.227200638343864,0.6275755454904988,96.0,0.2558925128456506,1.0,0.0911115372357225,-1,Noise / Outliers
CUST_01545,25.0,72283.03338671217,North,mobile,67.14245813466198,10.0,27.0620122215082,31.0,0.041615406333007,9.919662075257564,78.0,0.5988448658461978,1.0,0.3099095345726426,0,Budget Shoppers
CUST_01546,71.0,74662.65631750257,South,online,43.93455525026019,6.0,14.73412120623931,24.0,0.2005061350970569,6.387798694706616,35.0,0.2352579562467076,2.0,0.121442274868555,0,Budget Shoppers
CUST_01547,74.0,43752.093501052106,West,store,41.05226218012695,6.0,188.5023814828677,30.0,0.0936141949347983,11.763495461966992,25.0,0.3733043675891297,1.0,0.3481684248888682,0,Budget Shoppers
CUST_01548,64.0,33282.359339892115,Central,online,27.676996878972755,8.0,132.641400050388,29.0,0.2995151746316887,11.733885879252544,61.0,0.5195162159012036,3.0,0.3354464720381678,0,Budget Shoppers
CUST_01549,54.0,91701.79816397998,West,online,42.252357736256485,5.0,22.187673317781844,31.0,0.3010563619311937,6.960892860313432,31.0,0.229898957121539,1.0,0.2317087654308353,0,Budget Shoppers
CUST_01550,20.0,53769.4212513602,Central,mobile,96.04052186877291,10.0,83.1314328579292,32.0,0.0878610408257826,5.881470505006387,49.0,0.3626514383584871,0.0,0.321814943463037,0,Budget Shoppers
CUST_01551,68.0,62946.67395300404,North,online,38.34732738073973,12.0,140.5839320710509,33.0,0.0346576581533986,2.2374033217724105,43.0,0.1990256979411825,4.0,0.1370551333531996,0,Budget Shoppers
CUST_01552,50.0,,Central,store,10.780320035312506,4.0,273.5586602465545,26.0,0.0619737632757085,4.552028586806247,45.0,0.4141950858175124,3.0,0.7523197635403949,0,Budget Shoppers
CUST_01553,45.0,30418.597142239152,South,online,29.58456777932117,8.0,8.0,23.0,0.0953374034872548,9.425171171287952,84.0,0.2535455929294831,2.0,0.2288999408945055,0,Budget Shoppers
CUST_01554,64.0,68178.65501003753,Central,store,20.43922487951944,10.0,58.496552078839386,24.0,0.2358783138859935,11.55868818164416,7.0,0.4192553627041631,2.0,0.4516489489231476,0,Budget Shoppers
CUST_01555,25.0,60180.78379540202,East,mobile,28.45063029828066,3.0,124.40882688050584,22.0,0.1820165855517512,7.197935755258019,74.0,0.2666789367657491,1.0,0.244042306103449,0,Budget Shoppers
CUST_01556,51.0,43842.32465050339,South,mobile,25.515117360308874,11.0,,39.0,0.0116806002702052,7.402643058704786,6.0,0.4052878777831721,1.0,0.3123015841210292,0,Budget Shoppers
CUST_01557,52.0,32556.20833356996,North,online,68.50910274064083,8.0,36.28140001936009,27.0,0.0576475947612925,11.309486601376385,89.0,0.1584065029143903,3.0,0.1256867579067071,0,Budget Shoppers
CUST_01558,49.0,71329.48205505994,South,online,36.9242491992322,15.0,177.59322761950585,29.0,0.2227569010160248,1.5233013358864715,50.0,0.147477941561339,1.0,0.4184257863162673,0,Budget Shoppers
CUST_01559,41.0,82809.66418028735,East,store,7.321631151677749,8.0,,26.0,0.1049502425956017,7.342087090168859,70.0,0.3104655627138381,2.0,0.5174781912455786,0,Budget Shoppers
CUST_01560,31.0,61928.99138264167,North,online,2.278146637253163,7.0,11.476291961698106,29.0,0.0875056359708647,7.0251311567209775,45.0,0.4376093209077664,2.0,0.293898609769511,0,Budget Shoppers
CUST_01561,49.0,26441.76247930689,West,mobile,19.32977883855059,7.0,128.0620284190263,27.0,0.062319121435313,2.461150176696029,54.0,0.3996099824704366,3.0,0.1646149413811803,0,Budget Shoppers
CUST_01562,73.0,34738.67802215593,East,store,1.0,14.0,37.40782061213916,24.0,0.2690521850703332,9.28579377735901,17.0,0.1561283195036926,2.0,0.2962194536660463,0,Budget Shoppers
CUST_01563,63.0,48493.27839487082,North,online,13.41066180457318,8.0,157.2352215835384,34.0,0.1523481182148446,1.430422614250528,86.0,0.3345145793955435,0.0,0.6181208398270233,0,Budget Shoppers
CUST_01564,60.0,92421.6343055365,Central,mobile,16.061494961539328,13.0,299.5635943501986,24.0,0.1918931885025799,0.758904670575193,87.0,0.4971173984444552,2.0,0.0778999749742493,0,Budget Shoppers
CUST_01565,33.0,52571.48543382474,South,mobile,16.483119513334138,14.0,97.5621095429703,27.0,0.0504310295778696,5.833623729695885,29.0,0.3686465170831611,2.0,0.170347848153768,0,Budget Shoppers
CUST_01566,21.0,47691.4836984396,North,online,135.80143981208946,12.0,118.83984671725888,27.0,0.1099523382229302,3.596654053827242,64.0,0.1843288175995049,3.0,0.2243705049467934,0,Budget Shoppers
CUST_01567,69.0,21183.33440712548,South,online,12.679212372582455,8.0,93.90969526831655,33.0,0.1598069832973936,5.2336389863990735,71.0,0.2222793406257288,1.0,0.0796468862073683,0,Budget Shoppers
CUST_01568,54.0,43552.93461757756,Central,online,10.7868020820584,8.0,221.0894194528056,30.0,0.3915205525293685,1.3510813130255306,99.0,0.0696625635081926,2.0,0.4410679751180194,0,Budget Shoppers
CUST_01569,71.0,30875.400212201734,North,online,4.849276141370535,7.0,35.97041457704718,25.0,0.2363685141551225,5.428828865190511,20.0,0.3297065066553903,2.0,0.209650566429442,0,Budget Shoppers
CUST_01570,38.0,35930.0437196984,West,mobile,25.03938004928878,8.0,66.74225963083161,33.0,0.2247045034003611,5.2752407301688855,26.0,0.0966975092786434,0.0,0.4349009962905867,0,Budget Shoppers
CUST_01571,31.0,60638.91496349234,East,online,5.839785441947023,10.0,293.03226358670787,30.0,0.0716252924591484,11.598581264603045,93.0,0.1347400180849671,0.0,0.1902435074773794,0,Budget Shoppers
CUST_01572,,49174.3874765541,North,store,33.525817574498674,10.0,167.18945217858587,31.0,0.1426294854175134,8.670829190091192,29.0,0.3822395705890182,1.0,0.1390937064339326,0,Budget Shoppers
CUST_01573,72.0,95388.8779587696,Central,online,5.901271495184238,7.0,50.15253647609365,33.0,0.0892843397475674,11.04567555287242,7.0,0.1871403228930247,5.0,0.080681402904835,-1,Noise / Outliers
CUST_01574,65.0,,North,mobile,30.086388484713403,15.0,232.38305121559253,29.0,0.2857846064572842,9.374811716853367,34.0,0.1936878971249221,1.0,0.1892243564379216,0,Budget Shoppers
CUST_01575,35.0,44604.55336817255,South,mobile,61.25869854057618,6.0,35.47582348837498,22.0,0.0810808704514791,9.4541030757752,5.0,,0.0,0.3478240021311686,0,Budget Shoppers
CUST_01576,24.0,37830.00748170867,North,online,1.5209349809909212,12.0,130.72957304755897,20.0,0.2872165006542837,10.388743837246588,77.0,0.0660547822794499,1.0,0.3564610557829921,-1,Noise / Outliers
CUST_01577,27.0,88418.12258461224,West,online,19.050185715052613,9.0,407.4206948692615,34.0,0.0626668710552973,3.0706998637818854,6.0,0.0650899567836863,1.0,0.5085296331745697,-1,Noise / Outliers
CUST_01578,24.0,94520.93476863662,North,mobile,21.63456961653807,4.0,111.14821821429764,18.0,0.0417793299441836,5.120567277802454,96.0,0.2443279453870533,0.0,0.7452378594012966,0,Budget Shoppers
CUST_01579,50.0,12000.0,East,store,54.80181947495058,8.0,208.88094766725123,36.0,0.1386992785090559,10.50251262435985,100.0,0.2365670416389362,0.0,0.3121981876097477,0,Budget Shoppers
CUST_01580,40.0,60042.86772737743,North,online,22.083362547592053,13.0,172.85478948360776,27.0,0.0808956953466989,0.8030434400848647,33.0,0.3125347588663807,3.0,0.2165896670007146,0,Budget Shoppers
CUST_01581,38.0,52458.677226272,South,online,29.338949474982776,10.0,261.0186519389989,31.0,0.1403329539298051,0.6615069000619416,43.0,0.3372702515452222,1.0,0.1967327284756335,0,Budget Shoppers
CUST_01582,36.0,72280.64308131862,North,online,54.82395781700376,8.0,450.6046670469635,25.0,0.1852494087898289,7.775396041212083,59.0,0.1657424818529512,0.0,0.4161308513166343,0,Budget Shoppers
CUST_01583,65.0,100738.69873155309,West,online,28.71511380300644,14.0,8.0,31.0,0.302912817430194,10.91470824212618,33.0,0.1439594397128442,1.0,0.2158796525129531,0,Budget Shoppers
CUST_01584,36.0,47350.74557478844,Central,mobile,15.52717110973374,6.0,8.0,27.0,0.0025281241584395,9.530426878972897,83.0,0.4534000721088588,1.0,0.4996806117585952,0,Budget Shoppers
CUST_01585,53.0,12664.632677393893,North,store,3.1413255872905994,10.0,117.31756476325522,34.0,0.0651004859952126,9.588164805042862,61.0,0.5205578230729165,1.0,0.3339871126442818,0,Budget Shoppers
CUST_01586,46.0,70738.1694032838,North,online,45.815730992841125,9.0,400.980042614384,25.0,0.0464097801082767,4.3197000766396485,18.0,0.1899270917894494,0.0,0.264443962452008,0,Budget Shoppers
CUST_01587,35.0,88579.20950929246,East,store,71.7155032988419,9.0,86.43902973659046,23.0,0.0882223886593891,7.100404931522268,14.0,0.1200675859442832,3.0,0.070349413353696,0,Budget Shoppers
CUST_01588,19.0,51317.28480656496,West,online,122.80490069936148,10.0,238.05660925604028,24.0,0.0954932914258987,9.257852092063128,21.0,0.2943249150558863,3.0,0.2725389165427993,0,Budget Shoppers
CUST_01589,18.0,42489.17543692746,Central,mobile,91.41404016491012,6.0,189.8806481620956,19.0,0.0728649750835391,9.524881480471224,39.0,0.3879917534331649,1.0,0.3054761919410899,0,Budget Shoppers
CUST_01590,64.0,387042.3446535249,South,online,55.88135301369136,7.0,89.65551704527996,31.0,0.1921202660643205,6.967000006100893,34.0,0.2662194700282498,2.0,0.1582012788671266,0,Budget Shoppers
CUST_01591,22.0,76704.51807688717,North,online,36.09698087794436,16.0,93.5798596344277,31.0,0.0832090291612383,9.604578178252764,31.0,0.4106036075717653,0.0,0.4177899832634248,0,Budget Shoppers
CUST_01592,37.0,48001.859291730434,Central,online,53.22754087471486,9.0,74.458835286301,25.0,0.0813124123016693,0.3232883468556728,81.0,0.4051451911160426,1.0,0.2685409332654023,0,Budget Shoppers
CUST_01593,28.0,65232.7266075426,South,online,19.80234385165951,7.0,37.78034149207572,33.0,0.1544031375989475,11.311106118451452,7.0,0.1694985017243093,5.0,0.3908324212127207,0,Budget Shoppers
CUST_01594,59.0,58611.66414627868,West,mobile,31.6160532942268,11.0,254.40438641959344,27.0,0.05441832197589,10.446927005735557,85.0,0.2196268268497658,1.0,0.0943432339567488,0,Budget Shoppers
CUST_01595,19.0,56341.64852669914,West,mobile,15.007461713436262,4.0,30.57318576747729,25.0,0.0366675565420097,0.6233676214557069,71.0,0.2599310102547404,1.0,0.2611575613949681,0,Budget Shoppers
CUST_01596,20.0,73428.43118854912,Central,online,13.845228943578515,6.0,308.659240454465,30.0,0.1723381967731155,5.0319133323836205,1.0,0.2058232555185663,1.0,0.4187720313956199,0,Budget Shoppers
CUST_01597,40.0,47471.24220298772,South,store,49.46991758372035,8.0,57.96200581443309,26.0,0.1108230314084103,11.03371958647721,86.0,0.3145407147866937,1.0,0.2535795537245415,0,Budget Shoppers
CUST_01598,,48527.09567598986,West,online,21.175462051814986,7.0,8.0,30.0,0.2549498292811906,6.153532631801914,22.0,0.1028755633460925,3.0,0.1769522475797116,0,Budget Shoppers
CUST_01599,29.0,604378.1015999566,Central,mobile,8.34616504600298,10.0,287.628590011774,38.0,0.1839139227699452,1.0974099691377317,87.0,0.4824165772424048,1.0,0.2496253943139533,0,Budget Shoppers
CUST_01600,37.0,36287.64286828965,West,online,7.894921763179643,12.0,284.4000934128081,38.0,0.239192770692635,11.5982481350834,92.0,0.0965383662205648,2.0,0.1354513520876981,0,Budget Shoppers
CUST_01601,22.0,38635.1558019088,West,online,68.60764955987543,18.0,17.871851549081807,28.0,0.1939385064218659,4.301911771756537,63.0,0.1844179363855767,0.0,0.1850521578652683,0,Budget Shoppers
CUST_01602,54.0,,West,online,39.63610712591087,9.0,174.50785108660273,30.0,0.1466306148253527,6.194969755788348,62.0,0.2793838560424662,1.0,0.0700488098707537,0,Budget Shoppers
CUST_01603,55.0,76678.24009208418,East,mobile,27.641584924037357,8.0,26.245464908383017,33.0,0.1541377028197859,7.5834595120961,46.0,0.4103543774268033,1.0,0.1760059772088205,0,Budget Shoppers
CUST_01604,47.0,,South,mobile,17.93369931367042,7.0,89.83198217218589,25.0,0.1120597825317886,9.989238761751118,57.0,0.6792392606902055,2.0,0.2371168334484042,0,Budget Shoppers
CUST_01605,26.0,29100.46678626054,Central,online,19.7243888193624,9.0,29.85756657995393,38.0,0.2008014982569178,10.477457872461509,94.0,0.4649611398804521,0.0,0.0994404517201124,0,Budget Shoppers
CUST_01606,51.0,76783.7883707995,Central,online,2.0702710892127207,5.0,52.6777285408317,24.0,0.12767414840095,7.837087246033631,45.0,0.2356134921925246,0.0,0.0592817642442004,0,Budget Shoppers
CUST_01607,70.0,45778.07244534042,South,online,21.2381619137321,17.0,17.33267134927449,32.0,0.1547811911803138,11.38101641515698,74.0,0.3515035676885572,1.0,0.1607502699268956,0,Budget Shoppers
CUST_01608,61.0,38823.08226558853,South,mobile,55.54383946465013,6.0,105.55165958540913,26.0,0.1600576258054642,2.6282183937813484,76.0,0.6715408585458564,2.0,0.3410329694458297,0,Budget Shoppers
CUST_01609,52.0,53695.07170470706,South,mobile,17.185031687820803,7.0,59.20598692013992,19.0,0.0205949128819351,10.858007926197454,80.0,0.2590434785105676,6.0,0.1861451083867919,0,Budget Shoppers
CUST_01610,69.0,90531.91940829362,South,online,16.93400665478533,9.0,59.13610196265325,26.0,0.0409421887995793,2.281113035095596,85.0,0.1943213870670576,3.0,0.5077802652001986,0,Budget Shoppers
CUST_01611,,49310.83167707545,North,online,1.0,7.0,8.0,24.0,0.0392000552527476,10.733287110978509,13.0,0.089638445649052,1.0,0.6170663560911167,0,Budget Shoppers
CUST_01612,61.0,70657.45501054286,Central,mobile,21.426488303646853,14.0,19.02304556884797,22.0,0.0659918284225727,2.5906150456501456,68.0,0.2372107789593479,1.0,0.2005764379775556,0,Budget Shoppers
CUST_01613,41.0,73995.76044992098,North,online,1.0,11.0,159.82132947337954,32.0,0.0437852392631822,8.630989480044219,37.0,0.6300370841946213,1.0,0.2270519608290782,0,Budget Shoppers
CUST_01614,34.0,67752.01255614094,West,online,29.56740583747982,11.0,44.94927580318623,25.0,0.2111968597272166,9.803495263553977,94.0,0.454059287517459,3.0,0.6947164183197488,0,Budget Shoppers
CUST_01615,27.0,85963.57629283376,West,online,24.73823846098633,11.0,75.85763257921727,34.0,0.1990838498312277,4.686340442318576,90.0,0.2534587434843844,0.0,0.4452844138749269,0,Budget Shoppers
CUST_01616,47.0,42443.44789808986,Central,online,64.1422104201945,11.0,187.19759677557911,25.0,0.0746151069433514,1.3619816029098573,14.0,0.244027042472087,3.0,0.1087614898632817,0,Budget Shoppers
CUST_01617,73.0,35046.63345289261,West,mobile,30.5112195465178,10.0,76.48552771675548,32.0,0.0226849271184064,4.350136147054618,37.0,0.2038738206311498,0.0,0.3981508554463099,0,Budget Shoppers
CUST_01618,63.0,34614.73356745011,South,mobile,13.675040890725484,7.0,33.23819272826272,31.0,0.1449644695267817,0.7394796078885011,89.0,0.3590243866169811,0.0,0.2148816419913843,0,Budget Shoppers
CUST_01619,40.0,54821.69486340455,North,online,25.41517224362841,10.0,103.75523621522584,39.0,0.1150608434880649,7.911693347475918,91.0,0.4859617726396927,0.0,0.3073004342090104,0,Budget Shoppers
CUST_01620,49.0,37164.973527508366,South,mobile,42.104806410982754,7.0,210.01320557694223,23.0,0.115579347309014,8.366051827593637,14.0,0.4066403560570965,1.0,0.3087527122136005,0,Budget Shoppers
CUST_01621,34.0,61245.90006103722,West,online,3.453660448765855,14.0,119.00145936324812,32.0,0.0738356933057452,3.2199181769643688,66.0,0.3905977785818427,0.0,0.1060114012408116,0,Budget Shoppers
CUST_01622,67.0,59693.74523394765,North,store,33.96451019850246,7.0,70.85516391879383,34.0,0.0942383834266632,7.819126410697329,66.0,0.242055122538751,1.0,0.1862714139706396,0,Budget Shoppers
CUST_01623,68.0,80408.6126700929,South,mobile,86.95477528193007,6.0,17.451899614113014,27.0,0.1386028857915816,0.702129950557195,33.0,0.1658131990818051,1.0,0.0860332009727921,0,Budget Shoppers
CUST_01624,34.0,64405.17478119288,Central,mobile,12.440164810838056,4.0,37.17581085483437,31.0,0.1161191615123491,0.3784047912121053,2.0,0.4394491211216157,1.0,0.3546997382947757,0,Budget Shoppers
CUST_01625,31.0,48844.65917104814,South,online,34.48102897927739,9.0,379.72676291813406,30.0,0.0636531593260475,4.896101749979707,98.0,0.5197507925382018,0.0,0.2131103924520896,0,Budget Shoppers
CUST_01626,26.0,67038.68249751902,West,online,60.27740857954539,5.0,,33.0,0.19888459962558,5.81330984209078,53.0,0.4010472513070167,0.0,0.2095290514187618,0,Budget Shoppers
CUST_01627,57.0,35335.7315622453,North,online,25.09651288353886,12.0,11.913977087295429,25.0,0.4148902140492013,0.2233330793583112,89.0,0.4824823690461782,0.0,0.1197383567644057,0,Budget Shoppers
CUST_01628,19.0,57160.90486346502,Central,mobile,44.30214726985667,8.0,8.0,32.0,0.1381815404939405,7.078984276139998,55.0,0.1555163475447021,1.0,0.1202767738512843,0,Budget Shoppers
CUST_01629,62.0,65026.82713910277,North,online,13.03851546008528,8.0,25.074440857027604,37.0,0.1747474781934531,9.993066616996698,45.0,0.5868475351931035,1.0,0.473470401592823,0,Budget Shoppers
CUST_01630,42.0,60844.98715930279,Central,store,12.787864184881604,4.0,374.4590703264616,34.0,0.1471246184211637,4.9261208464535216,37.0,0.1980828273132892,1.0,0.3302418676910947,0,Budget Shoppers
CUST_01631,56.0,67131.43208859165,North,store,38.54788517853204,6.0,112.78712031919754,33.0,0.0341572205894981,8.964610827651567,27.0,0.1063115025598741,0.0,0.4165420839939803,0,Budget Shoppers
CUST_01632,26.0,,West,mobile,42.775841413090525,7.0,237.15117611748408,28.0,0.1297042704106344,1.813496684695877,90.0,0.2747439085956501,4.0,0.1676495062659413,0,Budget Shoppers
CUST_01633,71.0,83344.69086180936,Central,store,96.76710837338857,7.0,81.36819672789893,29.0,0.0944252591182661,6.355025161574277,52.0,0.4533309457919433,5.0,0.0871599517947968,-1,Noise / Outliers
CUST_01634,39.0,98087.71688670554,East,online,8.91393932211296,4.0,227.80715482461844,24.0,0.1212030446576123,9.469853420425505,86.0,0.2655984361208695,5.0,0.2833534279452202,0,Budget Shoppers
CUST_01635,60.0,,North,online,22.10323109795415,9.0,8.0,29.0,0.1717249290677664,8.184489326796413,47.0,0.169399159921724,0.0,0.2384758349502011,0,Budget Shoppers
CUST_01636,63.0,,North,online,10.092842823130042,13.0,72.35208639145483,22.0,0.050014650138252,9.355815109247196,58.0,0.2706889583348476,0.0,0.19831477230503,0,Budget Shoppers
CUST_01637,21.0,58947.82617653648,South,mobile,2.921862608935214,10.0,61.64124761421891,22.0,0.1321222543572294,8.653623413757085,7.0,0.2179907666569845,0.0,0.0173144516085746,0,Budget Shoppers
CUST_01638,43.0,52355.878427836775,Central,online,18.067853444478423,8.0,519.0244951352735,31.0,0.2655116540580669,1.4523351550845174,13.0,0.4704753953392832,2.0,0.189497155593127,0,Budget Shoppers
CUST_01639,46.0,99721.0729270012,East,store,16.398686691805285,9.0,46.45612303650419,28.0,0.1962581146495287,1.232022674246334,48.0,0.1636137504416438,1.0,0.4033748402289332,0,Budget Shoppers
CUST_01640,62.0,62835.25511533814,West,online,11.035696232470388,3.0,70.12531185568646,28.0,0.0838180143029129,11.706516818081155,28.0,0.2807398006910324,0.0,0.1828590421414263,0,Budget Shoppers
CUST_01641,51.0,88635.99558197106,South,online,12.333689198980617,11.0,184.87720320241783,30.0,0.1064313419680096,5.787680360714746,45.0,0.1728405752073764,1.0,0.2694696512797542,0,Budget Shoppers
CUST_01642,40.0,12919.2744980208,East,store,15.64257650037002,8.0,276.4090886006919,24.0,0.1190404064889282,8.788747995325828,56.0,0.2620861892164338,1.0,0.1431388993557975,0,Budget Shoppers
CUST_01643,54.0,75911.72863331175,Central,online,157.33225298151956,13.0,273.899738184322,35.0,0.039537700784182,8.178424217719927,92.0,0.3338475794885958,1.0,0.1126856864976136,0,Budget Shoppers
CUST_01644,28.0,42258.62997631694,East,online,53.46821611250482,8.0,65.22342701522929,21.0,0.2461233092142195,0.5315286808373365,88.0,0.3729547523801257,1.0,0.4612213059608747,0,Budget Shoppers
CUST_01645,23.0,41906.06346836754,North,mobile,2.5927473892446558,5.0,385.7413418157993,19.0,0.2647539445887977,5.959763807635577,35.0,0.1979118125512413,1.0,0.1503363048641567,0,Budget Shoppers
CUST_01646,35.0,52536.12341893328,North,online,72.06353620920675,10.0,137.7867500887447,23.0,0.1585358766081494,6.256463102107894,55.0,0.4409815210379813,1.0,0.4906635467013463,0,Budget Shoppers
CUST_01647,,26659.15992591597,South,online,35.11270962912036,16.0,247.61348386926676,27.0,0.0216316103557299,9.70308802961134,97.0,0.1870012538902605,1.0,0.308285528821761,0,Budget Shoppers
CUST_01648,59.0,67741.28155708076,Central,online,77.44405736703784,13.0,338.9676599405548,26.0,0.1516003578095248,11.546149423754262,37.0,0.6210703420773083,1.0,0.0478187595521423,-1,Noise / Outliers
CUST_01649,53.0,62195.729267769486,Central,online,14.633823399644928,8.0,34.58658986360753,23.0,0.0657142525012554,3.47316222946334,9.0,0.2834774458326103,1.0,0.1791606631356926,0,Budget Shoppers
CUST_01650,58.0,63856.229460119954,East,store,21.860636634250383,10.0,89.90090648804362,27.0,0.2056092511512443,0.7062053067278939,3.0,0.432966690421917,0.0,0.1565797511672795,0,Budget Shoppers
CUST_01651,55.0,77514.68248692394,South,store,79.29425034783888,6.0,115.21120651164414,23.0,0.1328385249362129,5.703650654366827,2.0,0.2901713235533167,2.0,0.4239547449381026,0,Budget Shoppers
CUST_01652,51.0,91325.2050162714,Central,online,11.138463540944494,12.0,210.8211646003936,32.0,0.1073213425223805,0.358170348217262,58.0,0.2038220856509771,1.0,0.5212852338362544,0,Budget Shoppers
CUST_01653,34.0,49998.35692007396,North,online,86.48549400543514,11.0,66.66014445372518,31.0,0.2515224347891736,4.625027800962009,22.0,0.4447013019263471,1.0,0.340625476749334,0,Budget Shoppers
CUST_01654,,68501.71407420242,East,online,61.71096168714678,5.0,30.71783882879743,35.0,0.1640949311940613,3.279129463472653,85.0,0.2550061128607846,3.0,0.3602188171262883,0,Budget Shoppers
CUST_01655,42.0,64445.740583369545,West,store,137.91107978393077,9.0,176.7469850704333,28.0,0.0328392855137497,2.9157025209050333,24.0,0.1138457972968116,1.0,0.1790751287628892,0,Budget Shoppers
CUST_01656,55.0,66307.51913923667,North,online,13.718016250322874,10.0,116.65007360445556,26.0,0.3023326874212836,0.0193322826958164,78.0,0.5030041654771632,0.0,0.3496032523778943,0,Budget Shoppers
CUST_01657,29.0,66637.14861825164,South,online,9.410256770887315,4.0,297.14329003764146,30.0,0.0945703229957038,3.007531661947998,54.0,0.5774945653856597,3.0,0.5146475903560604,0,Budget Shoppers
CUST_01658,40.0,92991.07358042646,Central,mobile,14.062029819785776,15.0,138.35870957674769,32.0,0.0741199489724002,3.839007816174417,97.0,0.1433316732851807,1.0,0.2173790282886076,0,Budget Shoppers
CUST_01659,70.0,47887.10889323554,North,store,108.26692113427812,5.0,8.0,21.0,0.0259957829186108,10.932436155914512,17.0,0.4107631751287226,2.0,0.2184336784747504,0,Budget Shoppers
CUST_01660,,24433.81012951899,West,online,14.177629488386406,9.0,442.0961336381209,39.0,0.0975321871671545,1.0590845920133374,58.0,0.2103691717848073,3.0,0.2975919690707445,0,Budget Shoppers
CUST_01661,39.0,42646.77709045048,West,online,29.151370812159804,8.0,116.89783365168756,22.0,0.1425111097514032,9.203885578017529,58.0,0.1765049670156956,1.0,0.3235839522213427,0,Budget Shoppers
CUST_01662,38.0,74659.87253777891,South,online,18.094182406438343,12.0,117.78476424329912,30.0,0.0402500385465806,8.69835495407533,21.0,0.1325554080679514,0.0,0.2731402266781422,0,Budget Shoppers
CUST_01663,44.0,58513.2491902379,North,online,17.659096878649656,10.0,311.97040872421115,25.0,0.0407541329999927,3.9150177858568735,77.0,0.1888548973584918,1.0,0.1895278755825587,0,Budget Shoppers
CUST_01664,74.0,47712.81450911009,East,mobile,7.521530730839613,12.0,141.7097935865986,30.0,0.0220497414822482,10.883802140294891,63.0,0.3749466711709672,1.0,0.085768746065086,0,Budget Shoppers
CUST_01665,48.0,34317.06009498788,North,mobile,26.95700119117221,16.0,84.84084723115595,26.0,0.1637098849904056,7.863731919496686,63.0,0.4538242483381092,3.0,0.1237270098959643,0,Budget Shoppers
CUST_01666,23.0,62868.29467807172,West,mobile,66.26046761074258,8.0,14.75347543014635,32.0,0.0610380275080318,1.1639744907557974,44.0,0.4771360537361955,2.0,0.2770353439871155,0,Budget Shoppers
CUST_01667,44.0,72179.1380560238,South,online,1.776297259445467,7.0,425.8038117407333,39.0,0.1992601531041136,2.448163576342708,40.0,0.2729345921662488,1.0,0.2801580363004786,-1,Noise / Outliers
CUST_01668,57.0,64729.18521211262,South,online,77.00939919714989,7.0,10.626044598405471,36.0,0.0973040821333132,4.8135937864086,75.0,0.224555198969365,1.0,0.0388214014225495,0,Budget Shoppers
CUST_01669,51.0,52426.732714591184,East,online,38.32631533386752,8.0,24.26980795631278,27.0,0.1832743416433947,11.607529416748545,66.0,0.2508515392674957,3.0,0.1139183253691675,0,Budget Shoppers
CUST_01670,29.0,61226.108254544175,South,online,33.56628312801195,7.0,222.58973703145088,22.0,0.1493671809153988,3.173056047083907,92.0,,0.0,0.1646109055076369,0,Budget Shoppers
CUST_01671,62.0,61098.545264263135,South,mobile,34.41314660886117,16.0,87.63815200359478,28.0,0.3152972349419932,5.138574987397779,67.0,0.1854741744109946,3.0,0.1376110832458266,0,Budget Shoppers
CUST_01672,74.0,62173.332486788575,South,online,12.297610010224812,10.0,25.524402708044036,16.0,0.0926847873841671,6.728063936916746,79.0,0.2300609494650534,1.0,0.3630826043564083,0,Budget Shoppers
CUST_01673,70.0,31945.29107757936,South,online,18.773666709805564,14.0,43.822884215066026,21.0,0.1116036301512492,4.266196673321101,46.0,0.3245870599123939,2.0,0.2339488636834736,0,Budget Shoppers
CUST_01674,24.0,62341.17971352732,South,online,56.20629798795829,7.0,665.391700850266,35.0,0.0897961955878482,8.41169049735542,24.0,0.1564939990945139,0.0,0.2559821696246419,0,Budget Shoppers
CUST_01675,27.0,48306.87769374372,West,online,12.804137984129971,11.0,114.02539445640512,28.0,0.0887562163827194,7.9307027577268,72.0,0.2160415783313513,0.0,0.3057149115955411,0,Budget Shoppers
CUST_01676,62.0,80893.60933221469,North,online,22.22207415512784,4.0,66.75738022239176,27.0,0.0609217388404595,0.724877535611073,70.0,0.2826993077946064,0.0,0.5115131151792648,0,Budget Shoppers
CUST_01677,34.0,60924.21011850603,Central,store,1.0,8.0,271.5997622658086,32.0,0.0533576181314629,5.144972914698608,96.0,0.4910399066287521,0.0,0.369178916210346,0,Budget Shoppers
CUST_01678,43.0,76380.54288010363,South,online,46.29100068984758,6.0,84.93467361554734,30.0,0.1277723832976134,9.372990404009172,51.0,0.2864371213626409,2.0,0.3987889529701657,0,Budget Shoppers
CUST_01679,38.0,51360.80948490545,Central,mobile,18.927063337588454,10.0,47.849888222043376,26.0,0.0454398295583599,7.6789395741381075,99.0,0.4525850405352161,1.0,0.2321848710482046,0,Budget Shoppers
CUST_01680,45.0,52154.29557254791,Central,online,26.081862183352182,9.0,23.321052594493707,21.0,0.2513901930636107,5.522236115823828,77.0,0.4061018287555201,3.0,0.0175272931009956,0,Budget Shoppers
CUST_01681,63.0,,West,online,4.263582479024075,13.0,177.3736102921391,36.0,0.106451687144709,8.758427012713046,92.0,0.1537160998541069,1.0,0.0536183663095026,0,Budget Shoppers
CUST_01682,19.0,67599.37414514118,South,store,167.76254414615065,8.0,117.89605930957204,30.0,0.2381778939679221,8.045856120593974,4.0,0.1238972170245415,2.0,0.2568475689691162,0,Budget Shoppers
CUST_01683,71.0,42280.68028707375,Central,online,12.60723240573284,8.0,12.597110249306803,33.0,0.1593539983649751,10.051319322315962,31.0,0.4462674389945218,1.0,0.2391155932823537,0,Budget Shoppers
CUST_01684,60.0,77733.43764965044,South,mobile,35.27403604926204,10.0,116.42877375761373,33.0,0.0573280063857782,0.6119540029400277,65.0,0.1561204712037723,0.0,0.1076554292930196,0,Budget Shoppers
CUST_01685,,46267.29586458684,East,online,30.46570054751172,8.0,22.5809812496062,27.0,0.192627866210661,6.423355158980971,30.0,0.4904280096420343,0.0,0.3529873523841876,0,Budget Shoppers
CUST_01686,68.0,62965.35903185351,East,mobile,53.81411694065226,8.0,520.2516366205294,42.0,0.0644071065355689,7.923859707886624,72.0,0.1299909670810979,2.0,0.1039799843759672,0,Budget Shoppers
CUST_01687,70.0,98406.84187890693,East,mobile,12.176819448720204,9.0,39.09256853637612,28.0,0.0126347853165592,8.105286602755085,40.0,0.3640948315122073,1.0,0.2532462953517268,0,Budget Shoppers
CUST_01688,,26511.787471962805,Central,store,49.36012660627255,7.0,154.80150423733028,24.0,0.0985390881940296,11.069258673207456,14.0,0.5881917746812916,0.0,0.2772777800848884,0,Budget Shoppers
CUST_01689,68.0,54132.7977211362,East,store,16.87276546248533,6.0,138.74180410595145,37.0,0.2827625070233052,4.939398620593762,44.0,0.4030876687564907,1.0,0.4793211884407186,0,Budget Shoppers
CUST_01690,43.0,66981.97609984467,West,mobile,18.53608467711993,6.0,152.82176684723913,29.0,0.1004428950865875,9.541381748535148,92.0,0.4612915568753388,1.0,0.2979909766612198,0,Budget Shoppers
CUST_01691,46.0,74823.36336262283,West,online,39.09207296380031,2.0,73.0742992769222,29.0,0.0839373956601063,9.43241163208123,34.0,0.2376743322214675,1.0,0.0338084837516986,0,Budget Shoppers
CUST_01692,38.0,30692.8540380608,Central,mobile,53.68302676012709,7.0,10.041124917433592,36.0,0.1600535225115324,3.226355089342674,39.0,0.1784172656188397,1.0,0.2387961791372614,0,Budget Shoppers
CUST_01693,28.0,24212.61409134961,South,mobile,38.47243319663826,5.0,508.6109536543191,35.0,0.055496141133985,3.219559182100564,4.0,0.1668434487255307,2.0,0.1234463775694555,0,Budget Shoppers
CUST_01694,57.0,81996.48574378938,North,online,80.548335836073,11.0,27.63885203328146,37.0,0.2871735129273736,11.314142694007916,88.0,0.2014915101471456,1.0,0.1470962408038873,0,Budget Shoppers
CUST_01695,28.0,42150.87315031557,South,online,11.749331297272771,8.0,190.89987526829805,26.0,0.0342637104776559,3.892831420550374,27.0,0.1860078329884393,1.0,0.5438653363237065,0,Budget Shoppers
CUST_01696,53.0,41229.78482405907,South,store,80.80700286730364,10.0,19.240695677880083,35.0,0.0951882335428689,4.972825282141086,42.0,0.2134821446254129,1.0,0.0941831364610077,0,Budget Shoppers
CUST_01697,66.0,92105.49280098767,South,online,4.908929158054196,13.0,42.9218361836277,15.0,0.1251073216423363,7.247420230365899,11.0,0.1916104547482648,2.0,0.3861233069276799,0,Budget Shoppers
CUST_01698,56.0,59533.45092410009,South,online,37.71002200103556,3.0,106.69398592234988,26.0,0.0457495849755784,3.798841566360682,87.0,0.4688877775773455,2.0,0.5423314027527264,0,Budget Shoppers
CUST_01699,57.0,59677.24100899464,North,store,27.763970145283587,10.0,69.35894861809632,25.0,0.0428826151196694,7.941608398869731,32.0,0.4098268654761094,0.0,0.443785010560462,0,Budget Shoppers
CUST_01700,52.0,54044.41220666629,East,online,23.886666977931792,12.0,412.93866493264034,29.0,0.0528791889269859,3.473297799527608,50.0,0.1510938125774183,0.0,0.1752171634075183,0,Budget Shoppers
CUST_01701,71.0,31072.39453165026,South,online,13.033521783572173,9.0,244.63475557011705,33.0,0.1188451653919163,6.327959093878101,53.0,0.3165616607775589,4.0,0.3755586880535516,0,Budget Shoppers
CUST_01702,51.0,72865.33288667654,West,mobile,24.52242370989164,8.0,331.28708675198584,24.0,0.331287189727054,6.715047111039489,4.0,0.1796054145467603,3.0,0.351006189075756,0,Budget Shoppers
CUST_01703,72.0,67007.91148236372,Central,online,6.176336505232173,12.0,133.06644275328233,35.0,0.1381946918533129,9.606774612837308,19.0,0.1924371643341602,1.0,0.3516563491320916,0,Budget Shoppers
CUST_01704,64.0,61711.20915746752,Central,mobile,16.133536081135038,7.0,32.11938684768921,23.0,0.0805591426158925,10.320852306008714,71.0,0.2314012859114855,1.0,0.178416656730029,0,Budget Shoppers
CUST_01705,41.0,55440.89313592233,West,online,3.636357950060349,8.0,95.01022179991992,33.0,0.1693104463483416,8.179136103327341,33.0,0.2959180307829548,1.0,0.3064365726273478,0,Budget Shoppers
CUST_01706,71.0,51568.967714557686,South,online,29.689580756509415,10.0,188.55747505546972,10.0,0.1605902405948726,3.2401354056703138,78.0,0.2986145380098687,2.0,0.5002915946527935,0,Budget Shoppers
CUST_01707,39.0,78074.63457004313,North,online,3.5234215973054663,7.0,8.697965484206035,20.0,0.0389879721775407,5.566297916184762,77.0,0.2036989083341764,2.0,0.461165542669218,0,Budget Shoppers
CUST_01708,22.0,54891.55260946591,East,store,6.116731659506682,8.0,258.52180110917226,29.0,0.0849273419519892,6.754180316651383,70.0,0.3955406591840324,1.0,0.1922270366717941,0,Budget Shoppers
CUST_01709,73.0,56590.65715225444,Central,online,3.126952830590084,10.0,129.72831058051236,21.0,0.0914183644556422,3.5739194359918707,83.0,0.194950730285446,1.0,0.543270190960288,0,Budget Shoppers
CUST_01710,50.0,69657.64940744301,East,online,16.805319085271268,8.0,,29.0,0.2708721868008615,11.280002053373238,55.0,0.5040228821311344,2.0,0.2748252749177222,0,Budget Shoppers
CUST_01711,53.0,62575.140474968495,North,online,64.57140668301003,9.0,154.06769775875816,36.0,0.1298816016709564,1.3034903452974302,9.0,0.6167461689809794,1.0,0.5287926478431902,0,Budget Shoppers
CUST_01712,64.0,94130.07326588964,Central,online,83.09148181212032,13.0,244.7006544253544,22.0,0.0797231883562636,10.001452242023335,62.0,0.1077402760366648,1.0,0.3518161400656041,0,Budget Shoppers
CUST_01713,37.0,19249.930895587306,East,online,2.6111550882256247,11.0,11.906719684595307,20.0,0.0935960524009743,5.116997842072722,99.0,0.3855516785723376,1.0,0.2065064455558448,0,Budget Shoppers
CUST_01714,36.0,64597.96364407979,North,online,35.231916772600364,8.0,61.52631001100248,32.0,0.1921805519763455,11.346115760933843,62.0,0.1739297104271721,2.0,0.2539436569034997,0,Budget Shoppers
CUST_01715,52.0,42476.67282961228,East,mobile,40.36317277679723,9.0,90.79123490826495,33.0,0.1680232130235684,6.390506740889903,48.0,0.1991070467887042,1.0,0.0803941951381956,0,Budget Shoppers
CUST_01716,69.0,37274.09623539155,South,online,26.707662831885997,11.0,102.82667097941282,20.0,0.0831677649781684,8.756505277308676,90.0,,0.0,0.2254175681306939,0,Budget Shoppers
CUST_01717,,47944.58746702435,North,mobile,38.48485651439103,9.0,371.40091771659,29.0,0.0556643760855526,8.813777532626448,68.0,0.0544630474676214,2.0,0.3162648430327599,0,Budget Shoppers
CUST_01718,34.0,59202.94698659876,East,mobile,9.315929874751948,10.0,8.0,25.0,0.0739628493753287,8.376042489459437,48.0,,2.0,0.0158361997128574,0,Budget Shoppers
CUST_01719,62.0,60179.51967031501,South,online,23.542651041206906,13.0,261.67121123357,39.0,0.0923320709226745,0.5925291591684472,92.0,0.3013825836213811,2.0,0.1608592548318627,0,Budget Shoppers
CUST_01720,60.0,24619.26325507315,South,online,17.350661008829523,3.0,104.35636243365654,24.0,0.1117817669229878,7.466071530773027,27.0,0.6048858635139546,0.0,0.1671114982620241,0,Budget Shoppers
CUST_01721,51.0,46096.15574708797,North,mobile,3.289642946629664,16.0,105.1499502340642,32.0,0.1432440147465328,10.737713002319373,55.0,0.5688973877702544,2.0,0.4221493579965481,0,Budget Shoppers
CUST_01722,26.0,64186.8741324821,West,mobile,34.38099679879948,10.0,50.19928748681081,21.0,0.0777154823666219,10.122095648671484,44.0,0.1064533809245799,0.0,0.4586841929042966,0,Budget Shoppers
CUST_01723,43.0,38707.5300827596,Central,online,23.92680726189336,9.0,134.1285708043354,30.0,0.1771091176761928,10.979366181798436,71.0,0.2679176793127079,2.0,0.2985719185525315,0,Budget Shoppers
CUST_01724,19.0,33474.75409623666,North,store,11.263829151679683,5.0,135.15138969963184,26.0,0.0026871449180519,5.332652855794969,52.0,,2.0,0.0429192336903589,0,Budget Shoppers
CUST_01725,70.0,12000.0,South,online,22.46495583292765,12.0,27.280470621694395,29.0,0.1225910900546628,5.455194820593659,57.0,,2.0,0.1304672860962963,0,Budget Shoppers
CUST_01726,26.0,43409.744135742105,South,online,52.25430983321581,8.0,146.91577744176485,33.0,0.0744649114228358,9.698249826164965,9.0,0.4224790524879795,1.0,0.2793112675307794,0,Budget Shoppers
CUST_01727,26.0,32708.157623082097,North,online,56.62164443976516,11.0,40.32717055654405,30.0,0.0670072531683171,3.641636983115024,98.0,0.3089363029698816,2.0,0.135621211562903,0,Budget Shoppers
CUST_01728,57.0,36353.47657157872,West,store,36.69641928260244,8.0,151.74596330069969,29.0,0.3362189066240987,9.18088773244167,8.0,0.1678424092929937,2.0,0.0250443441705197,0,Budget Shoppers
CUST_01729,34.0,52019.95332784763,Central,mobile,22.072326660077625,9.0,123.0583942141149,28.0,0.1448970788779654,6.052812310365758,56.0,,2.0,0.5552283060142542,0,Budget Shoppers
CUST_01730,18.0,44803.76471605625,East,mobile,30.010103355234687,8.0,163.61955615797416,30.0,0.4478407296461877,3.171955482682959,10.0,0.635447319229271,0.0,0.5396741650549389,0,Budget Shoppers
CUST_01731,42.0,32342.766335095264,North,online,17.015530194675268,11.0,8.0,31.0,0.0488528686408738,7.724175787382474,65.0,,2.0,0.1071641382871878,0,Budget Shoppers
CUST_01732,60.0,12000.0,Central,online,4.735907892017893,7.0,17.413413026079674,33.0,0.270166660566726,3.5495336457129225,72.0,0.2521240222182999,1.0,0.2747509942956471,0,Budget Shoppers
CUST_01733,57.0,64650.84871324814,Central,online,17.049991773571932,3.0,238.3987255280815,28.0,0.0620727091826083,8.061340296092315,45.0,0.3089741389962963,2.0,0.2168583572144674,0,Budget Shoppers
CUST_01734,59.0,74562.1987037864,South,store,26.450578933099607,9.0,,32.0,0.1524981747594318,6.831687848299591,39.0,0.2229498919683049,2.0,0.087092893989503,0,Budget Shoppers
CUST_01735,42.0,49271.61046212378,East,online,31.968300306886945,7.0,235.59622872023223,30.0,0.0195999279706169,8.666331695267848,46.0,0.564997641334832,4.0,0.4066318129270193,0,Budget Shoppers
CUST_01736,56.0,52152.93467800591,North,online,96.10185451106793,5.0,8.414173884184914,31.0,0.1194514106537182,7.18872620596954,17.0,0.3317134362489716,0.0,0.1350165516521795,0,Budget Shoppers
CUST_01737,52.0,58061.83134509471,South,online,52.57279635118808,11.0,190.70303943506963,32.0,0.1864905943254527,9.099420916693596,82.0,0.2478464937173773,0.0,0.2157026222494508,0,Budget Shoppers
CUST_01738,20.0,92733.23868546954,South,store,5.770305497160049,8.0,11.373000254565202,30.0,0.0453148083140197,11.95452172393099,98.0,0.1312504156897181,1.0,0.1429085936203891,0,Budget Shoppers
CUST_01739,67.0,23510.42853583304,West,online,6.698339163695264,10.0,82.12437589636937,20.0,0.1872812894625482,5.613212466210507,99.0,0.2226326776442615,3.0,0.2803869769767437,0,Budget Shoppers
CUST_01740,,48881.22603080348,Central,online,3.7068639756661352,8.0,360.5897990289984,23.0,0.1955568590788966,7.179010545436577,67.0,0.4116264313195274,1.0,0.0729370797939944,0,Budget Shoppers
CUST_01741,61.0,20116.59478908017,North,online,46.90366209306647,11.0,10.511923624130777,24.0,0.1279993665716036,1.2226895251930188,76.0,0.2131936015554213,3.0,0.2393833516870859,0,Budget Shoppers
CUST_01742,61.0,65971.0060921823,North,store,42.86070289889376,11.0,56.13427249565469,22.0,0.0729835728926586,11.404919199563263,62.0,0.1355921542003216,1.0,0.2414563910919089,0,Budget Shoppers
CUST_01743,68.0,54832.91533666376,North,store,150.3236484250703,7.0,94.969505838966,33.0,0.1365305335886931,7.156041244491885,68.0,0.1966761891382915,3.0,0.2976682189534054,0,Budget Shoppers
CUST_01744,47.0,62465.82648459371,South,mobile,25.836773851713147,17.0,298.6324724489415,34.0,0.1673418944402772,1.233623383630007,36.0,0.230009878444211,1.0,0.1665537593371644,0,Budget Shoppers
CUST_01745,55.0,61368.69637700368,West,online,61.28806166444535,8.0,52.56894394122278,29.0,0.1270197845686916,4.800140086223513,9.0,0.1471465115254741,4.0,0.5239450034763437,0,Budget Shoppers
CUST_01746,51.0,79795.58158147735,East,online,30.067091763938507,6.0,213.8864931237833,34.0,0.1146558589715624,0.9755230727905886,35.0,0.3977007085547743,4.0,0.1112590958982116,0,Budget Shoppers
CUST_01747,29.0,69838.92522050625,South,store,72.52566312626273,9.0,164.64005842155282,20.0,0.0420688276531196,5.966409741772042,67.0,0.4252660490061405,1.0,0.4461906389612578,0,Budget Shoppers
CUST_01748,36.0,76271.17506852193,East,online,44.681661839202725,15.0,47.686925168751614,29.0,0.0718072083034071,3.324626945410475,89.0,0.2100331775695713,0.0,0.2220387312103381,0,Budget Shoppers
CUST_01749,54.0,34558.23682226723,West,online,36.03931316956201,9.0,54.17729077300856,20.0,0.1369933582602945,4.083349158400688,52.0,0.3668713487446119,1.0,0.6169796722517819,0,Budget Shoppers
CUST_01750,61.0,84249.75902945318,Central,online,29.144195147320858,7.0,27.556285096192067,31.0,0.1279723271258821,0.8289370305234476,90.0,,1.0,0.2120925807470561,0,Budget Shoppers
CUST_01751,66.0,42108.019731242006,North,store,44.92709789759718,7.0,153.50204474520876,29.0,0.1592583711853506,9.148900546919414,91.0,0.2075320849172449,0.0,0.3918445965625538,0,Budget Shoppers
CUST_01752,34.0,43372.87006227243,East,online,19.044568567103116,8.0,107.64733355280232,26.0,0.0368965265259704,10.093520109188391,28.0,0.5275669047464863,1.0,0.2980256616325569,0,Budget Shoppers
CUST_01753,27.0,63958.53670176589,South,mobile,3.554737640745595,14.0,21.887056754047272,24.0,0.0719527234150927,1.6816252523141595,58.0,0.4528237550039292,1.0,0.4542347858921027,0,Budget Shoppers
CUST_01754,74.0,,East,store,1.4282640909504636,11.0,125.80996758050512,20.0,0.0859972264251255,9.0078299676697,83.0,0.287314279094854,1.0,0.256667247174955,0,Budget Shoppers
CUST_01755,72.0,34419.150350885466,Central,online,22.82177759329249,10.0,89.75851442245249,29.0,0.2063978453167993,1.5428339101689534,24.0,0.4377345003899329,2.0,0.3385100542390164,0,Budget Shoppers
CUST_01756,66.0,54187.85558097427,North,online,32.00824388560753,12.0,12.630909095499074,25.0,0.0767586255421293,1.0265016373687827,59.0,0.3159642320231541,1.0,0.2152738727213156,0,Budget Shoppers
CUST_01757,64.0,90741.17697112849,East,store,2.8745967994487427,4.0,399.4493717907904,34.0,0.2217012266039797,1.369113666532169,37.0,0.2631565006632844,0.0,0.5152300576802348,0,Budget Shoppers
CUST_01758,29.0,25696.59564624991,Central,store,11.834850744450716,12.0,234.04299613801183,27.0,0.143274632131336,0.3814068679044671,38.0,0.312169634523054,1.0,0.156391503663278,0,Budget Shoppers
CUST_01759,,,South,store,13.602942276305972,9.0,9.577426615651389,25.0,0.0824735291420163,4.512895366346349,25.0,0.0625408260731408,1.0,0.3858030640570001,0,Budget Shoppers
CUST_01760,41.0,52682.63406883722,West,mobile,28.95740086718275,5.0,348.08013384448265,30.0,0.2716772613558306,11.435064070915864,98.0,0.4134710820596751,2.0,0.4732226721694439,0,Budget Shoppers
CUST_01761,36.0,12000.0,South,online,11.42395047901902,11.0,323.05527676281554,24.0,0.1104025916534236,10.791058744187572,15.0,0.3451710326406004,4.0,0.2246356365919951,0,Budget Shoppers
CUST_01762,25.0,27931.90186337606,North,store,3.518804688547999,12.0,8.0,32.0,0.1585361602582738,3.982885741077527,16.0,0.2113583357023264,2.0,0.2970208305812043,0,Budget Shoppers
CUST_01763,48.0,36803.49416982575,South,online,6.305320039153053,4.0,29.249212784743808,30.0,0.2021846904738364,9.53577260975221,55.0,0.366699261632174,0.0,0.2623475219460788,0,Budget Shoppers
CUST_01764,38.0,44273.55538277967,South,store,6.688405964591464,7.0,157.56431049567516,26.0,0.1242651727714806,9.895030000733042,4.0,0.2006961124876108,1.0,0.2635463652531381,0,Budget Shoppers
CUST_01765,34.0,55696.308310242566,South,store,64.73489149566323,5.0,354.4877765634919,23.0,0.0829381886420953,1.824700985192755,26.0,,1.0,0.1642961993046938,0,Budget Shoppers
CUST_01766,40.0,12000.0,South,mobile,11.70825956723717,9.0,225.19300726813265,29.0,0.1526073145600257,2.753463491365725,39.0,0.1460492377913914,3.0,0.1247976727822402,0,Budget Shoppers
CUST_01767,54.0,62109.69663450838,North,store,43.89647667554629,10.0,43.04864919562729,43.0,0.1533767983947936,8.285947523949227,57.0,0.2465652829966439,4.0,0.554246685123647,0,Budget Shoppers
CUST_01768,71.0,34788.00881685255,Central,mobile,29.36347708084369,6.0,8.0,26.0,0.0328095985500837,3.168369706029059,47.0,0.1231571088968407,2.0,0.012137041856,0,Budget Shoppers
CUST_01769,33.0,88591.49657522328,East,online,132.08815984020922,9.0,83.24434540505655,25.0,0.2322810937850444,11.257835020981306,90.0,0.2739176015612544,2.0,0.5159069405996161,0,Budget Shoppers
CUST_01770,23.0,52056.11214363256,West,mobile,11.150471830130902,5.0,12.540940071588128,30.0,0.136747547525241,2.76854805708682,48.0,,2.0,0.3779734653287442,0,Budget Shoppers
CUST_01771,25.0,78742.61577812006,East,online,6.034643305478528,8.0,36.58589572717966,31.0,0.1057233426235587,9.589745877286967,92.0,0.0975056919026385,1.0,0.7783874547590117,0,Budget Shoppers
CUST_01772,42.0,82427.67755811445,East,mobile,1.87042417462542,11.0,132.8497149305512,30.0,0.1726014493160085,9.097204037474391,49.0,0.4037610799814344,2.0,0.3469954360230496,0,Budget Shoppers
CUST_01773,,81832.01135625677,West,online,9.649512499348168,7.0,88.82046849292519,31.0,0.1918901406118553,6.045101239405082,37.0,0.2487438567296472,3.0,0.1406452163551702,0,Budget Shoppers
CUST_01774,42.0,,North,online,40.32830951306439,12.0,61.45857003551146,27.0,0.0389357677163421,3.159308787033003,38.0,0.2329103990335379,3.0,0.3226199452776615,0,Budget Shoppers
CUST_01775,29.0,45257.59653013088,West,store,3.118971318889966,16.0,345.63385827077764,36.0,0.0304086810453042,0.4063106353975745,100.0,0.4044359257272683,1.0,0.1464437815985718,-1,Noise / Outliers
CUST_01776,32.0,53050.58741565706,North,store,9.822494521064684,12.0,27.870660632979128,26.0,0.3005126533702696,9.940601949832857,62.0,,1.0,0.2255859210869201,0,Budget Shoppers
CUST_01777,43.0,,East,online,67.66026673986158,12.0,86.89357514302597,26.0,0.027934058012874,4.533072623827715,61.0,0.1706367765169322,1.0,0.3271768323046763,0,Budget Shoppers
CUST_01778,58.0,46764.70406540842,North,mobile,30.60946813008561,8.0,110.77710936250791,32.0,0.0380015522757141,4.081322913891123,74.0,0.4891189152736538,1.0,0.1864460393572508,0,Budget Shoppers
CUST_01779,62.0,55376.22558101455,Central,mobile,2.5219723299606702,8.0,50.50792541456193,22.0,0.1645070298712036,0.5339248794859786,97.0,0.3854189167282338,3.0,0.3786210633557813,0,Budget Shoppers
CUST_01780,43.0,64019.06395946789,West,store,1.7100113763784963,16.0,158.83253095269924,31.0,0.0795599410511415,1.8159519137504656,8.0,0.3554813812329343,1.0,0.2177188406295754,0,Budget Shoppers
CUST_01781,64.0,38092.37762694694,Central,online,2.207473309244232,3.0,262.5354752718857,34.0,0.2667437485822691,4.414984746769162,38.0,0.2140200569696617,0.0,0.3572847270247792,0,Budget Shoppers
CUST_01782,49.0,36701.61765675941,East,mobile,99.5806097238198,13.0,101.36737402549892,21.0,0.0787743957907266,8.28995497065716,36.0,0.5331333811696003,1.0,0.1414486864322837,0,Budget Shoppers
CUST_01783,27.0,54518.19460911221,West,store,66.36921231838798,8.0,197.62902730840327,24.0,0.1624235505224383,2.487942121370843,85.0,0.2474923658673885,1.0,0.2854911483626736,0,Budget Shoppers
CUST_01784,33.0,57431.93392893612,East,online,65.23801939113665,9.0,8.176863977171873,22.0,0.1908904290048328,1.9633294169838904,56.0,,3.0,0.113805950701713,0,Budget Shoppers
CUST_01785,24.0,67545.48056003614,Central,store,90.29573519981086,8.0,21.707261503527008,18.0,0.0681047610202003,3.1475565808256185,45.0,0.2971176111106543,3.0,0.5460898431298534,0,Budget Shoppers
CUST_01786,34.0,72781.50464893423,East,store,24.62997563099724,7.0,80.59274227358777,21.0,0.0540611256762967,3.4012027043780693,50.0,0.4534687583420372,1.0,0.1820503788795685,0,Budget Shoppers
CUST_01787,40.0,33820.61794742373,West,store,9.945176030122356,4.0,330.01264369857387,26.0,0.0487443560716943,4.919793447986565,20.0,0.1850433241230961,2.0,0.2664347043172694,0,Budget Shoppers
CUST_01788,43.0,40134.13149724158,West,online,17.95761887691528,5.0,98.59387306260211,26.0,0.0551734776719441,4.331230681986893,63.0,0.3977729782480865,2.0,0.396904498704423,0,Budget Shoppers
CUST_01789,38.0,36643.44967361176,East,online,44.41209500749541,4.0,73.60156686921047,23.0,0.0593639943032775,0.8870842191693047,55.0,0.2207988600107906,1.0,0.2289696284594757,0,Budget Shoppers
CUST_01790,39.0,89073.84283501128,West,store,73.0708594501853,5.0,119.15276014715222,29.0,0.2098919029556768,7.414945011122437,34.0,0.5104508201931327,1.0,0.5175384763910996,0,Budget Shoppers
CUST_01791,24.0,55354.04701554422,West,online,19.98816725493775,3.0,17.27973764143124,20.0,0.169398270967376,1.565555268913402,92.0,0.435490833001728,1.0,0.2507649772037057,0,Budget Shoppers
CUST_01792,31.0,58354.84449539046,East,mobile,26.828811381991475,8.0,137.85120742986518,32.0,0.0390417641971334,10.421172941781215,32.0,0.243309665777026,2.0,0.5217582119919901,0,Budget Shoppers
CUST_01793,32.0,59271.03600829728,Central,online,93.97714829188996,7.0,12.83611051145465,30.0,0.2489823098067047,10.31416613296728,76.0,,1.0,0.3477869831061541,0,Budget Shoppers
CUST_01794,70.0,42255.259698211936,West,online,3.980453339843754,8.0,111.78629871312778,27.0,0.0842289842098529,0.8686509661332393,73.0,0.252534402753317,0.0,0.1660857458364988,0,Budget Shoppers
CUST_01795,24.0,92413.92941681268,West,online,69.39352653804444,2.0,162.90666329098528,16.0,0.0675289264497043,4.957187780079204,43.0,0.276504805139988,2.0,0.2138569912171704,-1,Noise / Outliers
CUST_01796,26.0,67042.58640601202,West,mobile,6.073525531730433,12.0,68.92483457125607,27.0,0.1124490026034383,5.722576546463817,79.0,0.2292107098361459,2.0,0.3882930884542216,0,Budget Shoppers
CUST_01797,68.0,58870.99165511488,West,online,23.14829470124672,10.0,314.3434514268942,22.0,0.2257235741140458,11.950417199067608,13.0,0.0624396408422199,2.0,0.1718832181842109,0,Budget Shoppers
CUST_01798,65.0,33684.35873468754,East,mobile,8.625461954310389,7.0,21.43861620830785,36.0,0.0592385726211696,3.015109342842357,2.0,0.2911536023553052,2.0,0.5245575379080611,0,Budget Shoppers
CUST_01799,25.0,32437.48518356261,Central,mobile,32.3290483031784,11.0,24.373053937830395,32.0,0.1116918467770381,7.63140293854716,61.0,0.2705436484050054,4.0,0.570087282121397,0,Budget Shoppers
CUST_01800,67.0,51204.0343046731,Central,mobile,28.621025067340018,8.0,94.58298654002527,22.0,0.231696076283443,5.4850627438754245,84.0,0.465228637356071,3.0,0.449375584749841,0,Budget Shoppers
CUST_01801,40.0,,North,mobile,16.731668758742206,8.0,348.815004417344,30.0,0.1567629091946498,9.223118558883815,14.0,0.3538919340390161,2.0,0.279418594923463,0,Budget Shoppers
CUST_01802,46.0,,West,online,69.64972866916779,8.0,64.40748975394638,24.0,0.0659969263421312,2.9812502137242998,42.0,0.2301918838190882,2.0,0.1982286544634308,0,Budget Shoppers
CUST_01803,35.0,49838.92356942578,West,online,37.73912639254852,9.0,339.184117011824,32.0,0.2499514670466489,8.17105444824482,15.0,0.2594911154510312,2.0,0.0760206150354302,0,Budget Shoppers
CUST_01804,48.0,53238.58337793044,North,online,44.704764386840736,12.0,153.71922907015605,27.0,0.1034636263435031,1.558697357174168,93.0,0.1707310010898862,4.0,0.5721857583120712,0,Budget Shoppers
CUST_01805,47.0,61119.27925012594,Central,mobile,5.715338771281029,10.0,198.35534928053255,31.0,0.0397056370109513,0.1815250539233619,85.0,0.6422435046964752,3.0,0.1422210351841686,0,Budget Shoppers
CUST_01806,69.0,46913.77162976621,South,mobile,75.14494395820485,10.0,361.2098948313788,35.0,0.1389438398515496,0.2186756212835057,10.0,0.5833157226346629,0.0,0.4846247927564445,0,Budget Shoppers
CUST_01807,56.0,35832.78471747931,South,online,6.396944876279279,5.0,110.4219377074586,15.0,0.039380737877385,5.912276208743869,56.0,0.4768246990235649,2.0,0.2538013950790497,0,Budget Shoppers
CUST_01808,52.0,36595.74050819257,Central,online,8.82133754475906,13.0,133.4129282193735,28.0,0.341689443707048,9.248790912458205,53.0,0.2624067054001788,0.0,0.1409369780000729,0,Budget Shoppers
CUST_01809,35.0,84685.40004297614,West,mobile,4.796018125275712,10.0,112.46296477545962,31.0,0.0710457869941923,6.931526478168051,58.0,0.3017984982043132,1.0,0.283561435303122,0,Budget Shoppers
CUST_01810,59.0,30461.33090004167,South,online,20.316105035339685,14.0,199.73974853337464,30.0,0.09791737469799,0.4358762609426994,85.0,0.1777079158428064,2.0,0.5012621963521281,0,Budget Shoppers
CUST_01811,56.0,65990.01056240794,East,store,76.53322693735865,11.0,41.5204168845307,39.0,0.1373705213796354,6.62493084124176,99.0,0.2212093702407706,0.0,0.2230591840586382,0,Budget Shoppers
CUST_01812,34.0,69430.0192550367,East,online,10.18327689056884,7.0,201.6813075152203,32.0,0.1607634586294024,1.359046561607737,81.0,0.2326031531878053,0.0,0.1779543866992876,0,Budget Shoppers
CUST_01813,31.0,55331.93953161529,North,store,16.380388092291884,12.0,162.5228835046445,31.0,0.1868821473888636,11.584781944912834,62.0,0.2336211238600921,1.0,0.0809167951874759,0,Budget Shoppers
CUST_01814,48.0,96892.23928491391,Central,online,65.49319240785327,11.0,119.79104302528158,37.0,0.0598730391406125,4.230877730663028,57.0,0.1007076685303653,0.0,0.6480864771109859,0,Budget Shoppers
CUST_01815,41.0,69037.81784660938,Central,online,33.66479292444884,9.0,8.0,29.0,0.0688898166858171,6.040977916019733,63.0,0.3360410710370033,6.0,0.2307177621269043,0,Budget Shoppers
CUST_01816,52.0,98543.86706270232,South,online,48.74733248232389,7.0,193.65191770236373,33.0,0.1909656294171469,4.064865906332416,4.0,0.3795732334432474,3.0,0.3173757350073721,0,Budget Shoppers
CUST_01817,61.0,43676.591957872806,West,online,8.427949230706352,5.0,18.46707382330544,32.0,0.0561774021903427,5.605120721072306,78.0,0.2210293534493699,0.0,0.065340287765465,0,Budget Shoppers
CUST_01818,62.0,44053.2009823448,Central,online,44.11775903545114,9.0,425.0259682418359,23.0,0.0751835916188606,11.501530349925527,96.0,0.5360125167914351,2.0,0.2038470175746998,0,Budget Shoppers
CUST_01819,51.0,69605.81749096033,South,online,9.039324851520009,11.0,11.050762245559076,25.0,0.0587137735674607,3.1263203794589844,82.0,0.2845727537722758,0.0,0.3313552663308144,0,Budget Shoppers
CUST_01820,20.0,52247.75597897754,South,mobile,152.8539198721584,6.0,165.61354861729845,26.0,0.2527369242887463,8.616981208548797,34.0,0.46888447802924,3.0,0.1059407223158485,0,Budget Shoppers
CUST_01821,54.0,95084.63934762438,Central,online,28.72526473112237,4.0,58.103819105774825,33.0,0.2486539160808997,9.063447416910355,32.0,0.0971251886482031,2.0,0.1786509627006278,0,Budget Shoppers
CUST_01822,60.0,65517.40843988062,South,mobile,41.633957047061145,10.0,172.9824337589449,27.0,0.1193947062006136,2.287321047332584,78.0,0.416916426171906,1.0,0.3754015759412109,0,Budget Shoppers
CUST_01823,57.0,35019.36716315226,North,online,4.410652311758721,11.0,95.1326609621611,42.0,0.0399266857007544,8.749775105773667,100.0,0.414958417324995,3.0,0.3845500436383227,0,Budget Shoppers
CUST_01824,43.0,19790.039012031437,North,store,10.099498332979948,2.0,129.07907385701506,24.0,0.1541422616791019,7.775933756893215,34.0,0.2706553075114853,0.0,0.4029340672002851,0,Budget Shoppers
CUST_01825,72.0,56278.75096844818,Central,mobile,5.268248179185376,10.0,10.196394647271594,35.0,0.1047356835714689,3.492506423491309,70.0,0.1523781268173563,2.0,0.3621229190262905,0,Budget Shoppers
CUST_01826,40.0,56039.29115026886,West,online,17.3101677729537,6.0,441.4261704291558,21.0,0.0866391457205561,6.272258993066171,40.0,0.3022918900830454,0.0,0.2827080527688063,0,Budget Shoppers
CUST_01827,61.0,64902.850312784525,North,online,11.699270957638724,5.0,8.0,27.0,0.0574394245491911,7.079804305251928,35.0,0.3172792568439757,3.0,0.2269040667725305,0,Budget Shoppers
CUST_01828,56.0,84635.19262262987,North,online,46.20754251851911,12.0,368.2801257046357,26.0,0.1053295992915195,10.038649675940825,15.0,0.2849180729785545,0.0,0.4018359876039639,0,Budget Shoppers
CUST_01829,32.0,81740.4926878664,Central,online,4.027949892754068,8.0,109.18817083195064,18.0,0.022066682510579,1.497918538059134,51.0,0.4157749906852345,1.0,0.081824895732729,0,Budget Shoppers
CUST_01830,73.0,45264.17728859848,East,mobile,48.80980826358104,8.0,38.84012390168154,34.0,0.2512047692651048,11.66371329708789,20.0,0.3728959076316133,0.0,0.2382648305350523,0,Budget Shoppers
CUST_01831,66.0,29535.97316030273,South,mobile,1.6373786539258377,5.0,131.99671319767063,21.0,0.0594621341842249,9.229889250309617,92.0,0.0267937713654389,2.0,0.3268732018854138,0,Budget Shoppers
CUST_01832,21.0,30849.33502980045,North,store,7.898416201076669,12.0,145.27247627857295,28.0,0.0716807056523357,6.419714121530982,37.0,0.3942254543305699,3.0,0.4901559637476316,0,Budget Shoppers
CUST_01833,46.0,41790.36248292968,East,mobile,54.951711695317925,10.0,170.37311061449438,32.0,0.2291693849551087,9.31474078538288,38.0,0.4236470471660617,1.0,0.390240784571397,0,Budget Shoppers
CUST_01834,39.0,49931.90594314158,West,store,47.52336647760809,5.0,8.0,29.0,0.1640072477842382,8.797932511098303,21.0,0.2526202076891357,0.0,0.3839631439317357,0,Budget Shoppers
CUST_01835,42.0,64711.36705723367,East,store,22.64101501239297,8.0,528.0370397005735,29.0,0.3073185312560603,5.521554930041581,88.0,0.5316240666692872,2.0,0.1820486025226091,0,Budget Shoppers
CUST_01836,30.0,40378.71286828845,Central,store,1.7946284964251924,10.0,125.07388096391418,26.0,0.1137542133249115,4.032616287954088,10.0,0.2699991853093829,1.0,0.5031053451835421,0,Budget Shoppers
CUST_01837,35.0,64168.62336449292,West,online,32.946764189849176,16.0,61.6290742021385,23.0,0.0725327524084002,11.863232969102745,100.0,0.1632183372238944,2.0,0.3188307872830996,0,Budget Shoppers
CUST_01838,50.0,65964.88320889915,West,online,18.273350672524387,7.0,109.91288554239392,29.0,0.0935257342872338,10.612576863736988,54.0,0.2591429659045927,1.0,0.3253156186298692,0,Budget Shoppers
CUST_01839,33.0,61153.56541710957,East,online,13.319943316145377,9.0,25.548663644532027,30.0,0.017142260592649,11.41105027544556,9.0,0.2975002139003654,0.0,0.3957242334252658,0,Budget Shoppers
CUST_01840,62.0,33170.29406572071,Central,mobile,35.79773947500658,6.0,36.92573286173904,22.0,0.1012011855257006,0.5816565205489983,86.0,0.3156742476119995,0.0,0.2692257128113094,0,Budget Shoppers
CUST_01841,59.0,68292.18795519108,North,online,20.082694480706323,5.0,11.658854048480231,24.0,0.1322436894582533,9.782710297692429,42.0,0.3024063978066039,2.0,0.183243308023977,0,Budget Shoppers
CUST_01842,61.0,103787.93183286792,East,online,3.39411712405316,5.0,274.8066839630809,29.0,0.0573162767740784,10.694731003677358,16.0,0.1993526684650837,2.0,0.4578259257746775,0,Budget Shoppers
CUST_01843,19.0,63409.7301920839,North,online,86.67221560019638,11.0,37.67631899397772,28.0,0.2461071473324984,5.722710013134293,24.0,0.2496991304175987,1.0,0.2715957458228204,0,Budget Shoppers
CUST_01844,72.0,12000.0,East,online,52.75555376955022,7.0,174.97488975296235,24.0,0.1677596284881495,10.691222676091629,4.0,0.4953598868356273,2.0,0.2428037905518884,0,Budget Shoppers
CUST_01845,52.0,85299.35058503186,North,mobile,2.031043681657556,11.0,41.66226602174011,25.0,0.0911780336843339,1.2105396404223865,44.0,0.265278565689913,0.0,0.577136820845995,0,Budget Shoppers
CUST_01846,59.0,42539.5489126135,East,online,26.060123164176144,16.0,20.515403257412565,27.0,0.014128058033319,0.7256937579300491,23.0,0.1385789914097309,1.0,0.0715680786483385,0,Budget Shoppers
CUST_01847,51.0,107845.67919090524,West,mobile,3.0470870006005337,9.0,14.877188244936312,29.0,0.082492191052398,3.4987046076025625,42.0,0.3038835537142311,4.0,0.2102390164042128,0,Budget Shoppers
CUST_01848,47.0,60559.995930051125,South,mobile,63.55247281664044,10.0,255.82176666872812,28.0,0.1055638806874688,0.3149097746580609,86.0,0.2941752061788596,2.0,0.3763233723829255,0,Budget Shoppers
CUST_01849,72.0,20936.58473231184,West,online,33.22783315854698,10.0,16.579460039292666,40.0,0.0402012347775754,8.207865411365626,66.0,0.2105571731548874,1.0,0.0437201927653462,0,Budget Shoppers
CUST_01850,30.0,12576.655220907443,North,mobile,6.624964626622583,10.0,11.853765354261684,29.0,0.1729054543650643,11.123631376164278,92.0,,2.0,0.3625127080806478,0,Budget Shoppers
CUST_01851,,91874.29677886932,Central,mobile,1.0,10.0,8.0,34.0,0.1115777933883677,3.540681036046545,19.0,0.3178080327354173,0.0,0.2672882759652266,0,Budget Shoppers
CUST_01852,35.0,82329.90969018,West,online,1.1231656331521644,6.0,59.33208446078636,28.0,0.1165012308892248,7.915257677845931,20.0,0.2650259029589915,3.0,0.5237955987883811,0,Budget Shoppers
CUST_01853,49.0,106972.4154868672,South,online,24.77956958755843,8.0,371.7000468351484,28.0,0.0294074051477675,5.616582600686307,28.0,0.3417419816857671,1.0,0.1943911650419408,0,Budget Shoppers
CUST_01854,49.0,58240.33868261822,North,online,46.39824041948754,6.0,311.0972089584358,25.0,0.019280760316564,3.06068633430563,24.0,0.460808865917373,0.0,0.1426377925481711,0,Budget Shoppers
CUST_01855,52.0,56756.34256564703,West,mobile,4.50761101709553,11.0,15.889534732923169,37.0,0.1669362921387359,11.0227503046464,91.0,0.0667143474966896,2.0,0.5936788996665396,0,Budget Shoppers
CUST_01856,56.0,49580.18657251174,East,mobile,8.753813396662661,12.0,8.0,27.0,0.0678465436781553,11.494949740543102,2.0,0.2998449064104434,2.0,0.1215645026923944,0,Budget Shoppers
CUST_01857,63.0,43517.614692297146,Central,online,13.87386953207794,8.0,180.74323718259768,34.0,0.0763799383574364,1.6170572225147335,7.0,0.3412036220758574,0.0,0.2441323074322558,0,Budget Shoppers
CUST_01858,69.0,49366.54980192806,North,online,8.609955551275096,6.0,47.57626818580207,28.0,0.0430531265695106,9.203664829977717,1.0,0.3775522833060034,3.0,0.5127370051454321,0,Budget Shoppers
CUST_01859,46.0,62784.19331112865,West,online,17.37714342451693,3.0,233.98102265302128,31.0,0.0814073505585851,2.265802190486369,11.0,0.1155045529468564,1.0,0.1106663084966479,0,Budget Shoppers
CUST_01860,66.0,39434.18268793376,North,store,28.703708171255624,7.0,31.540439656595485,32.0,0.2462141697980179,5.8586800474009255,51.0,0.5620969433328074,1.0,0.4446760468704081,0,Budget Shoppers
CUST_01861,46.0,21275.634368772364,East,online,40.42436513780115,7.0,88.0989911012808,26.0,0.0244731229533649,4.331807699381054,60.0,,0.0,0.0989709194888988,0,Budget Shoppers
CUST_01862,70.0,61517.28594831191,South,store,116.1303787232128,11.0,8.0,25.0,0.1930099472182459,2.9278629136487173,31.0,0.2439411855640724,1.0,0.4011389872723751,0,Budget Shoppers
CUST_01863,61.0,38943.6968287445,West,online,93.49849881224144,7.0,292.6407490136726,31.0,0.1594282912508011,8.109706901175421,30.0,0.270947994113749,5.0,0.4616557750942131,0,Budget Shoppers
CUST_01864,74.0,12000.0,North,mobile,29.549289147038337,11.0,25.47813863069563,19.0,0.0681023163975564,10.264754212952608,77.0,0.336987002999742,1.0,0.3098387787014253,0,Budget Shoppers
CUST_01865,33.0,70156.48259445424,North,mobile,46.36881379877249,9.0,45.3877235287226,19.0,0.0402949497004839,9.374039269761637,24.0,0.2125870720496908,3.0,0.5853968250295425,0,Budget Shoppers
CUST_01866,73.0,33622.70116142537,North,mobile,105.46656074893627,11.0,84.9355614771003,38.0,0.0485732003070224,8.667404871451835,18.0,0.2339071991570167,0.0,0.2219795180312083,0,Budget Shoppers
CUST_01867,61.0,72559.36800319617,South,online,3.05069102276184,11.0,41.13855166914536,26.0,0.0951388234625405,0.7950855811123425,58.0,0.0960380578284579,0.0,0.1214320251979882,0,Budget Shoppers
CUST_01868,64.0,72032.65834335159,North,mobile,1.0,8.0,8.0,38.0,0.0910592377191126,1.1691225947093873,77.0,0.4988180492870276,2.0,0.2776760836881499,0,Budget Shoppers
CUST_01869,74.0,64238.98025350233,Central,online,1.0588479875229615,8.0,8.0,29.0,0.1150121413122481,5.577955578921396,17.0,0.334694907844699,3.0,0.231561752409111,0,Budget Shoppers
CUST_01870,27.0,112929.99248784292,Central,online,29.00176509485987,5.0,403.7596196862352,20.0,0.1960723188097143,6.669156028995086,46.0,,1.0,0.2789161339982449,-1,Noise / Outliers
CUST_01871,47.0,54962.8593006077,North,mobile,50.36473882661942,8.0,51.1911599881962,23.0,0.1006335877744306,8.680635131655167,94.0,0.2669523167146022,3.0,0.3026459285186237,0,Budget Shoppers
CUST_01872,42.0,51715.92951503106,Central,store,16.00911443070898,10.0,52.916988858515744,28.0,0.0839086398772734,4.270269424695979,19.0,0.4028470220216288,1.0,0.0563719090199167,0,Budget Shoppers
CUST_01873,56.0,73040.79327117218,West,mobile,27.579427994306908,15.0,333.1447092005116,30.0,0.0436760505355952,0.2751137152155736,12.0,0.2390166513600324,0.0,0.292884060237471,0,Budget Shoppers
CUST_01874,37.0,56780.15803349656,Central,online,25.42496303659308,7.0,235.1474271287273,18.0,0.0708113377762032,0.4332164619248981,90.0,0.3491773367444863,0.0,0.0663597609397786,0,Budget Shoppers
CUST_01875,22.0,83530.8578226682,North,mobile,3.484852310084261,8.0,150.97752038838547,27.0,0.1870349236272291,10.257966677672982,82.0,0.2293582779203661,4.0,0.0737657969965645,0,Budget Shoppers
CUST_01876,18.0,30086.27003333851,East,mobile,13.580031340961124,12.0,139.67517968085863,35.0,0.3556779842442978,1.542631302621818,12.0,0.3139421576342873,0.0,0.4560359741865247,0,Budget Shoppers
CUST_01877,47.0,30452.16215578452,West,store,1.0,9.0,209.9345797079102,35.0,0.0711699972258945,11.242725777663734,50.0,0.3479365540198758,2.0,0.3200106606701589,-1,Noise / Outliers
CUST_01878,66.0,74847.80880917679,South,store,4.106446384100872,10.0,24.04683002885256,26.0,0.105829847143013,3.991535977436567,66.0,0.2412518501949937,4.0,0.1415730374516247,0,Budget Shoppers
CUST_01879,20.0,32374.159334550724,North,mobile,58.46958134182599,10.0,141.89012264194267,23.0,0.1626319479324484,7.003836782085822,20.0,0.3345250550610945,0.0,0.0564148068912271,0,Budget Shoppers
CUST_01880,62.0,71400.16934173972,South,online,61.89794671895142,8.0,13.465758134804783,36.0,0.2855344597546193,2.023418396050071,6.0,0.1668305966998477,1.0,0.2681825949218427,0,Budget Shoppers
CUST_01881,31.0,66140.06261662804,East,mobile,56.67260109518105,8.0,17.584024422324376,29.0,0.0827546804903203,5.448449676122744,1.0,0.3586251114072343,0.0,0.4260439573568819,0,Budget Shoppers
CUST_01882,73.0,42721.25770739141,South,mobile,45.416678492604845,9.0,36.14908512703588,32.0,0.0559708002756025,10.509711551094869,90.0,0.5287689080461457,1.0,0.2920938705409107,0,Budget Shoppers
CUST_01883,47.0,66077.74352513555,North,store,55.179213747039874,5.0,160.8357371475915,38.0,0.1758324509072145,11.809592693440193,7.0,0.3853897621783559,0.0,0.3293163754266024,0,Budget Shoppers
CUST_01884,67.0,30838.96619274673,North,online,38.90753494965151,11.0,289.98904082616133,25.0,0.104608311398536,9.19851409851974,96.0,0.3078193899320291,1.0,0.2223359166301216,0,Budget Shoppers
CUST_01885,,36002.20162219859,East,online,38.78552013413945,5.0,152.58393989267745,40.0,0.1462691835600426,9.175411106229284,55.0,0.6391278481370066,0.0,0.2302847580497067,0,Budget Shoppers
CUST_01886,35.0,52781.86975493455,North,online,38.52449505107651,8.0,70.05982002984352,41.0,0.371199544137739,10.623750004095546,97.0,0.3251670906490749,1.0,0.0030816587076564,0,Budget Shoppers
CUST_01887,54.0,59736.41201958885,East,mobile,25.25721462471044,9.0,93.71047623136414,33.0,0.2237322686819713,2.938718408529541,74.0,0.2658994157436339,2.0,0.266060427739218,0,Budget Shoppers
CUST_01888,42.0,51319.95218626713,East,store,15.803580783032078,6.0,161.97046916484783,29.0,0.2292775736037026,8.835200354348862,15.0,0.1871232413320867,1.0,0.5338407433325906,0,Budget Shoppers
CUST_01889,65.0,67528.55120520844,North,online,45.85198763707052,11.0,123.50770272923084,39.0,0.1079752218641134,6.700037459836938,95.0,0.3315361659565604,4.0,0.17645226710306,0,Budget Shoppers
CUST_01890,18.0,66546.2611310624,Central,mobile,12.41598910714264,4.0,98.00574158186951,29.0,0.0435754500692569,3.140188115992017,24.0,0.3085680844392137,1.0,0.2179924710825278,0,Budget Shoppers
CUST_01891,70.0,91646.0697836592,East,mobile,27.4000214844917,5.0,35.1292895602388,27.0,0.2029817551700853,0.6656730609770349,29.0,0.2848476482522152,1.0,0.1559236383745179,0,Budget Shoppers
CUST_01892,63.0,55903.7223628099,North,mobile,19.8808178861473,5.0,124.75037481648152,26.0,0.1653964198285418,2.4098454188003777,82.0,0.4249671048802055,0.0,0.2494114232174011,0,Budget Shoppers
CUST_01893,32.0,84280.39548605084,Central,online,11.333831422391116,11.0,8.0,23.0,0.0611695087416711,7.802281486004919,71.0,0.0993591617800622,1.0,0.1502407308552362,0,Budget Shoppers
CUST_01894,26.0,78255.96128366565,East,store,128.67933965253135,9.0,106.7434213882505,27.0,0.2704990497572402,6.838169763908841,34.0,0.3184785356426963,0.0,0.4300007077151074,0,Budget Shoppers
CUST_01895,32.0,108467.50023244924,Central,online,10.479684185922608,9.0,223.46302461796205,35.0,0.1492472783295968,0.8312503099523045,78.0,0.1498363060481958,0.0,0.3927160314842465,0,Budget Shoppers
CUST_01896,66.0,55200.32356214996,West,mobile,12.951388119258564,8.0,25.75908105790328,31.0,0.1535148723073358,6.747741986938893,84.0,0.258733504126897,5.0,0.3725612033845984,0,Budget Shoppers
CUST_01897,74.0,48752.10812803426,West,online,6.168577039529059,9.0,15.765860944208152,31.0,0.1524270522236915,4.687791823348565,93.0,0.1728316900775929,1.0,0.2855763060863802,0,Budget Shoppers
CUST_01898,41.0,85669.27288936212,Central,online,60.60236318141591,11.0,456.8755472298943,25.0,0.0151830060714537,0.1791803615137084,37.0,0.5204762964724162,3.0,0.1046972961707868,0,Budget Shoppers
CUST_01899,21.0,66479.51657830777,East,store,30.91598973325833,5.0,241.08045371138547,28.0,0.0875304855198028,10.913905658661998,42.0,0.3799039385346661,1.0,0.2993362243093143,0,Budget Shoppers
CUST_01900,29.0,86196.5027692458,North,online,33.230121015373435,7.0,46.73991902537722,28.0,0.108479025676664,3.100513731777679,64.0,0.2043368180043992,0.0,0.4182494260236254,0,Budget Shoppers
CUST_01901,54.0,73769.573555769,South,online,60.12727898124763,5.0,30.40925312088812,24.0,0.151268690304716,6.640745380445093,95.0,0.5512682580933973,1.0,0.0397072571981336,0,Budget Shoppers
CUST_01902,54.0,12000.0,North,mobile,14.698214397415802,8.0,52.84821281279751,21.0,0.0346597580669479,7.069731490175395,19.0,0.4365883988704525,2.0,0.0671412753326105,0,Budget Shoppers
CUST_01903,,66279.07909468602,South,mobile,7.532589142693512,9.0,73.35513941133931,34.0,0.1083552874432127,5.985708273482642,23.0,0.4289371542616411,3.0,0.5549221296253126,0,Budget Shoppers
CUST_01904,23.0,64846.74975493277,South,mobile,7.740328409908054,20.0,223.70825819291983,27.0,0.0299421214099217,2.874984107370693,71.0,0.1540064325161696,1.0,0.4251046641816529,-1,Noise / Outliers
CUST_01905,56.0,60928.35185420718,East,online,46.167931029396215,17.0,,19.0,0.080562564364559,4.8883985073763805,6.0,,1.0,0.2540788459615833,0,Budget Shoppers
CUST_01906,73.0,55090.65280928557,Central,online,33.32756985770676,7.0,165.87848196774428,29.0,0.2673499475648123,3.4839725770759657,99.0,0.3040408945386735,3.0,0.4545061206037694,0,Budget Shoppers
CUST_01907,63.0,22972.842388524783,North,online,8.088454782152038,10.0,344.3936802407596,31.0,0.4907482122319735,5.202675783984329,93.0,0.4538579696375021,5.0,0.5456592046296174,-1,Noise / Outliers
CUST_01908,41.0,77231.8921792431,Central,online,5.485560427552109,7.0,62.04241570827591,27.0,0.0135728807331412,0.9919263530045352,55.0,0.3701637469358313,2.0,0.0667696678178323,0,Budget Shoppers
CUST_01909,28.0,66222.90541805688,West,store,4.501514684266991,12.0,8.0,31.0,0.2635107671519643,1.9913766811379217,77.0,0.1410643678310298,4.0,0.3954333260169269,-1,Noise / Outliers
CUST_01910,30.0,82243.04734274333,East,online,34.59121055344714,14.0,228.5443136829009,20.0,0.1872785766821275,1.6502018075143043,39.0,0.586740208749324,1.0,0.6000282052475259,0,Budget Shoppers
CUST_01911,51.0,24147.378465944435,East,online,1.0,12.0,160.21457182055468,31.0,0.0491128394733977,7.140020144938433,25.0,0.1560537788858538,4.0,0.2940510346484975,0,Budget Shoppers
CUST_01912,42.0,,West,online,1.0,5.0,20.985273326350853,27.0,0.2172514427058043,7.870747413543983,98.0,0.1353282772421125,2.0,0.0114534390286603,0,Budget Shoppers
CUST_01913,24.0,52837.49457397562,North,online,17.274740891164104,5.0,118.1159714842358,26.0,0.0887580130315911,10.96747231847184,83.0,0.2048469537606191,5.0,0.4371076029607282,0,Budget Shoppers
CUST_01914,69.0,61163.33621836165,West,mobile,41.14414116429849,6.0,226.44974053548077,22.0,0.2181320775672882,3.1459458947827854,4.0,0.4477859018835177,4.0,0.5137253145580413,0,Budget Shoppers
CUST_01915,21.0,53090.4880480204,North,mobile,41.56504148928063,15.0,25.9623049595656,33.0,0.1330072065988367,4.72186542807595,88.0,0.3339721070747875,2.0,0.0452084039120756,0,Budget Shoppers
CUST_01916,25.0,69959.37440456286,South,online,19.681425303452144,15.0,32.78452416591115,29.0,0.1145854049295683,7.469170541381818,33.0,0.299812909652104,2.0,0.5674055965772252,0,Budget Shoppers
CUST_01917,37.0,54416.79133818525,East,online,41.1128283837935,7.0,29.298485997436305,28.0,0.237724899054064,11.661070245505574,66.0,0.4577896174550617,2.0,0.2051053114578134,0,Budget Shoppers
CUST_01918,46.0,34857.87164877484,North,online,25.768942296145088,11.0,778.9711897827758,28.0,0.2117713027598801,4.6982049613349055,2.0,0.1882580024433194,2.0,0.1647214031720063,0,Budget Shoppers
CUST_01919,71.0,59901.35921329621,Central,mobile,131.9249267579793,9.0,33.89667866335132,14.0,0.0556384111780228,3.4753900614370576,14.0,0.2426914125464433,3.0,0.133088399628716,0,Budget Shoppers
CUST_01920,70.0,53288.16018301899,Central,mobile,6.205027869068543,10.0,40.364772603766085,36.0,0.1816917919582813,4.653535377514783,50.0,0.0766216387005706,4.0,0.0398398097480145,0,Budget Shoppers
CUST_01921,68.0,56165.34033516456,East,online,32.12861029286447,7.0,8.0,36.0,0.1501476370326186,3.711589055211329,11.0,0.4451132252738753,2.0,0.1751837549338679,0,Budget Shoppers
CUST_01922,62.0,12000.0,West,online,23.6521768159574,9.0,531.8374208193865,37.0,0.1604488515614621,1.0210693644903135,34.0,0.2854039216607232,1.0,0.3081859469722358,0,Budget Shoppers
CUST_01923,63.0,73017.99383851152,West,mobile,7.56876033587854,15.0,36.83727193177993,35.0,0.0351388942270919,4.15181656850084,38.0,0.1126178863144942,3.0,0.3075404758702807,0,Budget Shoppers
CUST_01924,27.0,51077.40041837082,North,store,48.518963164666296,7.0,167.93821156693696,34.0,0.0222455034202619,7.023898431046845,92.0,0.3674316314831033,2.0,0.3758513804379299,0,Budget Shoppers
CUST_01925,60.0,28340.621371598158,West,store,11.279960541221673,7.0,8.0,32.0,0.041109718503715,2.1935144911864244,39.0,0.4298821242856088,2.0,0.2069026701315792,0,Budget Shoppers
CUST_01926,51.0,78296.39737065912,East,online,16.827908416741426,13.0,198.86317843418985,33.0,0.0436264415785621,10.0039517406309,22.0,,1.0,0.707226802173229,0,Budget Shoppers
CUST_01927,74.0,72000.04601056447,North,online,16.440640206328627,10.0,180.53611089040373,27.0,0.052971163498002,8.82433042159479,42.0,0.3477732418915228,2.0,0.3576170328138939,0,Budget Shoppers
CUST_01928,43.0,50798.955681953164,South,online,9.799454229784612,11.0,11.427749196440164,14.0,0.1853510404353575,6.703026651242167,97.0,0.2136578665614087,2.0,0.0832553800607249,0,Budget Shoppers
CUST_01929,58.0,32652.27365055959,West,mobile,19.717498794949357,6.0,17.00326999508394,27.0,0.1761497502054836,8.84993235750874,95.0,0.5376528139182772,4.0,0.1776901016561424,0,Budget Shoppers
CUST_01930,66.0,61916.67616294619,West,store,22.44239432607039,12.0,45.46262367112857,33.0,0.1100581185719078,3.7999900048031736,57.0,0.364405818342821,3.0,0.1461935509128722,0,Budget Shoppers
CUST_01931,20.0,60708.3338609274,North,online,47.72054416605162,6.0,56.93873401306025,20.0,0.1352712987397116,2.401617067427673,78.0,0.203731226948494,1.0,0.38407561317984,0,Budget Shoppers
CUST_01932,,78335.3542258192,Central,online,50.69615646484637,6.0,198.9212456737033,35.0,0.1759256829377033,10.107284816599169,38.0,0.0980700121473757,2.0,0.177696829737598,0,Budget Shoppers
CUST_01933,23.0,48237.81867306921,West,online,6.042252219979287,9.0,8.208339870328226,29.0,0.1052897774761635,9.82552353905474,9.0,0.353179224431439,1.0,0.4823540424246885,0,Budget Shoppers
CUST_01934,22.0,84288.28696702991,East,online,31.44339761037473,12.0,136.56588609104097,21.0,0.1690863795665188,8.831446028503276,88.0,0.1371463713289624,2.0,0.4537463742092319,0,Budget Shoppers
CUST_01935,22.0,46114.43392661312,West,online,79.28438340529496,6.0,33.73013845898774,36.0,0.0376907712275345,3.0757014122161883,29.0,0.3825023374364307,0.0,0.1624253781138629,0,Budget Shoppers
CUST_01936,71.0,28391.70074006672,South,mobile,4.03099843946009,10.0,62.6634321108998,41.0,0.1676632746917299,4.123893217195601,69.0,0.041516705092044,1.0,0.2454024886204926,0,Budget Shoppers
CUST_01937,64.0,33089.779379499814,West,online,22.41370741364648,9.0,8.0,29.0,0.0174277046122702,4.566899021879049,42.0,0.2887273179894903,4.0,0.2399722401796284,0,Budget Shoppers
CUST_01938,,56626.94613901646,Central,online,48.56977472399869,9.0,44.72964075012977,25.0,0.2909634078954649,2.2108403061624826,60.0,0.3764258191140537,1.0,0.2039212096205675,0,Budget Shoppers
CUST_01939,66.0,56558.68080070789,West,mobile,33.09039314353644,3.0,24.43257371594651,25.0,0.2049888150774148,9.12045498090917,39.0,0.3102835212132619,0.0,0.4025236093376504,0,Budget Shoppers
CUST_01940,26.0,65212.94509651707,North,online,3.710400995910018,7.0,91.14601903634345,34.0,0.0183853737803085,2.216358147363225,91.0,0.5863091068556991,1.0,0.166204824321021,0,Budget Shoppers
CUST_01941,52.0,56011.77131539429,West,online,17.681478629584873,9.0,22.38648345064581,27.0,0.0699485980748501,2.661008489600969,72.0,0.3907126971206056,0.0,0.2773690238325323,0,Budget Shoppers
CUST_01942,37.0,79501.00735341525,Central,online,24.770620720211127,7.0,234.88106005322905,25.0,0.1760006036500869,0.5780877290800648,93.0,0.4590427914020856,2.0,0.4911627421541547,0,Budget Shoppers
CUST_01943,66.0,52255.92983382332,North,store,191.9255687494592,11.0,278.8208173248452,19.0,0.2048254669303035,7.960191598806654,60.0,0.2010456007442531,0.0,0.3546667116687516,0,Budget Shoppers
CUST_01944,59.0,14081.922172828848,East,mobile,6.8864147303980445,17.0,242.606078956908,35.0,0.0470098839801841,11.147983191073717,53.0,0.131470186615347,0.0,0.0276740462792474,-1,Noise / Outliers
CUST_01945,52.0,55335.87285375253,North,online,141.44226937342594,8.0,520.8435379035274,29.0,0.1409924012470836,5.80517362447913,76.0,0.5219856700403006,1.0,0.2472735503362605,0,Budget Shoppers
CUST_01946,67.0,13850.868869137412,South,mobile,16.514574238955703,11.0,319.92385695089075,32.0,0.0385549630897429,10.77355510488467,8.0,0.2942790761443629,2.0,0.0811480128501745,0,Budget Shoppers
CUST_01947,35.0,511764.8126555948,North,online,7.824048370990077,5.0,512.0068893527923,25.0,0.1324768841356193,10.092000574829267,21.0,0.1720746850576986,0.0,0.3111295321706804,0,Budget Shoppers
CUST_01948,34.0,81258.24597766815,East,mobile,18.71175787956644,12.0,49.08148987938306,16.0,0.0751725798128658,9.536419766619192,56.0,0.3772141966274328,3.0,0.4610409994194456,0,Budget Shoppers
CUST_01949,41.0,36303.061301784575,West,mobile,33.3166847147028,12.0,98.89062112651256,18.0,0.3066844922383943,2.0116839656302297,48.0,0.4002344704706221,2.0,0.2937299109115078,0,Budget Shoppers
CUST_01950,20.0,89208.2471006207,North,store,8.40557350367947,8.0,63.18833850228725,28.0,0.0999590614575453,4.527834424513675,47.0,0.6383832091597978,3.0,0.120319729462757,0,Budget Shoppers
CUST_01951,49.0,76542.28738402549,North,online,12.058173530688029,9.0,455.4675413870448,25.0,0.0350921788014544,7.966069061641152,9.0,0.3196999179983379,0.0,0.1212303858762835,0,Budget Shoppers
CUST_01952,52.0,84542.5634191312,North,store,67.4764595053034,6.0,53.92468475316548,22.0,0.1038016957008887,4.132277317298902,78.0,0.1821101739413032,3.0,0.5246529603952069,0,Budget Shoppers
CUST_01953,55.0,62170.40484156188,North,store,242.1041697831388,8.0,175.16077149032495,22.0,0.0922183303419824,8.530693862723648,1.0,0.2509544528750669,2.0,0.3058216235706235,0,Budget Shoppers
CUST_01954,30.0,36159.16613345995,East,store,13.404260329018545,10.0,111.34727978322222,25.0,0.2636787680349933,3.447489589890448,55.0,0.1154671799823206,3.0,0.4506253572826005,0,Budget Shoppers
CUST_01955,73.0,75177.93941191104,Central,mobile,5.641121380485947,5.0,407.4916079057252,26.0,0.2095670697365601,4.711387025299088,31.0,0.1980473739982782,3.0,0.4113487721178584,0,Budget Shoppers
CUST_01956,64.0,44258.78005109652,Central,online,55.15517153155,8.0,177.39823778352203,24.0,0.1416819961741968,8.77813624132517,80.0,0.3715835252906875,2.0,0.2034921075350382,0,Budget Shoppers
CUST_01957,42.0,60593.45913427381,North,online,32.11007098125092,7.0,47.04659655887775,31.0,0.0393015787334295,1.414610910641886,91.0,0.4447244084242023,0.0,0.406581486675797,0,Budget Shoppers
CUST_01958,26.0,54230.27815832039,East,online,3.7032215457999897,9.0,28.53314041567734,29.0,0.1462323702571778,9.441373626028597,11.0,0.4279155386797423,4.0,0.2499684485149175,0,Budget Shoppers
CUST_01959,21.0,82743.3088495317,East,online,102.6606337061346,13.0,250.69099266685387,15.0,0.034081698912631,8.550872632743058,66.0,0.4291095159038435,2.0,0.3056325320607667,-1,Noise / Outliers
CUST_01960,31.0,74067.19413031323,North,mobile,2.844232135727182,10.0,314.5065501046718,25.0,0.2282810892711292,5.395541704599124,60.0,0.4857119351460549,1.0,0.1724504341144707,0,Budget Shoppers
CUST_01961,54.0,56227.55243712784,South,mobile,34.362303825103936,7.0,231.19389545722063,28.0,0.1504378220973062,5.250304833230864,31.0,0.1885649084658898,2.0,0.2841566636629089,0,Budget Shoppers
CUST_01962,51.0,15064.641742116632,North,store,19.303854271746037,11.0,173.85057261257433,33.0,0.0432377730030272,10.879972106906738,50.0,0.3010074584709647,2.0,0.3581871404654898,0,Budget Shoppers
CUST_01963,28.0,44024.99573635757,South,online,28.466792412111896,5.0,50.467287135558976,25.0,0.1862663875020825,8.595271992985904,60.0,0.1662495807471346,1.0,0.0789411641881005,0,Budget Shoppers
CUST_01964,58.0,587943.1229492574,North,online,8.39297322159368,9.0,1098.1645193515944,25.0,0.3235828251943016,7.441987778834829,88.0,0.2113427230199177,1.0,0.1065236953386869,0,Budget Shoppers
CUST_01965,73.0,64162.42574302485,South,mobile,40.778709913977536,10.0,321.543050517758,20.0,0.3081765216097939,10.370138168497,62.0,0.2988204255105524,1.0,0.1161801639744531,0,Budget Shoppers
CUST_01966,20.0,24929.11744291705,South,online,112.41623727314926,11.0,18.837941418250047,33.0,0.058330850907167,3.9793525354657104,39.0,0.1537655639904034,1.0,0.2697352713194141,0,Budget Shoppers
CUST_01967,45.0,18255.06460568444,North,online,21.464636615540567,6.0,88.79479280395483,25.0,0.2307336356898183,3.440395264369733,3.0,0.1757723456320361,0.0,0.2100692457892271,0,Budget Shoppers
CUST_01968,46.0,62301.20130346405,South,store,25.905296322797817,10.0,57.10834634435881,25.0,0.2032001611528704,2.517722277327973,58.0,0.2018523635443086,0.0,0.1876209633032869,0,Budget Shoppers
CUST_01969,26.0,34744.74231025293,West,mobile,9.596617608078368,12.0,147.11057645767508,17.0,0.259610639010651,6.242786829404283,68.0,,3.0,0.2324885220043867,0,Budget Shoppers
CUST_01970,20.0,36862.47786157331,Central,online,77.85408489851852,10.0,130.69065474003685,28.0,0.2172872822997352,11.857154160681912,30.0,,0.0,0.152844466879294,0,Budget Shoppers
CUST_01971,42.0,72797.37003321838,East,store,124.12720516319932,9.0,106.74441628130376,24.0,0.1254995712972967,11.141495342786689,67.0,0.2684654839822005,3.0,0.1316519430812534,0,Budget Shoppers
CUST_01972,51.0,84449.25316914482,South,mobile,54.01086392298899,12.0,42.6361466640197,40.0,0.0354721193928028,5.463657024384659,68.0,0.2976275908797994,1.0,0.0841518329645764,0,Budget Shoppers
CUST_01973,29.0,41484.55540520144,South,mobile,27.39017371860279,5.0,22.59635399219068,21.0,0.0840059750569513,1.336069538108528,58.0,0.3050743350489335,3.0,0.2736142031886209,0,Budget Shoppers
CUST_01974,59.0,57015.273232532185,East,store,109.96444478911152,11.0,199.4257931646412,32.0,0.112087259939089,10.495096326083608,77.0,0.2451247068982925,3.0,0.3605323375722893,0,Budget Shoppers
CUST_01975,26.0,56366.57334834407,South,online,5.847054344683868,6.0,623.6694560337841,32.0,0.3921353815198276,11.071242038790134,53.0,0.3271253374436159,1.0,0.7657663248589283,-1,Noise / Outliers
CUST_01976,32.0,54387.50969667664,East,mobile,22.78599673447033,14.0,24.081029696661684,27.0,0.0492939374106396,2.05639607314332,14.0,0.1356884524851499,2.0,0.1352263298835879,0,Budget Shoppers
CUST_01977,57.0,58893.16647543857,North,online,26.99680561327705,9.0,10.246397056587924,30.0,0.1956326876338651,10.601497145015978,10.0,0.0465949404555331,0.0,0.4142644383461617,0,Budget Shoppers
CUST_01978,42.0,74642.97641248343,West,online,23.69882609116426,13.0,178.01705117236946,21.0,0.1216382913643685,5.355368823309632,78.0,0.2027142038551892,0.0,0.3482445238852452,0,Budget Shoppers
CUST_01979,22.0,43173.6643719489,West,store,56.75610655406944,13.0,54.7787019273851,42.0,0.0966327498585351,0.1399661346541303,81.0,0.1590972130790419,1.0,0.2694122417735693,0,Budget Shoppers
CUST_01980,28.0,24443.894240646536,Central,mobile,38.84594882954803,9.0,31.13910564427678,20.0,0.0886293318050639,11.31750506061654,22.0,,3.0,0.2731805803729213,0,Budget Shoppers
CUST_01981,51.0,95180.21853928274,South,mobile,4.740000326924177,11.0,96.81165611311228,23.0,0.2469027253496203,0.5136369572293189,63.0,0.1141960672831299,4.0,0.1773845011523519,0,Budget Shoppers
CUST_01982,41.0,81967.28233878111,Central,store,14.88683833435697,6.0,146.19675443492298,27.0,0.0643830469895148,0.4152983490684847,61.0,0.5507074127509793,1.0,0.2532181407142558,0,Budget Shoppers
CUST_01983,32.0,33719.966832513244,North,store,14.49411973402281,11.0,31.444304570540616,31.0,0.1018592605099467,11.561736418948534,46.0,0.207961434470413,2.0,0.104652688059345,0,Budget Shoppers
CUST_01984,55.0,60983.90419307097,West,store,29.18522676117757,9.0,676.4753268338619,35.0,0.1990203190691458,2.57503895135562,37.0,0.2908422236067799,2.0,0.2138645157562648,0,Budget Shoppers
CUST_01985,25.0,80235.44762089444,North,online,12.059128581508164,9.0,51.71797822558136,28.0,0.0482540527232068,6.66756423304803,21.0,0.4515775798203829,1.0,0.0875125496089703,0,Budget Shoppers
CUST_01986,22.0,74478.96677957286,North,online,4.365826693947263,8.0,49.17482224362576,22.0,0.0750272258942821,11.31239588251048,89.0,0.3162815524718222,2.0,0.5250876374895385,0,Budget Shoppers
CUST_01987,65.0,68164.29281844427,South,online,37.11399205397485,10.0,71.48888747756936,25.0,0.0374888434421464,11.280113254414456,3.0,0.0950177693149063,3.0,0.2627331638818169,0,Budget Shoppers
CUST_01988,43.0,54255.00838498164,North,online,66.64199196908308,8.0,177.65885856880894,25.0,0.2834348439455061,2.0893870334663776,19.0,0.5333630770700667,0.0,0.1205672743225319,0,Budget Shoppers
CUST_01989,35.0,96000.68635136308,West,online,93.8875285643078,8.0,268.5275194490801,24.0,0.0341879268801071,6.162549524714051,32.0,0.5248286623572928,1.0,0.4991251317837583,0,Budget Shoppers
CUST_01990,23.0,62858.89519410812,Central,mobile,125.87487146433864,13.0,50.90041537224181,29.0,0.0325939183668809,0.0834414906788461,79.0,0.0603138171500323,3.0,0.1689862659013122,0,Budget Shoppers
CUST_01991,54.0,46670.89629494481,West,mobile,53.17260325595608,8.0,,27.0,0.121402444472222,1.0845958690998971,24.0,0.2588651341084846,0.0,0.4149833279399021,0,Budget Shoppers
CUST_01992,65.0,77163.6660346031,South,store,5.266692758929757,6.0,38.46571231882732,24.0,0.0501696355332355,11.377782537758137,73.0,0.3750443197564397,2.0,0.294331387058067,0,Budget Shoppers
CUST_01993,30.0,60113.29012293125,West,mobile,67.13292917739611,2.0,11.445748678164872,33.0,0.2128015255834528,4.981930986758197,74.0,0.1882602673923243,2.0,0.2288472763953201,0,Budget Shoppers
CUST_01994,45.0,65695.54999957969,East,mobile,17.87656785660988,10.0,129.37388958109125,20.0,0.2287143369228556,1.8022813635151864,48.0,0.2858991216825868,0.0,0.644344874433803,0,Budget Shoppers
CUST_01995,22.0,62469.28243500656,Central,online,45.81517172685916,14.0,175.4681239733486,27.0,0.0750779197660295,7.576857358427095,96.0,0.6660098311409983,2.0,0.3802806208163338,0,Budget Shoppers
CUST_01996,30.0,68929.06262287202,East,online,26.52034395564184,6.0,72.90828694445389,30.0,0.1946382955138825,2.079960234217553,58.0,0.2455242587607486,0.0,0.2452420629754316,0,Budget Shoppers
CUST_01997,34.0,36473.96242521745,East,online,61.73268706643308,12.0,396.9233424743904,28.0,0.0918179931653359,11.761704652555974,40.0,0.2039909087484071,1.0,0.3537299104571906,0,Budget Shoppers
CUST_01998,67.0,26075.659482259816,South,mobile,19.39928062017197,6.0,169.02653247577445,38.0,0.2250232641065399,8.050190882599011,7.0,0.4128104537761627,0.0,0.1953769601884157,0,Budget Shoppers
CUST_01999,57.0,89550.91991113886,North,online,2.2324937655283152,17.0,62.07314675375746,21.0,0.1875468137353697,4.424131844839255,46.0,0.4139426505615538,1.0,0.2473722100252206,0,Budget Shoppers
CUST_02000,62.0,63490.86035936172,East,mobile,28.48256754923139,7.0,14.017040395828303,33.0,0.0778832641813753,4.57380559696987,91.0,0.3884923535059195,1.0,0.198768771044222,0,Budget Shoppers
CUST_02001,49.0,74958.64010298873,West,mobile,6.575998569759457,8.0,88.48242100016478,32.0,0.1154897668483314,11.003205464066816,15.0,0.2981493364982887,2.0,0.4616835544629853,0,Budget Shoppers
CUST_02002,46.0,19285.297156092223,North,online,117.85575088999283,7.0,91.1102178213722,27.0,0.075327593357601,10.740306281007172,85.0,0.2815960669967367,1.0,0.2758301072937853,0,Budget Shoppers
CUST_02003,68.0,81467.02839171907,West,online,26.200363301109835,4.0,103.97567959526025,28.0,0.1229799556467253,11.399780917637615,74.0,0.3615235540141978,2.0,0.4600549853040866,0,Budget Shoppers
CUST_02004,20.0,46527.31580217312,West,online,28.225664756201517,8.0,149.12538620859374,27.0,0.2078113826765314,5.44377363930786,87.0,0.5053294754879866,0.0,0.1299747333191425,0,Budget Shoppers
CUST_02005,73.0,40263.20033020103,North,online,83.2305950786976,7.0,39.91588500046828,33.0,0.0471218242685166,10.208995160095055,5.0,0.2755886804475119,3.0,0.2884332723798891,0,Budget Shoppers
CUST_02006,57.0,56605.7903120963,North,mobile,34.29033479421264,4.0,8.0,26.0,0.1483982564663323,5.818021657426928,59.0,0.5156692456311602,1.0,0.3681428995267429,0,Budget Shoppers
CUST_02007,51.0,36484.435368064456,West,mobile,12.620358644517042,7.0,217.8561759836958,30.0,0.1231373012866379,7.59563312749431,70.0,0.0989856602957543,0.0,0.5472208983195713,0,Budget Shoppers
CUST_02008,57.0,57961.90263903665,South,mobile,12.288896580839472,5.0,225.50350198028136,25.0,0.4073487852242067,6.088893683629881,22.0,0.4668367289297315,0.0,0.0928871288933475,0,Budget Shoppers
CUST_02009,44.0,55000.556365681296,Central,store,24.370831630601515,4.0,315.3968443102981,30.0,0.2081183727814249,7.298695882266092,28.0,0.7069721425760198,1.0,0.6377195015619026,0,Budget Shoppers
CUST_02010,30.0,81328.70991514542,Central,mobile,70.50626917351184,11.0,451.74359151099736,24.0,0.0560623255259022,6.113652737330317,54.0,0.0879582160467004,2.0,0.0909443979941798,0,Budget Shoppers
CUST_02011,62.0,91293.57904706831,South,store,55.419905854867615,9.0,22.537774445577654,22.0,0.1957560043060651,1.8581036197287115,19.0,0.2792983944607498,4.0,0.3056972289725376,0,Budget Shoppers
CUST_02012,50.0,90593.34744251485,North,online,115.144772497284,9.0,56.778428842120576,23.0,0.2238929360364976,1.3006271571053345,14.0,0.1672786871964112,0.0,0.1492422123361154,0,Budget Shoppers
CUST_02013,23.0,,West,mobile,2.611029444826125,10.0,247.8089706707904,21.0,0.2079582996307417,11.29313933921301,48.0,0.3068956451185618,0.0,0.1060579107428895,-1,Noise / Outliers
CUST_02014,41.0,37426.32974344773,Central,online,10.934710978370148,6.0,353.35186847907727,29.0,0.0873015042629071,6.116806450968207,7.0,0.3052144996063713,0.0,0.6642209629031893,0,Budget Shoppers
CUST_02015,36.0,12000.0,West,online,2.926259132703756,11.0,8.0,33.0,0.1248692177636471,11.30224064518565,79.0,,0.0,0.4004292442442883,0,Budget Shoppers
CUST_02016,33.0,31742.069962429323,South,online,48.67171683172074,10.0,63.73403512834718,30.0,0.1024263722890918,8.229798829488418,32.0,0.3645389245764747,0.0,0.3397595385324553,0,Budget Shoppers
CUST_02017,57.0,43710.59936011571,West,mobile,5.3127468065445935,12.0,15.644908025919865,26.0,0.1872443226058925,1.0676782088427044,22.0,0.3017182325209758,3.0,0.4822353825206797,0,Budget Shoppers
CUST_02018,45.0,67032.35553499276,South,online,3.683197360454202,6.0,201.93328686457403,25.0,0.2796265979084711,2.4187473214406348,46.0,0.2912148605282085,4.0,0.2734325158294383,0,Budget Shoppers
CUST_02019,50.0,46561.46884116411,North,online,28.86758920111913,6.0,178.7345773189705,26.0,0.0414502369904713,9.21287335781886,85.0,0.1957645882335693,2.0,0.4212384911359211,0,Budget Shoppers
CUST_02020,65.0,47174.45843912979,South,store,18.555333121911534,6.0,182.47515147323463,19.0,0.173509046068248,2.13383024509563,83.0,0.1500325819790342,1.0,0.246841665358729,0,Budget Shoppers
CUST_02021,58.0,61998.82303039479,South,store,43.94676077925958,11.0,64.30864941182047,35.0,0.1976014800107441,0.0926801972379482,13.0,0.2231391197312706,1.0,0.3548960251963539,0,Budget Shoppers
CUST_02022,30.0,20395.18780542816,Central,mobile,23.36283031515469,10.0,67.76806730299889,29.0,0.1652217560446897,1.3412081355013117,22.0,0.2127245684690143,1.0,0.4863021644153956,0,Budget Shoppers
CUST_02023,60.0,39550.950634794994,West,mobile,19.388855973941254,12.0,39.47165252813325,26.0,0.0596655095220401,5.720894952137391,10.0,0.2156696777011025,1.0,0.3381454889183954,0,Budget Shoppers
CUST_02024,62.0,46921.7542320178,Central,store,19.398958698083,7.0,58.198950027689705,20.0,0.1260809032573657,1.959146752115661,44.0,,0.0,0.1712383452658654,0,Budget Shoppers
CUST_02025,42.0,53547.15625011043,East,mobile,71.91658960472776,6.0,530.3155106087299,30.0,0.0743457729180331,0.540183424174479,24.0,0.1973042830472743,1.0,0.3607718353874819,0,Budget Shoppers
CUST_02026,70.0,59692.987784962,South,online,17.601495342377245,8.0,8.0,35.0,0.3435575675602221,8.923115236577102,59.0,0.5622555039356001,1.0,0.0397150798051843,0,Budget Shoppers
CUST_02027,,91014.29537412692,East,store,14.194628151947358,12.0,50.90454311001459,27.0,0.0740505671785031,11.665360390406532,62.0,0.0789467841987654,3.0,0.1249479469345579,0,Budget Shoppers
CUST_02028,53.0,77983.39554378408,Central,mobile,14.46544131628636,12.0,202.83652530925093,33.0,0.2006920144101017,11.741795476042933,72.0,0.1589559219468742,1.0,0.3739379839049656,0,Budget Shoppers
CUST_02029,44.0,41075.17946117744,West,online,7.661624210131334,7.0,62.63748654540219,22.0,0.0822366192637461,10.799804757358292,72.0,0.3788505767712419,3.0,0.1113802857270582,0,Budget Shoppers
CUST_02030,55.0,52250.760692067706,Central,online,68.98658768565708,8.0,389.40468596125874,27.0,0.0448875899689003,0.230222268274844,55.0,0.3615586920960056,0.0,0.3515182704347975,0,Budget Shoppers
CUST_02031,24.0,50752.33898397328,West,online,5.549705609687189,7.0,52.47877747546579,26.0,0.0700980861466119,2.881298163534289,49.0,0.1294055274432786,2.0,0.2966972802094116,0,Budget Shoppers
CUST_02032,22.0,46688.64463654364,West,store,83.74195510868711,9.0,246.41633362468767,27.0,0.0387941057516669,1.652320374363447,50.0,,2.0,0.5933239574620568,0,Budget Shoppers
CUST_02033,60.0,63995.348168060016,North,online,11.666619407030142,7.0,219.4285986106106,18.0,0.1059553469266294,7.682522247735767,19.0,0.1616949172334779,2.0,0.1319446511140144,0,Budget Shoppers
CUST_02034,62.0,17084.849834640016,South,store,80.3904387605513,8.0,8.0,28.0,0.0734131503343184,10.19495559250726,82.0,0.0454326034184879,4.0,0.1825135894282254,0,Budget Shoppers
CUST_02035,74.0,77375.71653614265,Central,store,54.75971527635564,12.0,67.05658672638624,20.0,0.3102945068489541,6.8628246913718005,58.0,0.2272733471894712,2.0,0.3752877246473891,0,Budget Shoppers
CUST_02036,,95258.11739573782,West,mobile,30.52853974510421,9.0,42.8206519478849,27.0,0.1325437687936313,4.160070171523188,97.0,0.2100627258801896,2.0,0.3831264709651385,0,Budget Shoppers
CUST_02037,48.0,52063.508105220026,Central,mobile,38.74702524374996,9.0,84.91261494954456,24.0,0.1667047740263788,10.942886822112762,48.0,0.2692424645488655,0.0,0.3744549259947328,0,Budget Shoppers
CUST_02038,40.0,51633.98264740777,Central,online,13.80028564492038,7.0,80.77302393782327,28.0,0.0510195671228414,6.062198424291594,93.0,0.1356388471736936,1.0,0.2115808088971795,0,Budget Shoppers
CUST_02039,59.0,61454.97343859077,West,online,29.88484555399124,10.0,306.7307944795155,19.0,0.198904494299039,2.0962214448158107,96.0,0.0692503329159828,3.0,0.2240448704488395,0,Budget Shoppers
CUST_02040,27.0,80426.49149312463,East,online,12.105814563239376,3.0,26.36764022703316,24.0,0.1088156140040967,6.4004687384426,72.0,0.2567096870320122,0.0,0.4549927917184292,0,Budget Shoppers
CUST_02041,49.0,50865.53823002067,South,mobile,18.01172938762231,10.0,26.14646000728764,34.0,0.1201554703472221,0.2175665503561719,96.0,0.3855088308021879,3.0,0.1397837158546968,0,Budget Shoppers
CUST_02042,60.0,78546.7936542382,South,online,50.63572008643244,6.0,14.867316041360112,32.0,0.0188640989966786,0.4621652391759032,12.0,0.1378220967847565,2.0,0.2105658733188171,0,Budget Shoppers
CUST_02043,70.0,68746.88279397134,North,online,9.786864691504826,12.0,174.44691253281613,35.0,0.0816919312891374,7.531124672918182,86.0,0.445488602832131,4.0,0.1602609179694508,0,Budget Shoppers
CUST_02044,47.0,,North,online,63.88882316984141,9.0,324.9134330810138,25.0,0.0784086886551777,8.67922577348561,20.0,0.6793787173715291,1.0,0.006136692691076,0,Budget Shoppers
CUST_02045,56.0,50769.43566642949,North,store,16.49960178024914,6.0,59.75626045208357,26.0,0.0449004283482537,1.6598493402914816,45.0,0.2792860656312469,0.0,0.1863512603460063,0,Budget Shoppers
CUST_02046,48.0,14527.99015014166,South,online,26.587757463651844,12.0,8.296094531541376,33.0,0.0398453730460585,6.400993029626129,26.0,0.3769893815705822,2.0,0.3174588723374262,0,Budget Shoppers
CUST_02047,35.0,26475.33934491869,East,store,99.63209380125568,6.0,22.05167475586808,26.0,0.1279143022211873,9.271579660004468,81.0,0.5065263358561682,2.0,0.1099955008828774,0,Budget Shoppers
CUST_02048,53.0,58262.42122280346,South,online,40.0178046098905,5.0,14.04171006313224,23.0,0.3437740954881307,10.588059040551922,98.0,0.1712640562621764,2.0,0.1200985178863031,0,Budget Shoppers
CUST_02049,19.0,80613.40606845653,South,mobile,36.30692328937151,8.0,116.65184381621454,29.0,0.1799212942535108,5.6882546872110265,31.0,0.1558755400368993,2.0,0.3341517342051965,0,Budget Shoppers
CUST_02050,31.0,43644.79891074407,South,online,43.52017840370581,9.0,43.12107783753004,26.0,0.2422660797074615,1.465976705245244,82.0,0.2569702438318932,1.0,0.1902861403896261,0,Budget Shoppers
CUST_02051,30.0,52919.48610274274,South,mobile,87.58381604394108,7.0,296.05962830728083,30.0,0.1231748251558057,0.8302791419667419,59.0,0.5055127582030354,0.0,0.2533605255830419,0,Budget Shoppers
CUST_02052,46.0,73066.54022129466,East,mobile,9.999580935139749,6.0,23.019700648594764,23.0,0.1440102336276642,10.27899673987268,3.0,0.3770352831371449,1.0,0.175397484270883,0,Budget Shoppers
CUST_02053,29.0,36764.88278067393,North,online,33.24839178729839,16.0,345.99383747066315,27.0,0.3277616807566521,0.9315097342972742,18.0,0.0808000360660765,0.0,0.295174641363358,-1,Noise / Outliers
CUST_02054,56.0,44552.073217714,Central,mobile,17.901879214775136,3.0,52.59458834681906,27.0,0.2154088733794122,9.81356704515182,84.0,0.280236600923911,0.0,0.154604350640218,0,Budget Shoppers
CUST_02055,19.0,32310.01287257426,North,mobile,1.0,8.0,262.5620121296657,26.0,0.0476449105084029,5.242638542502338,21.0,0.4305652493993731,2.0,0.576425252446417,0,Budget Shoppers
CUST_02056,49.0,83921.01804341636,North,mobile,4.685636668032007,7.0,386.86037342892894,34.0,0.1093920757909309,5.237245964681729,57.0,0.3554256116420957,1.0,0.2020639574157127,0,Budget Shoppers
CUST_02057,30.0,91916.80185952008,Central,mobile,13.756070340767469,5.0,558.3514842733251,24.0,0.0699323067730368,6.2230757793127935,99.0,0.4318131983803514,1.0,0.0125916666359437,0,Budget Shoppers
CUST_02058,63.0,23252.870231152672,South,online,29.134321357574493,16.0,211.58385561631323,24.0,0.0641178993800504,1.6293966226549168,42.0,0.2591271765227014,2.0,0.3433619460157195,0,Budget Shoppers
CUST_02059,44.0,54871.91902225909,East,mobile,74.6420320160744,6.0,13.940707149853507,27.0,0.1671977234802528,8.910533882581733,62.0,0.2481656975389897,2.0,0.2589533504941165,0,Budget Shoppers
CUST_02060,66.0,88959.69745142879,East,store,54.808851868510914,13.0,8.0,23.0,0.2221273356823216,3.600048379641163,30.0,0.3023522184093574,1.0,0.3699427035596393,0,Budget Shoppers
CUST_02061,58.0,66771.29403968924,North,store,28.208020185136192,6.0,174.984156960054,29.0,0.4198442013887197,7.173347783096516,61.0,0.3318398174561052,0.0,0.104445897248431,0,Budget Shoppers
CUST_02062,34.0,47236.73687401992,Central,store,2.685939083147376,9.0,295.5435365258388,25.0,0.0929540016300949,0.0640074468525728,36.0,0.1387759624147501,4.0,0.0939095249181306,0,Budget Shoppers
CUST_02063,57.0,23984.433368560225,West,online,11.785937775819905,10.0,23.6067167332646,32.0,0.335949090768977,3.378217517217567,55.0,0.3767886420309795,0.0,0.247039112961997,0,Budget Shoppers
CUST_02064,48.0,83364.78014010302,South,mobile,15.988864179343537,16.0,368.0770119548698,28.0,0.1735013471777971,0.4857489038791893,4.0,,2.0,0.0832265110774624,0,Budget Shoppers
CUST_02065,51.0,65931.33472877895,North,mobile,34.02396115382984,8.0,122.48506251096155,29.0,0.1422494852719382,3.763324031318864,15.0,0.1994256933049758,3.0,0.3400892841825896,0,Budget Shoppers
CUST_02066,41.0,25594.29946968138,East,online,2.349447323196632,5.0,17.21197581090364,28.0,0.1382827649961743,1.5142344318648058,71.0,0.0526356026431116,1.0,0.0763140602832616,0,Budget Shoppers
CUST_02067,62.0,84177.6031852498,Central,store,26.440207051457573,9.0,23.759066968460523,32.0,0.1234329120440674,0.8405185704916804,96.0,0.2117734806410229,2.0,0.3445759448012804,0,Budget Shoppers
CUST_02068,52.0,22791.121641326863,Central,mobile,81.10687068427652,6.0,8.870052868058798,30.0,0.1195316205584122,10.175729869797577,97.0,0.1059611845237097,1.0,0.2890629216797127,0,Budget Shoppers
CUST_02069,65.0,53149.30460831695,North,online,42.778671756491214,10.0,20.093917995325032,26.0,0.0485944036113949,4.37880820404685,57.0,0.2466647727494179,2.0,0.1592481871468901,0,Budget Shoppers
CUST_02070,23.0,52178.47652581316,West,online,55.82247051456572,12.0,171.24001158642224,21.0,0.1457584365667114,9.904031907564562,63.0,0.5521835876101538,3.0,0.3770682891667199,0,Budget Shoppers
CUST_02071,36.0,93604.38923465238,East,store,40.06395548078366,14.0,32.09453055162772,20.0,0.148592530331783,10.71193147883757,77.0,0.1832672871326503,3.0,0.1355393927443684,0,Budget Shoppers
CUST_02072,47.0,52256.98377863664,North,online,8.099491679897286,11.0,107.21711750637444,27.0,0.1223276628835977,6.072631229195599,64.0,0.5265993936016334,2.0,0.3498614734224337,0,Budget Shoppers
CUST_02073,24.0,52177.86090138405,West,online,4.097715374253301,10.0,165.98853084477528,18.0,0.549511297146966,6.81399106926159,17.0,0.4600358121158374,2.0,0.7349144011257743,0,Budget Shoppers
CUST_02074,27.0,28012.276412250736,Central,online,61.913784798993326,5.0,293.33760824171344,26.0,0.0755853132274426,7.758703493635269,53.0,0.4062884234263798,0.0,0.4317794933701526,0,Budget Shoppers
CUST_02075,58.0,43911.251060710674,South,online,41.618456604682926,12.0,115.8845696226618,26.0,0.2557390822664999,7.736504335903774,40.0,0.1955096127792863,2.0,0.3733596996757958,0,Budget Shoppers
CUST_02076,49.0,40019.49986062587,East,store,29.953383768786544,9.0,109.6306979670809,34.0,0.2857635335800484,6.362108674440956,70.0,0.1661520405584095,0.0,0.2419595581087607,0,Budget Shoppers
CUST_02077,51.0,41165.10794789676,East,online,7.344262489109355,14.0,317.1759838980104,37.0,0.0730142472192231,7.132194626727343,50.0,0.5207129686663199,1.0,0.2228193757876043,0,Budget Shoppers
CUST_02078,45.0,58138.25954762121,West,mobile,32.36409072014939,15.0,45.4249335404961,21.0,0.0882406322460274,5.293226661146283,68.0,0.2336210043121693,0.0,0.6106021520617839,0,Budget Shoppers
CUST_02079,32.0,12000.0,North,store,1.113798067713564,13.0,29.61156615105097,28.0,0.1443985502136164,10.993733308316898,15.0,0.2535170279295827,2.0,0.4344693778562573,-1,Noise / Outliers
CUST_02080,47.0,24774.93460082825,Central,mobile,4.428027638397507,8.0,268.0551780239172,29.0,0.0961679723643011,8.65562305484494,72.0,0.1623180725781492,3.0,0.3509835109676709,0,Budget Shoppers
CUST_02081,54.0,55557.5847806426,West,online,13.0832375734238,11.0,10.067974312772536,20.0,0.1461217436890725,3.779058116160778,34.0,0.4521783088582035,2.0,0.0747032850169629,0,Budget Shoppers
CUST_02082,46.0,60667.603028286496,South,mobile,20.52807299923588,5.0,27.34272565086985,25.0,0.0188568047302322,4.020311310171932,30.0,,0.0,0.2795323782934009,0,Budget Shoppers
CUST_02083,39.0,52864.4784298343,South,online,4.496626745324479,12.0,68.86864538481014,26.0,0.0508450597437359,5.462726492184374,87.0,0.302355899065659,1.0,0.5033822133621702,0,Budget Shoppers
CUST_02084,21.0,57102.52122473086,South,online,4.471789032577061,9.0,58.27159578794019,33.0,0.0147414271323649,0.3798671698677527,73.0,0.1653639111804541,1.0,0.196604286969961,0,Budget Shoppers
CUST_02085,37.0,48999.43449958447,West,mobile,45.29837017389917,8.0,159.18350597874456,31.0,0.1291270389733579,11.896566857332862,24.0,0.1798446852102588,1.0,0.2400879019077305,0,Budget Shoppers
CUST_02086,49.0,57592.89872894742,Central,store,29.516120905695185,10.0,12.518776132026456,34.0,0.0572872048918473,5.614109777890748,8.0,0.6451868915447475,0.0,0.0507447396515507,0,Budget Shoppers
CUST_02087,53.0,67551.12884576875,East,mobile,26.70556380686418,4.0,84.30182984332775,28.0,0.2579616125332773,9.300720990969925,57.0,0.1695686651047879,1.0,0.0564405546474124,0,Budget Shoppers
CUST_02088,67.0,67396.94203112854,North,store,21.07956132895533,8.0,214.91006570650964,27.0,0.0930472604870259,1.8982114343897205,70.0,0.3499873879671102,2.0,0.3264256514898149,0,Budget Shoppers
CUST_02089,21.0,,East,mobile,131.34067991723117,8.0,149.49191480811717,34.0,0.3114997576286961,7.31053572740456,25.0,0.2465673145885146,0.0,0.0832684550666931,0,Budget Shoppers
CUST_02090,44.0,78132.0842708249,Central,mobile,1.7879080782582892,4.0,129.83349085965415,17.0,0.2662495817664557,4.580493108460383,77.0,0.3574385656962597,1.0,0.1244909174216814,0,Budget Shoppers
CUST_02091,34.0,61456.39127907303,East,store,6.972562812165319,8.0,35.567339291267714,27.0,0.1242353494957153,10.679118570520272,34.0,0.3359697566066265,1.0,0.0551991609612161,0,Budget Shoppers
CUST_02092,,85108.70703947492,West,online,36.49543323243958,10.0,65.03502330727747,26.0,0.2321852478953806,11.190466621079068,25.0,0.1143158833747376,2.0,0.1799690091641647,0,Budget Shoppers
CUST_02093,39.0,89523.1934878758,South,online,5.131203358150918,10.0,25.91337398683564,29.0,0.0524890027440913,7.4978050679762624,18.0,0.5037786882004468,3.0,0.2534483694090038,0,Budget Shoppers
CUST_02094,34.0,26260.01212978859,Central,mobile,31.15312727635373,10.0,92.4506079842031,24.0,0.0343959332293194,0.7312441413440607,73.0,0.2145266682911314,2.0,0.3205709813285837,0,Budget Shoppers
CUST_02095,27.0,39101.3941448884,Central,mobile,29.35719936229505,8.0,114.07170086949507,33.0,0.0123903869957352,5.599301535906376,97.0,0.1129989783205354,4.0,0.3389985250386833,0,Budget Shoppers
CUST_02096,71.0,75898.05687935211,East,online,123.92233739085265,7.0,129.668456831617,30.0,0.290520856726813,0.2031555380074432,70.0,0.3518655690275251,1.0,0.6978185142321404,0,Budget Shoppers
CUST_02097,18.0,21372.36675716316,West,online,75.21115420919904,3.0,271.32518987129663,33.0,0.1366439058049135,6.216142656172959,14.0,0.2833144733193283,1.0,0.2310838879103358,0,Budget Shoppers
CUST_02098,39.0,89243.89317925421,East,online,101.86868444757906,8.0,8.297109233785307,25.0,0.1086209652070606,6.017004252762033,6.0,0.2545771493150982,1.0,0.4304730524308477,0,Budget Shoppers
CUST_02099,43.0,50434.59171412142,East,mobile,4.220637264750133,10.0,63.899387314626296,25.0,0.2678437558992161,5.007152893226886,82.0,0.3160405708848551,0.0,0.1086348320317248,0,Budget Shoppers
CUST_02100,,70650.7267723984,Central,store,70.91274798303385,10.0,116.2159100240242,23.0,0.1581221877871555,4.044091054606409,90.0,0.1792135014581466,0.0,0.3721592509022031,0,Budget Shoppers
CUST_02101,35.0,55439.40541706293,East,store,4.837608887566018,13.0,109.75325256756702,32.0,0.1976736098102678,6.947578540511396,36.0,0.3715235205463232,1.0,0.4428265819341838,0,Budget Shoppers
CUST_02102,67.0,27367.430388758883,South,mobile,35.077302693763805,10.0,8.0,21.0,0.0753916605984543,2.121476932603354,36.0,0.2739495544112241,1.0,0.4804775770504726,0,Budget Shoppers
CUST_02103,31.0,81221.98124690345,East,store,44.56357010209168,7.0,27.28289188649937,30.0,0.0328605300224354,0.3158996129171494,75.0,0.5259136701181348,0.0,0.388303013067278,0,Budget Shoppers
CUST_02104,64.0,118515.90667182126,South,online,6.1379490521433775,9.0,242.98908274563533,25.0,0.152890253799851,9.440348984543627,18.0,0.0660942157452304,2.0,0.267054247785606,0,Budget Shoppers
CUST_02105,46.0,46669.817920174784,Central,online,35.051300563741904,7.0,94.17389746249766,19.0,0.1324612945416996,9.427107815148396,15.0,0.2733713029674045,1.0,0.1881028904036111,0,Budget Shoppers
CUST_02106,29.0,50908.11188140466,West,online,1.8860326365900848,8.0,69.37880264631144,26.0,0.1231538893408675,6.952817898581905,94.0,0.1114108988272309,2.0,0.5674862563823823,0,Budget Shoppers
CUST_02107,53.0,12000.0,South,mobile,12.14853649894851,9.0,,28.0,0.1286714908938203,9.96105966663133,89.0,0.2993237076907116,2.0,0.106701872206552,0,Budget Shoppers
CUST_02108,52.0,87733.06387603466,West,online,88.91104929230035,11.0,10.128264322501586,26.0,0.1252598044881107,6.155333695684584,16.0,0.3048925933832088,3.0,0.1104506050054955,0,Budget Shoppers
CUST_02109,69.0,78058.83710252406,West,mobile,6.594612318320738,10.0,332.1543751711919,23.0,0.0696532656477274,0.0785706487573709,76.0,,4.0,0.0948738645505561,0,Budget Shoppers
CUST_02110,29.0,158924.44027833507,South,mobile,2.362414368026227,6.0,8.0,24.0,0.0537999302179525,1.7793259635080587,14.0,0.0761636723594548,4.0,0.1269781558577112,0,Budget Shoppers
CUST_02111,,12572.519834968502,Central,online,20.524293109621528,10.0,107.51882124335688,28.0,0.0680265444995665,5.5148278954607415,47.0,0.2781429648135157,2.0,0.226439465374501,0,Budget Shoppers
CUST_02112,46.0,15116.911770364168,North,store,66.54374619912916,8.0,105.28514867732603,31.0,0.2516628339325703,10.347300876337243,54.0,0.479655452344822,1.0,0.5267842806943841,0,Budget Shoppers
CUST_02113,28.0,72193.720758202,West,mobile,2.791990542088074,9.0,132.47863606294828,22.0,0.1659233916210587,2.706985517108285,58.0,0.3879908627508486,1.0,0.3503370954478494,0,Budget Shoppers
CUST_02114,50.0,74389.81123150981,West,online,15.376736566090576,11.0,8.0,27.0,0.0398337643069094,0.4085389232147935,77.0,0.3652959195596335,4.0,0.1359169940407912,0,Budget Shoppers
CUST_02115,23.0,37686.65322388666,Central,online,80.5117589416787,13.0,98.29654010882706,30.0,0.3406052309563493,4.950027381752837,30.0,0.1353670856557799,0.0,0.3081652851193187,0,Budget Shoppers
CUST_02116,64.0,68983.72069042157,Central,mobile,4.40088596534737,3.0,15.67836428265898,25.0,0.1247491511095877,0.8006596081553967,100.0,0.5030926747804375,2.0,0.2842125877633067,0,Budget Shoppers
CUST_02117,32.0,61495.29666180536,East,online,13.02115500616978,9.0,22.04514388395268,17.0,0.143054290897717,6.605127938662236,46.0,0.2148441943623157,1.0,0.2048660203133218,0,Budget Shoppers
CUST_02118,49.0,49920.06644920719,Central,online,52.74410192730556,5.0,31.528085103055464,23.0,0.0330663161408997,0.667454806800563,16.0,0.2240412228305344,0.0,0.2585160778595742,0,Budget Shoppers
CUST_02119,68.0,79344.3301870766,West,mobile,27.42367856672636,5.0,123.4724708468253,30.0,0.1108415772310764,0.1995276747122671,1.0,0.1622339636733065,2.0,0.2236986492223528,0,Budget Shoppers
CUST_02120,28.0,31491.416772983157,South,store,62.50216868869689,5.0,64.27741695919026,29.0,0.1764902284181106,11.318975823497858,41.0,0.1516057976549731,1.0,0.4824789336315229,0,Budget Shoppers
CUST_02121,40.0,83245.86269906569,North,online,4.1414800456081045,9.0,11.5960062408676,23.0,0.1606862169316155,7.983550016206685,93.0,0.4700838573765058,1.0,0.4673665071102634,0,Budget Shoppers
CUST_02122,43.0,41972.52581168424,East,store,88.64379617043404,7.0,44.34319454765208,21.0,0.1245448399986767,1.4338617888417984,27.0,0.4463693552462515,1.0,0.3316993245923439,0,Budget Shoppers
CUST_02123,51.0,97193.80700327498,South,store,95.62041725357376,9.0,10.36306256375314,41.0,0.136398825610037,6.674532242814061,77.0,0.3621996299541942,1.0,0.0158205000320074,0,Budget Shoppers
CUST_02124,63.0,35883.26748340773,North,online,5.907620540413332,8.0,141.83306692265631,36.0,0.0674093431081734,3.100602583733179,62.0,0.1010189124759599,1.0,0.4194977575724483,0,Budget Shoppers
CUST_02125,51.0,,North,mobile,1.2061886985870978,5.0,105.98071173124607,26.0,0.146112983487562,9.133014230466848,81.0,0.637933253865232,3.0,0.2401918242385377,0,Budget Shoppers
CUST_02126,46.0,59288.91702593177,North,online,160.63015028662548,10.0,,21.0,0.1438112821668298,9.770386568878754,28.0,0.2840397223160174,1.0,0.0738270974993678,0,Budget Shoppers
CUST_02127,21.0,59151.00805209463,South,online,23.03930489484248,12.0,341.4593211333011,37.0,0.0982097463082114,6.091277733618399,20.0,0.3364996510334302,1.0,0.3497603827443769,0,Budget Shoppers
CUST_02128,34.0,68798.2270135981,East,mobile,29.708289680101306,7.0,95.07116203462898,22.0,0.1408571138560612,4.913935076342017,55.0,0.1516957151001189,1.0,0.1939173543499249,0,Budget Shoppers
CUST_02129,52.0,29714.9867985731,East,mobile,33.49026337137395,11.0,284.06536690396695,21.0,0.0684874770224534,3.806352626575624,51.0,0.0790702003635592,2.0,0.2790248606766828,0,Budget Shoppers
CUST_02130,30.0,57179.12701857403,North,online,54.56745855798895,13.0,112.4921819718613,32.0,0.4293408152933627,0.3940806842267257,69.0,0.2493011844167451,2.0,0.2890305992735492,0,Budget Shoppers
CUST_02131,58.0,61038.89754085986,South,store,58.49372633170981,4.0,61.47392947028849,34.0,0.054463420227046,6.728704722868441,88.0,0.5892355678411781,0.0,0.1019149337194669,0,Budget Shoppers
CUST_02132,56.0,46389.75907138121,North,mobile,7.545256844367365,12.0,100.66555952496655,34.0,0.0557750148285743,6.107124169135261,73.0,0.1564276424721828,1.0,0.5342429160933264,0,Budget Shoppers
CUST_02133,32.0,535114.3166728575,Central,store,9.450744361107247,9.0,21.412612659894183,25.0,0.2709620359106903,2.556298131580262,97.0,0.2566763551529322,1.0,0.3125376888618854,0,Budget Shoppers
CUST_02134,72.0,28379.86190326882,East,online,73.29750245730514,14.0,146.012318992943,31.0,0.1956293000377757,6.384615014033388,34.0,0.3311290215662286,1.0,0.4051304317186525,0,Budget Shoppers
CUST_02135,46.0,50818.01444088496,West,store,59.92427137235433,13.0,523.2252896168928,36.0,0.0929480360766279,5.611582746323448,27.0,0.3996878257221454,4.0,0.1058359096540827,0,Budget Shoppers
CUST_02136,46.0,41429.94926311935,North,online,33.64685740742816,7.0,36.95536608003034,21.0,0.0399232250769551,3.128146312848461,97.0,0.0787840114845512,2.0,0.0917105518374748,0,Budget Shoppers
CUST_02137,28.0,50884.519549921584,Central,online,183.3961435361936,4.0,50.74887938510878,25.0,0.0165611368463616,8.917166251535733,38.0,0.5254001390413207,1.0,0.1868881484718963,0,Budget Shoppers
CUST_02138,69.0,89834.78011826647,East,mobile,46.50519372177334,7.0,67.73390189939693,28.0,0.0418466357136234,2.9505476877375463,29.0,0.0944540798985861,1.0,0.2932770460814613,0,Budget Shoppers
CUST_02139,49.0,90262.0259754628,South,mobile,8.509832673568015,14.0,85.88401744656717,30.0,0.0649206659883537,5.412477144541024,35.0,0.21235539851868,1.0,0.4524581858325601,0,Budget Shoppers
CUST_02140,19.0,,East,mobile,65.62477888765292,8.0,165.06974111202211,20.0,0.1646533776573536,6.401028520142756,20.0,0.1129326788054056,2.0,0.1644547969648753,0,Budget Shoppers
CUST_02141,64.0,47830.33983822127,South,online,18.74902765090634,8.0,19.10504818996304,28.0,0.212375313085364,9.736190704721183,19.0,0.2341765381843104,3.0,0.2998532680813461,0,Budget Shoppers
CUST_02142,31.0,77967.60208960455,South,online,1.2887825464311269,7.0,46.82643745884538,37.0,0.1331055901279806,5.046596998659866,5.0,0.4133143424051778,2.0,0.1236558329662827,0,Budget Shoppers
CUST_02143,37.0,60471.96679236769,North,mobile,13.571417390246229,12.0,100.57355772548313,35.0,0.1391932048192796,2.4839857835769314,25.0,0.076428918027828,1.0,0.1260937476676026,0,Budget Shoppers
CUST_02144,39.0,59002.97347706619,North,online,50.47083051567775,8.0,115.77383086954312,32.0,0.2550052186992697,0.1778045575489639,93.0,0.5686618025845355,1.0,0.1673563652725006,0,Budget Shoppers
CUST_02145,28.0,56298.05035237828,East,mobile,112.8415518409834,6.0,99.99988513389496,32.0,0.1592536826360855,3.024709612284296,26.0,0.404008773150617,4.0,0.4365930269446375,0,Budget Shoppers
CUST_02146,44.0,96685.19286234074,Central,online,11.310331363031256,13.0,74.3333791542671,24.0,0.0896550664629502,9.006308425193058,51.0,0.3261266267186023,0.0,0.1202841450579292,0,Budget Shoppers
CUST_02147,20.0,88048.4493222422,East,store,9.906677407465912,5.0,161.5865861011198,25.0,0.0785715960237508,9.845679300990868,66.0,0.4005369722215508,2.0,0.2999282420403447,0,Budget Shoppers
CUST_02148,34.0,74387.72120583615,West,mobile,29.02319109343832,11.0,29.737845482575672,24.0,0.0588690182923275,7.2082762601194865,61.0,0.280350108793331,1.0,0.3016550915275929,0,Budget Shoppers
CUST_02149,61.0,54253.378758766215,South,mobile,58.43716701630108,11.0,43.19896086835655,24.0,0.1589008628758733,11.379939925835552,15.0,0.2228566621195962,0.0,0.4233959815619515,0,Budget Shoppers
CUST_02150,73.0,58870.33668160037,South,store,48.03724699839543,2.0,76.42140212294423,26.0,0.2030810537731294,6.266168519760374,45.0,0.3346006140387361,1.0,0.4911601886990712,0,Budget Shoppers
CUST_02151,45.0,69672.46529983016,North,mobile,28.73105036078612,13.0,154.58221028058526,32.0,0.0763508897203526,5.751901113798345,6.0,0.2951575957149281,3.0,0.3723430361030415,0,Budget Shoppers
CUST_02152,46.0,46524.60393921151,Central,online,34.930533424101924,8.0,11.172217313324571,37.0,0.1043211183949757,9.99404476906236,58.0,0.4330751698278059,1.0,0.3503551133270475,0,Budget Shoppers
CUST_02153,38.0,78642.94575121909,North,online,9.702085834864183,13.0,15.9803934724871,19.0,0.1764236020764724,2.0039410991244315,1.0,0.1601063774616135,2.0,0.3524120903716384,0,Budget Shoppers
CUST_02154,64.0,,West,mobile,19.832589057119097,13.0,198.2675589804643,14.0,0.0723303262513417,0.1816731769860839,73.0,0.3526492957638938,2.0,0.4560900833875121,0,Budget Shoppers
CUST_02155,33.0,66620.56113594292,East,online,10.320168422348166,8.0,39.31153325498641,27.0,0.0920952107245446,10.5815603727332,43.0,0.1285912931213439,1.0,0.105594711453411,0,Budget Shoppers
CUST_02156,54.0,12000.0,East,mobile,75.52211892993508,17.0,430.3105243396415,28.0,0.1656917253448728,6.409338499136876,16.0,,2.0,0.2717266105056135,-1,Noise / Outliers
CUST_02157,37.0,45886.39241475314,Central,online,4.179286169398512,16.0,423.1019818491635,29.0,0.2204344821361997,8.938762457159571,14.0,,0.0,0.1100878041334431,-1,Noise / Outliers
CUST_02158,23.0,103708.89692422777,North,online,39.851834924132,3.0,150.56432369374824,28.0,0.4728018860113979,7.5470666782747635,74.0,0.2498292909458543,1.0,0.2684475651924105,-1,Noise / Outliers
CUST_02159,36.0,80796.21287662204,North,mobile,10.552075271621682,14.0,164.04186494261953,26.0,0.1279962777692845,7.966650687792039,19.0,0.243904553099195,0.0,0.1444036751227639,0,Budget Shoppers
CUST_02160,74.0,91780.30589855953,West,store,22.5910107388128,7.0,136.8489201315956,20.0,0.1826407911587002,7.048060770891237,51.0,0.1878110081142297,4.0,0.3721148608992586,0,Budget Shoppers
CUST_02161,22.0,43319.2313182036,East,mobile,12.454274358555598,3.0,25.37616507893571,19.0,0.0230739062690178,8.702405292310885,8.0,0.2081670035960106,1.0,0.2677435822054373,0,Budget Shoppers
CUST_02162,20.0,60283.0024096096,North,store,13.665625076673074,8.0,90.22765739218356,29.0,0.1181714687375242,1.3619042079028487,48.0,0.1857846469905259,3.0,0.2403441577740839,0,Budget Shoppers
CUST_02163,18.0,86203.8295680747,Central,store,10.557271666954476,6.0,204.76492451963324,25.0,0.0170097497215866,3.0111039684127445,12.0,,1.0,0.0447720717058786,0,Budget Shoppers
CUST_02164,55.0,71928.0885635183,East,online,48.91351212537369,4.0,193.72928220490215,27.0,0.0713902264110952,5.749616051726127,70.0,0.3638604566916516,5.0,0.2827275236503762,0,Budget Shoppers
CUST_02165,32.0,69188.44930188303,West,online,15.934038755207396,18.0,297.7476672114545,27.0,0.0484560289324511,8.597524183161793,35.0,0.2626482879119801,2.0,0.1316873607276445,0,Budget Shoppers
CUST_02166,51.0,93872.8033472614,Central,mobile,45.35758523009914,8.0,300.3778519698033,22.0,0.1167007889535534,3.701976447785957,70.0,0.4728327912444039,1.0,0.2303047798367722,0,Budget Shoppers
CUST_02167,52.0,35109.990756493586,South,store,21.312710593107933,10.0,39.40487941502156,30.0,0.0793405868983849,9.686628896025606,6.0,0.3683399552998873,0.0,0.2702020408324195,0,Budget Shoppers
CUST_02168,66.0,53946.76313219893,West,mobile,27.73422541214193,10.0,166.28681102320266,29.0,0.1258633665061146,0.7840696261410995,99.0,0.2425029768874028,0.0,0.5390601842221302,0,Budget Shoppers
CUST_02169,42.0,19410.117621274207,Central,store,27.429539750339732,6.0,136.97552240287638,27.0,0.0888064326800047,9.490808857330483,11.0,0.2233207472531246,0.0,0.269860622200358,0,Budget Shoppers
CUST_02170,41.0,33907.66685741677,North,online,130.3244951320996,8.0,282.1088715430829,25.0,0.2300481298361439,8.388710865944065,38.0,0.2888659302443606,0.0,0.7087622505570942,0,Budget Shoppers
CUST_02171,29.0,81632.07862793736,South,online,16.008423477053878,10.0,26.350610692092268,23.0,0.0777870717275965,0.783144674956755,91.0,0.0740199250992271,5.0,0.1423070506018708,0,Budget Shoppers
CUST_02172,35.0,37818.316143773285,West,mobile,8.147828403662668,5.0,175.01590383355207,37.0,0.1539483295971192,0.3796247568662871,26.0,0.3448059823678096,2.0,0.1621377026930114,0,Budget Shoppers
CUST_02173,32.0,74181.53359075214,North,online,84.98199293782577,11.0,71.56353875575023,32.0,0.3381008585966709,10.078868223444346,28.0,,2.0,0.222289556084911,0,Budget Shoppers
CUST_02174,,94486.67092329776,South,online,6.726198877617303,8.0,65.21798365839332,31.0,0.1679491685735558,1.7375296570439978,72.0,0.0647029500332824,1.0,0.4977680907158676,0,Budget Shoppers
CUST_02175,33.0,54085.36015017735,East,online,62.94113015908578,6.0,8.0,23.0,0.1279153977311326,3.039642109301913,89.0,0.4618815488158589,3.0,0.3345400628741241,0,Budget Shoppers
CUST_02176,44.0,69436.99567559588,North,online,5.697012288032306,6.0,423.2890207522896,29.0,0.0262043761997419,10.755490936179685,83.0,0.4467301701960562,2.0,0.3916370582040898,0,Budget Shoppers
CUST_02177,25.0,,Central,mobile,37.62726534895851,8.0,146.4186934795705,29.0,0.0864443457894965,4.114510462300865,80.0,0.1829243943152918,2.0,0.35016712173894,0,Budget Shoppers
CUST_02178,63.0,,West,store,5.71043840117549,12.0,116.13062442257836,37.0,0.0774134353820103,6.365218719653776,50.0,0.1843814198374059,1.0,0.5824161835184163,0,Budget Shoppers
CUST_02179,42.0,44438.04840337696,South,store,89.77727549917383,10.0,37.600902213169725,22.0,0.2200346555451476,0.3721932386904081,58.0,0.3273441700364946,1.0,0.3823173710679051,0,Budget Shoppers
CUST_02180,34.0,35919.453343220346,North,mobile,29.13499010295819,7.0,139.65220598847756,29.0,0.1504565581305294,6.828146302126285,26.0,0.1247618995217198,2.0,0.3482283780261054,0,Budget Shoppers
CUST_02181,46.0,46192.09157817337,East,online,13.97880159652816,13.0,378.4875180213816,30.0,0.1777120473423224,8.562301838212214,44.0,0.6786755235100184,2.0,0.3519120277264303,-1,Noise / Outliers
CUST_02182,70.0,73754.43535778418,West,mobile,5.2919397968419535,10.0,23.17575799675286,30.0,0.2346610816701818,6.7812956434465645,15.0,,1.0,0.2793599893426016,0,Budget Shoppers
CUST_02183,25.0,44905.67191926959,West,online,16.237539179655478,8.0,536.0258982470211,21.0,0.1726349751395696,9.70416452377328,76.0,0.0881089975456623,2.0,0.3263589268785389,0,Budget Shoppers
CUST_02184,32.0,57226.62900750003,North,online,42.72967439153573,7.0,72.4904867618058,38.0,0.2538292731348924,9.318658265028542,24.0,,1.0,0.3957658201190756,0,Budget Shoppers
CUST_02185,44.0,35065.84442751282,East,online,17.011860279180322,8.0,497.5336513841417,39.0,0.1137707469343065,5.749317525683205,77.0,0.1762569534703663,2.0,0.0992757540348242,0,Budget Shoppers
CUST_02186,63.0,,South,store,9.88707186954926,5.0,130.61881895480846,27.0,0.1932022986644467,7.741281138574582,59.0,0.2135642929033807,0.0,0.4978671146349505,0,Budget Shoppers
CUST_02187,67.0,46007.580215086586,North,store,30.14730360543976,8.0,50.92362381730324,30.0,0.0480759158703829,3.319645405197768,57.0,0.1770244547684657,3.0,0.2396214862596061,0,Budget Shoppers
CUST_02188,69.0,91505.572142019,South,mobile,18.93425741572988,5.0,60.98486948703717,24.0,0.1671409833224289,4.303479900635661,17.0,0.4112121880134807,2.0,0.5360067972518244,0,Budget Shoppers
CUST_02189,24.0,59340.44006468592,West,mobile,6.345135044818641,5.0,44.62536794050646,29.0,0.1004520237439265,7.462614007767392,77.0,0.4546026816733648,1.0,0.1492401260570816,0,Budget Shoppers
CUST_02190,20.0,27046.00928481225,South,online,5.852760325550023,13.0,52.99229234029507,26.0,0.1707163793537754,7.924959068757626,81.0,,0.0,0.2147465243139233,0,Budget Shoppers
CUST_02191,46.0,54237.411575996266,East,mobile,43.02062354776409,9.0,135.19652349288884,31.0,0.1051199213148062,1.0242858236633978,1.0,0.3324224176528008,0.0,0.5608767033761558,0,Budget Shoppers
CUST_02192,61.0,34618.90979574438,Central,mobile,128.65442277188276,8.0,8.0,27.0,0.0537669289080672,9.83087012373518,11.0,0.3821033202668421,0.0,0.0904826024244323,0,Budget Shoppers
CUST_02193,70.0,70965.68630231936,East,online,9.288689652760995,12.0,445.9726711708946,24.0,0.0878738202364734,7.646079512965011,20.0,0.5141711285802566,2.0,0.5360644776903184,0,Budget Shoppers
CUST_02194,41.0,52250.01878880894,South,online,51.92110367771626,15.0,190.22855809035,27.0,0.1458161196869666,3.92822405207308,31.0,0.0845744502423804,1.0,0.3290307480294359,0,Budget Shoppers
CUST_02195,20.0,61590.62561060179,North,store,3.208944709429088,9.0,367.94880080247935,20.0,0.1365591120701336,2.7163268082009258,99.0,0.4206929103016796,0.0,0.3652862809339094,-1,Noise / Outliers
CUST_02196,37.0,49874.23157897562,West,mobile,16.820329460776474,5.0,164.34979174320594,25.0,0.0732882724648004,7.237013007934485,39.0,0.2146663378797396,0.0,0.0453692785203522,0,Budget Shoppers
CUST_02197,63.0,45782.46931500684,Central,store,24.731481419058927,6.0,85.26911257193152,33.0,0.0802942877083905,8.350660071186077,63.0,0.361924829089562,1.0,0.1181015927602564,0,Budget Shoppers
CUST_02198,32.0,36580.31578845621,North,store,10.95484960721489,10.0,27.34999972599121,30.0,0.1675150407065688,11.140868199224334,6.0,0.2406172062545936,1.0,0.3913797964977314,0,Budget Shoppers
CUST_02199,42.0,76396.90461007365,North,store,26.39441000664308,10.0,94.4235431712522,26.0,0.2964627062735959,2.219897086821131,99.0,0.3678244775059064,1.0,0.0697739254227156,0,Budget Shoppers
CUST_02200,47.0,54190.63176040665,East,online,74.98019453255286,10.0,161.68597097955384,31.0,0.0706732859628536,6.035022658154851,28.0,0.6018764181743258,2.0,0.1677454785576743,0,Budget Shoppers
CUST_02201,31.0,51076.80033863555,South,online,101.15892804823224,3.0,250.3021030052637,32.0,0.3184621057838955,11.462156056467396,51.0,0.1863104672304445,0.0,0.240970523755727,-1,Noise / Outliers
CUST_02202,24.0,53639.29423427248,East,online,3.709284089332191,8.0,50.92829866895489,34.0,0.1554647159382975,10.914389402670793,53.0,0.2164751108332912,0.0,0.596283986067215,0,Budget Shoppers
CUST_02203,34.0,43065.04054331296,South,online,11.1034918411606,13.0,92.86310636596372,26.0,0.0669076720441321,5.734732865392066,44.0,,3.0,0.2249376384771859,0,Budget Shoppers
CUST_02204,61.0,51150.26861092744,East,mobile,135.4370600097619,9.0,125.77937668137852,28.0,0.0554028557393973,6.624473776520345,65.0,0.0959941831301531,2.0,0.1564970855021034,0,Budget Shoppers
CUST_02205,37.0,62523.85592325673,North,mobile,11.03494259336328,3.0,115.4623388668707,36.0,0.1674448497815091,10.99802036425039,80.0,0.2900236544526621,2.0,0.2538107313000609,0,Budget Shoppers
CUST_02206,53.0,35248.98602075117,West,mobile,41.29841561468695,12.0,8.0,23.0,0.0664674684792265,0.3854951771921744,12.0,0.2390871962172617,1.0,0.4341129761008414,0,Budget Shoppers
CUST_02207,26.0,38434.25615225743,South,online,10.230417152991969,1.0,85.86167977881694,26.0,0.1113597999996936,11.714414098301171,28.0,0.1620813806590539,2.0,0.1619814885792526,0,Budget Shoppers
CUST_02208,55.0,88322.25005969882,Central,store,15.42185419487664,4.0,215.23395096058195,36.0,0.0885692682524823,11.723929355883602,79.0,0.4877174374922472,2.0,0.4724140028835423,0,Budget Shoppers
CUST_02209,65.0,50019.35627840977,Central,online,7.430544682730938,18.0,210.73311577695944,28.0,0.1189045280863399,11.332384920174118,72.0,0.1797836029327371,2.0,0.0305172773883817,0,Budget Shoppers
CUST_02210,74.0,45865.66220367178,North,online,67.9010091838859,10.0,91.97949475109282,33.0,0.1198553158538155,11.586056408085328,68.0,0.323357745026226,3.0,0.0660640364277579,0,Budget Shoppers
CUST_02211,39.0,28434.824677695942,East,mobile,74.99043379126901,12.0,395.7208581613472,28.0,0.3466488206370463,3.648821656837597,95.0,0.2362025716464789,1.0,0.0467060172184208,-1,Noise / Outliers
CUST_02212,71.0,76714.90802443327,East,mobile,12.329587886107149,10.0,227.5031580452788,21.0,0.1310076909225392,0.4448166730543841,30.0,0.1008436581752248,1.0,0.4055518153855007,0,Budget Shoppers
CUST_02213,70.0,34769.63210276145,North,online,60.723020783799,10.0,173.78985071174833,24.0,0.127136053058415,3.412149681467909,35.0,0.3473785409766379,3.0,0.2189574528246466,0,Budget Shoppers
CUST_02214,,57663.56145884792,Central,online,15.5240206826575,11.0,94.22996380296344,31.0,0.0198470085705462,4.147973688971523,6.0,0.3737422390560537,1.0,0.2071454185447406,0,Budget Shoppers
CUST_02215,19.0,20419.928475035005,Central,mobile,3.64950525269773,11.0,116.1223833751055,25.0,0.2075696799119696,4.229577370998765,85.0,0.2799485244772292,4.0,0.6674969522643657,0,Budget Shoppers
CUST_02216,41.0,75999.80160801056,East,online,49.66966528845983,8.0,32.84029514104184,23.0,0.198433932931077,8.165506200025503,30.0,0.365949118424414,2.0,0.2273982117253002,0,Budget Shoppers
CUST_02217,25.0,83890.83735960878,South,online,31.760595579911737,12.0,98.82039466866588,24.0,0.1812214202817121,10.36340540402648,80.0,0.3724042745943944,1.0,0.4313283842200068,0,Budget Shoppers
CUST_02218,28.0,68659.44760051633,West,mobile,11.22562647049602,12.0,97.0572169086409,29.0,0.0964979310044924,2.663841127182601,63.0,0.3099829782748954,2.0,0.0635913754635344,0,Budget Shoppers
CUST_02219,30.0,24241.43710908348,South,online,10.209141126648849,5.0,29.45833883442756,22.0,0.0311663654332176,5.367393251958092,8.0,0.2219762579493194,1.0,0.2569095238915759,0,Budget Shoppers
CUST_02220,34.0,76452.76716600308,Central,online,129.99456443138865,3.0,392.46560131760776,30.0,0.0725186264276022,4.542135108474257,91.0,0.3518867223301714,1.0,0.4168515517347513,0,Budget Shoppers
CUST_02221,,39798.32200791224,South,online,69.44486262125082,9.0,36.49220952607545,38.0,0.1455373338095335,9.175225560098031,33.0,0.3329408959684534,1.0,0.1305113718583913,0,Budget Shoppers
CUST_02222,38.0,32238.618668124527,West,store,58.088462088495206,8.0,14.30821475313761,26.0,0.0701530152815223,3.8147433063987326,43.0,0.2025267113836946,1.0,0.2620856123952744,0,Budget Shoppers
CUST_02223,35.0,396510.855946653,South,store,4.794515717413582,12.0,981.6317629110368,35.0,0.2209769291060544,0.6745919482205744,76.0,0.4322576280417721,2.0,0.6431722718197767,-1,Noise / Outliers
CUST_02224,47.0,49125.911186377234,South,online,49.254161089529205,8.0,150.6175473001393,25.0,0.2076381575373647,4.005644078144087,43.0,0.1331184819160397,1.0,0.111136398511822,0,Budget Shoppers
CUST_02225,35.0,46888.92967403363,South,online,8.452010951464953,10.0,28.22321771269641,35.0,0.1523276630687036,4.247653216570765,45.0,0.3364235272955682,0.0,0.1898454004202883,0,Budget Shoppers
CUST_02226,63.0,86020.83345390327,South,online,132.62606888190277,4.0,26.25785339864211,25.0,0.0110245374291465,9.86863689216208,87.0,0.7298800221790496,3.0,0.2071229254254039,0,Budget Shoppers
CUST_02227,64.0,102260.17192173778,North,online,1.8723201448662197,6.0,39.402219455487554,18.0,0.2400961931882685,6.5747316534299225,54.0,0.3127083728956512,3.0,0.3428317841951004,0,Budget Shoppers
CUST_02228,48.0,27878.99617831178,Central,mobile,15.192741013339182,7.0,46.87338257055298,29.0,0.094438177294329,6.282180047942758,65.0,0.4314469950023938,0.0,0.4850080375976992,0,Budget Shoppers
CUST_02229,55.0,42845.68732485901,West,mobile,19.591233138388557,7.0,,27.0,0.209934609484952,7.18594704898854,7.0,0.4439284700259279,1.0,0.2705184896708294,0,Budget Shoppers
CUST_02230,49.0,61140.46339298905,Central,online,60.84486994795217,5.0,82.7056567948819,24.0,0.1555795101196871,6.737446770600949,36.0,0.4110856878753892,1.0,0.3244872887338234,0,Budget Shoppers
CUST_02231,28.0,49448.237199380994,North,online,50.86853908361394,7.0,8.0,21.0,0.2211698548514164,8.179800820221036,25.0,0.2559042134643962,0.0,0.1237230535703333,0,Budget Shoppers
CUST_02232,62.0,66786.77248412736,North,online,16.449687143373982,15.0,11.906113515685531,23.0,0.0835233202105715,10.846752551251914,85.0,0.4954186788179606,2.0,0.1113608333300563,0,Budget Shoppers
CUST_02233,42.0,78151.67783080749,North,online,29.17943381697073,9.0,169.90769638600042,32.0,0.1288365882471377,10.516228265095204,37.0,0.3350842125002189,2.0,0.3738134798272782,0,Budget Shoppers
CUST_02234,50.0,74486.05072994091,North,online,63.18981824219081,10.0,69.10886064638771,30.0,0.1510281766237989,5.943830146135356,12.0,0.3631352684790115,1.0,0.2607347189121914,0,Budget Shoppers
CUST_02235,55.0,71414.13849269631,South,mobile,1.0,7.0,58.08176894328741,25.0,0.0754752873372189,10.161417876923988,32.0,0.3488687228411962,1.0,0.054268591091188,0,Budget Shoppers
CUST_02236,58.0,94500.10146023391,Central,mobile,56.71358509675655,6.0,8.0,21.0,0.2792412850655675,10.35634271387952,49.0,0.4283364682000931,1.0,0.0981002680707875,0,Budget Shoppers
CUST_02237,25.0,23043.15977584559,East,mobile,102.74262254269814,9.0,46.03719757216432,31.0,0.3645594901331065,9.474589947802396,38.0,0.2303317340585139,5.0,0.1231784667942394,0,Budget Shoppers
CUST_02238,28.0,90562.39342300154,West,online,1.1406446923501576,14.0,223.7834584662151,33.0,0.0714871328840078,0.504650325609239,56.0,0.1514805595997672,1.0,0.3291001401837492,1,Loyal High-Value
CUST_02239,,48914.18405002564,North,mobile,1.632837047176268,11.0,54.08936786446091,29.0,0.1889434113863094,7.944637379954921,80.0,0.1538218249541347,6.0,0.2920000661534094,0,Budget Shoppers
CUST_02240,68.0,75272.75485486379,Central,online,14.78324197840294,13.0,431.0484372963379,31.0,0.1140352414787152,3.758561142256722,65.0,0.3072144098565695,1.0,0.6526622214500925,0,Budget Shoppers
CUST_02241,41.0,35347.34297785224,North,online,3.215192733075749,9.0,64.2497723936441,25.0,0.1071735483673733,10.479362317268375,26.0,0.5490023618106689,2.0,0.1117241237061056,0,Budget Shoppers
CUST_02242,58.0,38013.07937834789,North,mobile,22.838734879541825,10.0,81.10201245956554,25.0,0.1503588489042966,3.4075459406220663,57.0,0.2006444556121236,2.0,0.2712945379601768,0,Budget Shoppers
CUST_02243,34.0,72566.5804126046,North,online,45.65993057041624,11.0,210.4740469566377,31.0,0.0604779230993129,11.023511324236294,14.0,0.2306854565584034,2.0,0.3430677505613975,0,Budget Shoppers
CUST_02244,29.0,15567.939499503394,North,mobile,29.28747025753016,14.0,529.8764329132317,27.0,0.3003577752921235,7.381449830680876,56.0,0.1981819973721844,0.0,0.3769281115135793,-1,Noise / Outliers
CUST_02245,74.0,79767.72572234288,North,mobile,7.65426740701696,8.0,60.3945264951136,32.0,0.0354648778155605,7.7406653339511955,70.0,0.3506741375985974,3.0,0.4365527152538739,0,Budget Shoppers
CUST_02246,63.0,85719.19705151493,West,store,37.22824192651135,11.0,16.608900447096886,27.0,0.1878992757174118,10.652832830221133,41.0,0.1710814366750448,0.0,0.1190787565081632,0,Budget Shoppers
CUST_02247,49.0,61911.26678423712,Central,store,40.41522715900616,6.0,96.24665914518246,36.0,0.1155080622449112,11.82483610603616,51.0,0.3658864016635691,0.0,0.2963196275714171,0,Budget Shoppers
CUST_02248,32.0,61118.74278272826,North,online,94.3189570728929,6.0,116.46727984570174,26.0,0.4567378671228057,3.7080971018874833,84.0,0.3391112053714165,3.0,0.343505380412485,0,Budget Shoppers
CUST_02249,33.0,39660.00481201406,North,store,5.556517957798037,7.0,416.69927786134633,22.0,0.0949099705954468,1.0663294700162198,67.0,0.3730989142800103,1.0,0.1018710471842859,0,Budget Shoppers
CUST_02250,71.0,72837.8868528807,North,mobile,41.2561637802987,6.0,69.45942536795084,18.0,0.0504667306899716,8.680159617024822,12.0,0.0963028010651828,3.0,0.0758157928380001,0,Budget Shoppers
CUST_02251,39.0,65648.63542096337,North,mobile,84.8375737685722,9.0,12.37621106154096,23.0,0.1077573470580645,0.8421453041574094,97.0,0.4833460305268433,1.0,0.3467771412189974,0,Budget Shoppers
CUST_02252,45.0,37726.881287475895,South,online,24.369813670345124,10.0,136.8245267556522,23.0,0.1926770532116221,6.406399169850926,49.0,0.392269601888526,0.0,0.1395299667959546,0,Budget Shoppers
CUST_02253,37.0,49387.441098059775,South,store,15.718607222966398,8.0,8.0,32.0,0.0769534713321973,4.143033190998564,1.0,0.3468724224492053,0.0,0.5812789343256596,0,Budget Shoppers
CUST_02254,50.0,435956.96525353857,East,online,6.553154693117456,6.0,864.4161892053535,42.0,0.1240570427885987,4.679881738419553,19.0,0.2128947321654368,0.0,0.2533557967401587,0,Budget Shoppers
CUST_02255,27.0,49358.35167657789,North,store,70.55317765807904,4.0,68.51441911132673,26.0,0.1804626396249857,2.82581376842248,66.0,0.187808941373198,1.0,0.1612921329995609,0,Budget Shoppers
CUST_02256,57.0,28015.948906300557,East,online,17.544867715315252,15.0,38.23667287708902,26.0,0.0735744193938961,8.39207216193014,58.0,0.3663816054370021,2.0,0.3962940677626861,0,Budget Shoppers
CUST_02257,,73378.4467888457,West,mobile,90.60453393158504,8.0,433.2715789744609,29.0,0.0395862505503073,6.862834914022372,87.0,0.4067577144031582,3.0,0.1022133449917938,0,Budget Shoppers
CUST_02258,67.0,52642.76997015832,East,online,65.88000570198255,14.0,67.14792646140968,18.0,0.2355230986523128,11.429325815556467,72.0,0.3300236553273604,1.0,0.2925615776936082,0,Budget Shoppers
CUST_02259,50.0,58338.02506965281,Central,online,16.542079407689894,9.0,292.63122565171943,30.0,0.1616666748770411,4.266458946208955,98.0,0.2348336574095485,2.0,0.3367582327956883,0,Budget Shoppers
CUST_02260,19.0,45278.135077256615,South,online,29.859018008153463,9.0,94.09846516464104,21.0,0.1728282669948239,4.73152677337205,4.0,0.1105346226792246,3.0,0.0395311597389937,0,Budget Shoppers
CUST_02261,50.0,68455.97242738378,South,online,1.0,8.0,223.31160544335,30.0,0.2066996273133709,1.9801129763085557,8.0,0.2148443790639525,1.0,0.2698974680263536,0,Budget Shoppers
CUST_02262,50.0,62371.31605639088,North,online,10.691374500489074,8.0,,30.0,0.0882524486492105,7.339949134426715,27.0,0.3207639378849473,1.0,0.0383070975830079,0,Budget Shoppers
CUST_02263,58.0,84681.25656086921,North,online,43.35854796072979,11.0,620.3695668615009,29.0,0.2047706286199516,1.1394288154020775,26.0,0.254125074703886,1.0,0.4750696975393296,0,Budget Shoppers
CUST_02264,30.0,68573.17168465766,West,mobile,39.652452209305146,12.0,132.82515812596503,21.0,0.0869286175582868,11.618002003512029,97.0,0.3543183879039749,0.0,0.1669528770264703,0,Budget Shoppers
CUST_02265,47.0,53540.94315958356,West,store,15.25930638484505,12.0,22.040199326014548,23.0,0.0784259859332019,10.920816233923471,43.0,0.300728784051668,2.0,0.1165063832406875,0,Budget Shoppers
CUST_02266,50.0,41726.23001494367,Central,mobile,57.87011176950664,2.0,8.0,33.0,0.2507470175042278,8.39627192789438,40.0,,1.0,0.2076418499438216,0,Budget Shoppers
CUST_02267,30.0,77050.95904616619,North,online,9.414052237906338,13.0,343.6775028269775,29.0,0.2838396247318743,3.8074581507565375,50.0,0.283954066846643,0.0,0.2618092944577467,0,Budget Shoppers
CUST_02268,69.0,51783.325826697925,North,online,21.64896128045367,7.0,150.91907552962007,36.0,0.2444290948191141,4.273810654089411,67.0,0.2559470310093132,3.0,0.2186218291288959,0,Budget Shoppers
CUST_02269,43.0,54222.21353488314,West,online,22.38825721080148,12.0,14.608709963983795,31.0,0.2127800578533523,1.0455201145773398,73.0,0.1357074835961554,2.0,0.3136796249542962,0,Budget Shoppers
CUST_02270,,54216.62466156116,West,store,14.586380862320516,7.0,,34.0,0.1037487092332188,2.964327919719113,74.0,0.1613943671590224,1.0,0.303690120867193,0,Budget Shoppers
CUST_02271,56.0,49164.63036554316,West,store,108.27950723841562,12.0,33.49690401603043,22.0,0.0999303802148172,4.236257865293758,29.0,0.2184577769879992,0.0,0.0602063505495355,0,Budget Shoppers
CUST_02272,19.0,54600.14212694288,South,online,41.7543078093706,16.0,215.36954640386463,36.0,0.0778322001815695,5.375136329119253,85.0,0.6980591914224795,4.0,0.3609548902503604,-1,Noise / Outliers
CUST_02273,55.0,100376.56638011672,East,online,27.117640450929866,7.0,122.38333653793968,26.0,0.2664708714719588,5.571248278203706,42.0,0.1142058582942427,2.0,0.141627235225221,0,Budget Shoppers
CUST_02274,56.0,34947.91480919077,East,store,25.00405781245765,14.0,17.16014440081242,26.0,0.3293706352362001,10.621278905137302,18.0,0.277333589425577,0.0,0.1609483170150168,0,Budget Shoppers
CUST_02275,43.0,40080.90736324458,North,store,6.073051351669871,10.0,9.56693179734556,29.0,0.1190114684037051,5.397832132742277,81.0,0.1177239103869291,3.0,0.4063488417512763,0,Budget Shoppers
CUST_02276,63.0,88455.1371993935,South,store,16.292946726138744,9.0,81.58545703080524,20.0,0.0437773509187892,11.489115749527617,21.0,0.3251508648455733,1.0,0.210237226380156,0,Budget Shoppers
CUST_02277,67.0,49754.30354110842,West,store,39.09857423946979,5.0,359.18100897234666,32.0,0.1389596121698596,1.005742471893873,67.0,0.0918644654191623,1.0,0.471484297766931,0,Budget Shoppers
CUST_02278,32.0,48086.33175035231,North,online,90.45935911527178,13.0,108.10347960492338,29.0,0.1104442752753521,2.531724785067756,62.0,0.238042847275744,1.0,0.6334749739130544,0,Budget Shoppers
CUST_02279,51.0,80767.00484901555,South,online,59.33706691643632,5.0,185.04332234717884,34.0,0.1195061934960857,4.65583843392043,27.0,0.3603585031659067,2.0,0.3012842561124646,0,Budget Shoppers
CUST_02280,59.0,26755.69641980148,Central,online,12.50311866455276,7.0,82.40505207909047,32.0,0.1296395448863579,10.657860841227862,96.0,0.1891540366309903,2.0,0.1866034396849303,0,Budget Shoppers
CUST_02281,72.0,76071.99744357492,South,online,19.91795997304617,10.0,63.00309074725859,25.0,0.3139628697976611,1.4665472556718906,93.0,0.2260194117985957,4.0,0.3002827042666939,0,Budget Shoppers
CUST_02282,61.0,59003.56144507397,North,online,3.0295253125687336,7.0,224.52795756378129,31.0,0.0622854468376111,4.260767467507304,47.0,0.3128045945154575,2.0,0.3995181747109402,0,Budget Shoppers
CUST_02283,66.0,68225.6468783035,East,mobile,3.7721993949699466,7.0,80.92204575101476,31.0,0.3585773059101971,1.3460748439320582,93.0,0.2327631453292765,1.0,0.4313397768849576,0,Budget Shoppers
CUST_02284,57.0,67812.68101554677,West,online,22.235957078738444,12.0,,30.0,0.2369893217439248,9.287947398260584,26.0,0.3338606465945921,1.0,0.2495219841095984,0,Budget Shoppers
CUST_02285,28.0,44184.38309738197,Central,online,26.442133070112398,10.0,41.71991868344493,24.0,0.137649044445152,3.389613148571033,9.0,0.1535713252418149,1.0,0.5212723299540055,0,Budget Shoppers
CUST_02286,20.0,81126.04316329795,South,online,10.72966915077862,13.0,107.13685090275672,25.0,0.0246323217396969,5.212574068555117,91.0,0.2808421633859971,2.0,0.545987294426855,0,Budget Shoppers
CUST_02287,23.0,45896.97034748248,North,online,36.02938390200461,7.0,66.966913526466,33.0,0.2652250424758237,9.80918751988202,12.0,0.2845493563503284,0.0,0.1957471266821975,0,Budget Shoppers
CUST_02288,26.0,66994.67841797232,North,online,42.53570061925984,10.0,59.32241237225733,31.0,0.385282352107483,2.0141127102034484,16.0,0.1476508829315923,2.0,0.162540074065395,0,Budget Shoppers
CUST_02289,23.0,85229.938681641,West,store,12.439457495822513,12.0,143.64023181006166,30.0,0.2227265062372536,11.365961117653216,47.0,0.0490913553765027,3.0,0.2772772632522515,0,Budget Shoppers
CUST_02290,26.0,88335.83739662233,North,store,49.72009558822084,11.0,131.49266454243664,20.0,0.1569939768824315,4.727162062970071,56.0,0.3938522749799829,1.0,0.3855643030546504,0,Budget Shoppers
CUST_02291,56.0,52123.220609304764,North,online,8.056102544499442,9.0,48.99904266032324,24.0,0.0971331451841437,3.9648205590932095,66.0,0.4712046024835183,2.0,0.0932584162704819,0,Budget Shoppers
CUST_02292,48.0,68188.97603330223,West,mobile,27.503486059906454,4.0,57.900904602246655,38.0,0.1346359115057792,2.2890848471695997,51.0,0.3370977965071547,5.0,0.2743918047926555,0,Budget Shoppers
CUST_02293,49.0,50091.24661552037,Central,online,57.087652998517385,6.0,181.29728341174763,27.0,0.0079287722227175,5.610152510751986,27.0,0.2390393458346336,2.0,0.2960032109337277,0,Budget Shoppers
CUST_02294,58.0,113083.51699991304,East,mobile,26.951674700751,7.0,330.45406493788283,26.0,0.1557256579345404,11.768359462674404,73.0,0.4401662649716572,1.0,0.1398775007993869,0,Budget Shoppers
CUST_02295,67.0,,East,online,83.49465426929065,6.0,50.94439099398176,35.0,0.1019642452608086,5.891823331931809,66.0,0.1854430493697949,4.0,0.6129351425619733,0,Budget Shoppers
CUST_02296,29.0,59849.28558841258,South,online,2.1098784127734045,5.0,44.86797583267287,30.0,0.2361296731218626,5.425626985561543,62.0,0.1086629394492721,2.0,0.6237772507875713,0,Budget Shoppers
CUST_02297,25.0,64876.367816070335,Central,store,31.062289328752705,12.0,40.074558127791015,23.0,0.1939091886908242,0.0915274556687184,71.0,0.333775974349708,1.0,0.1418402504573908,0,Budget Shoppers
CUST_02298,25.0,66956.31913981348,South,online,28.87423689109008,8.0,19.834962609875586,27.0,0.2383994243966948,3.45206022452518,8.0,0.3220134094021475,0.0,0.2432965421010241,0,Budget Shoppers
CUST_02299,67.0,67608.35789723661,East,online,37.79472911593483,9.0,61.55349914968468,27.0,0.0450747265372767,2.734904376717621,38.0,0.3099550808785206,3.0,0.1267921213281638,0,Budget Shoppers
CUST_02300,45.0,52720.039211775744,West,online,62.727020950760384,14.0,94.33879125262564,27.0,0.1523670339849073,0.4677115924828094,6.0,0.1322131685659393,4.0,0.3483720784020927,0,Budget Shoppers
CUST_02301,37.0,49324.79941682615,North,online,45.293189471102224,9.0,100.22537458106788,27.0,0.1429230271339978,5.352382911120152,59.0,,3.0,0.2106464546066615,0,Budget Shoppers
CUST_02302,64.0,54659.22604201715,East,online,54.669825501846105,6.0,152.68658400812382,24.0,0.0857969063274342,1.6273091622381457,19.0,0.3055250102739071,0.0,0.486728753948374,0,Budget Shoppers
CUST_02303,24.0,32926.782488961435,Central,store,11.928878943089169,12.0,8.0,25.0,0.0661647344112017,6.035747811969354,79.0,0.173679263819753,2.0,0.2782513698985196,0,Budget Shoppers
CUST_02304,28.0,73802.03695343812,East,mobile,17.157071983975314,3.0,107.14435748518352,31.0,0.176300771161246,5.455729392483353,56.0,,1.0,0.2475983216634922,0,Budget Shoppers
CUST_02305,37.0,40362.489061722605,Central,mobile,34.49526896252859,6.0,38.26631177976057,26.0,0.1010220091343654,2.672563586848895,28.0,0.533359375154064,3.0,0.1323277635332924,0,Budget Shoppers
CUST_02306,33.0,34681.09826233624,Central,online,28.2180357657233,11.0,35.52694811733116,34.0,0.1618785646105575,9.580098774648024,94.0,0.336927913974827,4.0,0.1086768650094496,0,Budget Shoppers
CUST_02307,21.0,57684.20173558873,Central,online,113.64012264352912,6.0,202.7146553217713,29.0,0.1668572039080748,11.121759182531736,91.0,0.3512033385463222,5.0,0.4851150003149666,0,Budget Shoppers
CUST_02308,23.0,55137.30214682249,South,online,7.2387218062237775,11.0,21.66036526934761,27.0,0.1527940982608659,1.6087157346768275,10.0,0.4597561407238476,0.0,0.299679894320649,0,Budget Shoppers
CUST_02309,39.0,63491.95846735775,West,online,15.146305282049688,8.0,51.88760278254481,19.0,0.1725960851498621,1.1684656541986116,45.0,0.2014848746734758,1.0,0.4165789901580422,0,Budget Shoppers
CUST_02310,43.0,45499.481873278986,East,mobile,29.763937203926574,15.0,131.96463172896222,33.0,0.1281954981574742,4.137566607086628,95.0,0.390274638269919,1.0,0.0569356015543474,0,Budget Shoppers
CUST_02311,20.0,49364.06371891858,West,online,70.8637623356302,5.0,133.85643105314418,34.0,0.0736120589879359,7.325285210127149,65.0,0.2771973837065228,3.0,0.4269467603014673,0,Budget Shoppers
CUST_02312,58.0,73226.6291119468,North,store,92.749870084563,7.0,8.0,29.0,0.0739559215082392,7.583839926378824,50.0,0.4827335907402993,1.0,0.1829692491621468,0,Budget Shoppers
CUST_02313,59.0,71886.77841089426,East,online,14.33347461365519,12.0,9.792371812014736,35.0,0.29742759316976,7.499553089413678,32.0,0.4634357113576527,4.0,0.0559254768008072,0,Budget Shoppers
CUST_02314,31.0,70969.55101588691,West,online,2.431321731600281,10.0,138.48436192755872,29.0,0.079353345201362,6.908557398114603,61.0,0.3838175961464226,3.0,0.0404274294059448,0,Budget Shoppers
CUST_02315,28.0,58747.28747173261,West,online,19.163328260984585,8.0,397.9075428143118,28.0,0.0956356253195494,4.629383259587298,16.0,0.4145402216685304,0.0,0.357470729580881,0,Budget Shoppers
CUST_02316,35.0,,North,online,17.550517157242904,12.0,845.5678471303308,29.0,0.0588210374386758,9.384021586427613,6.0,0.2325588225722009,2.0,0.2996692554706235,0,Budget Shoppers
CUST_02317,71.0,63069.65552963108,Central,online,150.64378423244062,6.0,565.6677798369574,30.0,0.1652393039291498,11.438592807532665,66.0,0.2526629183577814,1.0,0.1855488853705725,-1,Noise / Outliers
CUST_02318,29.0,43567.08172420252,East,online,19.739386996221008,9.0,56.31820655464072,21.0,0.0943872709094311,7.075510218162608,62.0,0.0953633264326434,3.0,0.11513216093805,0,Budget Shoppers
CUST_02319,40.0,90429.02520321425,East,online,12.77094915804465,7.0,35.9868076601407,31.0,0.0705144891736382,2.63313712412722,66.0,0.2647243457686164,1.0,0.1831089290311668,0,Budget Shoppers
CUST_02320,29.0,87294.93671472938,North,mobile,15.91536615747044,9.0,13.501919996495882,30.0,0.0613204605386086,6.741293043440647,67.0,0.5040781860542765,3.0,0.2677196302006518,0,Budget Shoppers
CUST_02321,30.0,75473.40300202128,Central,mobile,17.700054238027185,5.0,51.25487533878697,26.0,0.1806037535485987,9.066488678470249,19.0,0.1501335687150937,0.0,0.0593709140876848,0,Budget Shoppers
CUST_02322,42.0,48631.04509916485,East,online,60.31875269524497,11.0,42.13867446069717,20.0,0.0991872753083737,9.956216770249895,4.0,0.7005409687438263,2.0,0.2231209487760254,0,Budget Shoppers
CUST_02323,62.0,69861.1705949033,East,online,2.956987678136671,7.0,111.78718798977052,28.0,0.0522127674874289,8.619011678032207,43.0,0.2225922937441299,3.0,0.5264391049733422,0,Budget Shoppers
CUST_02324,68.0,79524.13863093498,East,mobile,13.318862752399234,7.0,59.81423926610319,40.0,0.134027099508084,10.685986410970123,18.0,0.2388719030242717,1.0,0.2150866337453045,0,Budget Shoppers
CUST_02325,36.0,31089.668162134847,Central,store,118.67822097268753,10.0,34.23597231032725,19.0,0.1524409525113952,11.424241501848371,82.0,0.1927438412927072,0.0,0.3439200074086933,0,Budget Shoppers
CUST_02326,72.0,95279.25875736694,North,mobile,5.816146443367677,5.0,123.26019732826408,25.0,0.0992317116404048,5.904113815031812,46.0,,2.0,0.3726751024988163,0,Budget Shoppers
CUST_02327,63.0,19733.47255457251,East,online,47.49951912973879,15.0,50.72391497647048,37.0,0.1639034987948396,6.491623106333101,46.0,0.5032375245768456,1.0,0.4179563739659406,0,Budget Shoppers
CUST_02328,53.0,73501.32803359965,West,mobile,15.42337182176345,13.0,56.731857333281866,29.0,0.1377426510729126,4.050173266028519,85.0,0.2163132032571317,1.0,0.6078806858269571,0,Budget Shoppers
CUST_02329,62.0,89972.21073755433,Central,mobile,30.51163089860619,8.0,118.61195327145344,24.0,0.0763938331890634,7.906673320394491,21.0,,0.0,0.0463346755117437,0,Budget Shoppers
CUST_02330,25.0,55512.60379140532,South,online,3.6700461795600767,4.0,16.35543707689544,36.0,0.118628888210022,7.147815606824894,30.0,0.4022506504672043,0.0,0.2079418573617256,0,Budget Shoppers
CUST_02331,46.0,54689.78320389239,North,store,12.805683628564632,11.0,193.4820333678697,28.0,0.3019113184324877,2.144563561136464,64.0,0.3747387348271215,2.0,0.3507322974486298,0,Budget Shoppers
CUST_02332,72.0,72688.5374382323,West,online,24.32074966501857,6.0,437.43656095661424,34.0,0.1927134758054252,8.332279138670117,41.0,0.363781709328785,0.0,0.5016706133790861,0,Budget Shoppers
CUST_02333,70.0,98741.40162254518,East,store,9.225154882093344,12.0,87.74566013639526,38.0,0.0968723566756734,9.660236631925,17.0,0.3122195548436056,5.0,0.3653867983054858,-1,Noise / Outliers
CUST_02334,72.0,51816.511965289945,South,mobile,27.32107588161461,13.0,106.68579575044276,23.0,0.0729462930176823,2.172528614653185,5.0,0.4080584351290412,3.0,0.4535881026626158,0,Budget Shoppers
CUST_02335,49.0,40818.985778949216,North,mobile,8.68534923138727,10.0,63.12183550647671,25.0,0.1334307120840074,1.9705684320924093,5.0,0.2485285293782368,2.0,0.0698824935038427,0,Budget Shoppers
CUST_02336,68.0,48676.93997662417,Central,mobile,36.75383106719089,10.0,,26.0,0.0873004854225869,7.668981674343713,73.0,0.4951601627477179,1.0,0.2357289498497969,0,Budget Shoppers
CUST_02337,,23844.69216970315,South,online,82.14867361753114,10.0,18.544799417184688,26.0,0.1305953289699284,1.394094268445312,75.0,0.3026752351692333,3.0,0.411374029416771,0,Budget Shoppers
CUST_02338,35.0,77750.67377173342,South,mobile,3.1277885185327605,5.0,218.32736396598804,24.0,0.2306999710739642,9.714810368395732,48.0,0.4934243916938972,0.0,0.1586306713292326,0,Budget Shoppers
CUST_02339,23.0,46690.17284029509,West,store,8.544631459746936,6.0,136.6351373658581,27.0,0.055241960815035,7.71562558036423,78.0,0.3724089146995027,1.0,0.2046081092052115,0,Budget Shoppers
CUST_02340,35.0,53416.53861055778,North,mobile,65.12151339030436,13.0,203.81378690321063,19.0,0.0517876872388734,0.3888562634907901,38.0,0.2769036642232386,1.0,0.0896677499892125,0,Budget Shoppers
CUST_02341,36.0,78011.66489121814,West,store,34.94609025445721,8.0,390.64561989607176,33.0,0.1367039729484516,9.244910883938086,6.0,0.2172704923386194,0.0,0.5062107731489844,0,Budget Shoppers
CUST_02342,39.0,49707.972862983326,West,store,2.8692734624292977,8.0,89.112563843206,43.0,0.0795188777288282,6.11878538930711,58.0,0.2576632642960807,0.0,0.1162316533645063,0,Budget Shoppers
CUST_02343,54.0,74699.98869854474,East,store,23.31746911973227,8.0,44.21839077512752,25.0,0.1700115332177854,5.953868107130564,14.0,0.2526037655182763,1.0,0.613535072867108,0,Budget Shoppers
CUST_02344,49.0,35162.05291604169,Central,mobile,8.239584606049482,4.0,196.54834827257125,24.0,0.0817300095480031,3.7427202181908936,72.0,0.2239656644352575,0.0,0.0786320565202144,0,Budget Shoppers
CUST_02345,73.0,79091.82742312795,South,mobile,7.770513846037735,8.0,242.00319861079728,28.0,0.1178606087519616,3.4016700338936694,94.0,0.4365004746092233,1.0,0.2493020842063216,0,Budget Shoppers
CUST_02346,58.0,65521.91046784035,North,online,98.84786451246146,13.0,150.69281178449785,28.0,0.1560031666384565,6.0037351671105865,59.0,0.2483150712839035,0.0,0.2306734237981761,0,Budget Shoppers
CUST_02347,20.0,56051.2613219673,Central,mobile,50.174606635971216,11.0,245.763188312913,27.0,0.3277614470296582,0.0377784333474933,65.0,0.1674780416957663,0.0,0.1503414243114293,-1,Noise / Outliers
CUST_02348,45.0,60879.65673476351,Central,online,41.7020238857525,11.0,170.37102114663475,17.0,0.1392530442865659,9.54133202868852,89.0,0.2880037285551265,4.0,0.1015758044864243,0,Budget Shoppers
CUST_02349,27.0,29691.2515176398,North,online,9.555993539135642,9.0,410.4901570175259,29.0,0.1705503299839316,9.408129508709743,13.0,0.2453411691448118,1.0,0.3530244035864713,0,Budget Shoppers
CUST_02350,68.0,60376.01636683334,Central,online,4.417475483929661,5.0,109.92216611966067,29.0,0.1421419934167032,8.826697934177245,27.0,0.2605448172580299,2.0,0.21480733461963,0,Budget Shoppers
CUST_02351,52.0,54883.26472215472,East,store,71.63261721848721,5.0,62.243956097914186,23.0,0.1430619499797903,7.230173281771169,25.0,0.1304173779330609,0.0,0.4205244967997738,0,Budget Shoppers
CUST_02352,46.0,30292.4825703736,Central,store,1.0,6.0,148.33807404223148,35.0,0.0934573798352518,3.546940257410127,56.0,0.5229325497032091,1.0,0.1004533835535638,0,Budget Shoppers
CUST_02353,71.0,43236.34060805604,East,mobile,17.191319738247895,5.0,9.310448334729172,28.0,0.2095717762514431,7.895795586514888,68.0,0.0736876616435712,3.0,0.3584922877562561,0,Budget Shoppers
CUST_02354,,55156.6043250446,South,online,11.381775459650347,7.0,89.6913900044064,24.0,0.1586176183176609,1.5497733017036674,59.0,0.0974525981972077,2.0,0.2255779172038826,0,Budget Shoppers
CUST_02355,50.0,44639.57193114749,South,mobile,29.56958682165301,9.0,192.9942531326484,26.0,0.0224331827886424,3.160755827149578,95.0,0.4120784216237083,2.0,0.266810642375422,0,Budget Shoppers
CUST_02356,24.0,12000.0,West,mobile,10.092607589896083,7.0,24.060657855524536,27.0,0.014397081339651,0.5423538923610254,49.0,0.158843353187108,1.0,0.1052690349535865,0,Budget Shoppers
CUST_02357,29.0,81680.52587139505,East,online,13.04842373005388,5.0,,23.0,0.0440456853933923,10.31369222564454,18.0,0.1740259900459028,3.0,0.2459073311913097,0,Budget Shoppers
CUST_02358,66.0,,South,online,66.40850020507472,7.0,56.05913164270776,27.0,0.1376224823909793,9.94021998132224,81.0,0.1527917892752357,3.0,0.0695696091383316,0,Budget Shoppers
CUST_02359,47.0,,Central,online,32.35031580006826,7.0,53.02981780197656,28.0,0.1707511047792598,5.4102146299503175,75.0,0.2753568620520104,2.0,0.1751644833372578,0,Budget Shoppers
CUST_02360,38.0,104969.18467294668,North,mobile,5.510834224587988,5.0,136.70981784645988,27.0,0.1928511513299644,5.251219059614074,76.0,0.2782399657129396,0.0,0.0549164826482743,0,Budget Shoppers
CUST_02361,48.0,85310.63128889016,North,mobile,45.37223658846904,16.0,89.45973817316673,23.0,0.0326696580712684,11.111881962968994,3.0,0.5628889294346535,0.0,0.2393106258456185,0,Budget Shoppers
CUST_02362,41.0,50322.39487649663,East,online,8.137895282065625,6.0,207.4934853168911,39.0,0.0601325968457627,8.101816018255928,79.0,0.2135380352917942,2.0,0.3086482505084878,0,Budget Shoppers
CUST_02363,37.0,39465.05518993258,West,store,19.85916346315743,7.0,8.0,30.0,0.1549796675523998,8.511709365523735,57.0,0.3329406700002734,2.0,0.1460366876281991,0,Budget Shoppers
CUST_02364,54.0,66870.20663673148,Central,online,36.40613189720945,8.0,78.64610996190137,31.0,0.083375001860244,4.311038164538699,6.0,0.4470807333868188,3.0,0.3216366080628463,0,Budget Shoppers
CUST_02365,21.0,62451.18992745111,East,online,11.107510619186655,9.0,,33.0,0.0817517358327346,3.499645976689414,69.0,0.1938956803770656,0.0,0.3264820222459926,0,Budget Shoppers
CUST_02366,45.0,69925.97834560822,North,online,16.963860582617468,8.0,32.44335817375139,34.0,0.2236564991555165,1.3724655059519129,31.0,0.1981358162524393,2.0,0.3905978955440219,0,Budget Shoppers
CUST_02367,61.0,39528.35398838894,East,online,46.3687533499605,8.0,194.1324849185953,34.0,0.053278310698294,0.8702570802663816,8.0,0.3017441520395608,2.0,0.401359252382731,0,Budget Shoppers
CUST_02368,37.0,82150.98446137592,Central,online,97.27149912357324,12.0,14.573841706399223,33.0,0.236387752285918,10.866263197481976,10.0,0.3154240911886037,1.0,0.5300534759438678,0,Budget Shoppers
CUST_02369,41.0,47583.83329013792,South,online,26.369616390193286,6.0,14.505271950187478,31.0,0.0209613405772716,10.876278237646751,3.0,0.4785753735189354,3.0,0.1028741545956377,0,Budget Shoppers
CUST_02370,67.0,72976.84647042248,Central,mobile,1.0,11.0,66.71936389327448,26.0,0.2000791187712029,2.724222445324748,12.0,0.2637276604553207,0.0,0.3633151367315508,0,Budget Shoppers
CUST_02371,66.0,40467.336269945474,South,online,14.46166746878386,10.0,195.0418299016674,31.0,0.1608835914963447,0.4485153865121769,92.0,0.1403453853755047,4.0,0.4049819902268586,0,Budget Shoppers
CUST_02372,,116259.1676865767,South,mobile,17.799323555526854,7.0,,23.0,0.1098447886652044,4.1573857696223495,76.0,0.2575140810293354,4.0,0.4084616224573062,0,Budget Shoppers
CUST_02373,49.0,73301.51367723568,South,mobile,14.499244769383246,16.0,197.87797615756287,23.0,0.1081590069348215,11.422707695095555,94.0,0.0932901301467828,0.0,0.2070787213388903,0,Budget Shoppers
CUST_02374,58.0,121453.11008462022,East,online,20.061224583722375,9.0,8.0,37.0,0.1823258918755583,3.660683244315472,19.0,0.2637213505109812,1.0,0.3146706261886269,0,Budget Shoppers
CUST_02375,53.0,76207.24347917302,North,mobile,35.0519558911083,7.0,107.83293601398684,27.0,0.1699287523763031,10.382860650797303,21.0,,0.0,0.2217346620045564,0,Budget Shoppers
CUST_02376,70.0,45647.78414888895,East,online,4.519061492469273,13.0,78.49941540065636,30.0,0.0742806849940593,9.796381338037303,81.0,0.3448552142315664,3.0,0.5440298345506385,0,Budget Shoppers
CUST_02377,51.0,76246.37745896232,North,store,11.141224138161665,9.0,294.2640337247256,20.0,0.2630501681475499,11.33299493199735,14.0,0.5056568525007282,2.0,0.0847103138764514,0,Budget Shoppers
CUST_02378,53.0,77812.71200025076,Central,store,24.799654104864068,11.0,173.79599298846318,24.0,0.0208682960389397,5.960488795519853,75.0,0.3618049990449216,1.0,0.648073350770865,0,Budget Shoppers
CUST_02379,19.0,66213.13117895077,West,online,13.271080809108694,9.0,71.79118589325354,29.0,0.0560549617972233,11.063464317886613,29.0,0.3776938252666177,0.0,0.3644083681326546,0,Budget Shoppers
CUST_02380,32.0,71868.63438470525,Central,store,165.20202850194377,8.0,104.92275450561588,32.0,0.0341967601612136,8.901909138073375,7.0,0.387612945080698,2.0,0.2893177938945905,0,Budget Shoppers
CUST_02381,51.0,74757.99684696886,East,mobile,19.762169789300295,8.0,71.90240053616749,25.0,0.1094129517495794,10.415848417910848,49.0,0.5212983630642026,3.0,0.4075400014607545,0,Budget Shoppers
CUST_02382,53.0,36139.017763153686,East,store,71.35369669403383,5.0,75.64293385183146,24.0,0.0173473810498494,8.800171706460766,65.0,0.3518704696226249,2.0,0.1464865950401591,0,Budget Shoppers
CUST_02383,23.0,34573.115095941044,North,mobile,79.38975453073016,11.0,130.6951104170904,39.0,0.2364547249263688,5.534240130076403,7.0,0.2676782493371089,0.0,0.1048754526321744,-1,Noise / Outliers
CUST_02384,56.0,40527.22603048246,East,online,63.277603665592736,4.0,31.72372050206528,22.0,0.0451265913074803,11.028789068119831,14.0,0.3341697985252761,2.0,0.3249043837226895,0,Budget Shoppers
CUST_02385,59.0,60805.93267615123,South,store,1.681176119914372,7.0,52.681318549963805,24.0,0.0897387317008138,9.606524068845616,16.0,0.2129213488145126,0.0,0.189415829268966,0,Budget Shoppers
CUST_02386,68.0,53090.23422758476,East,online,103.30784930336664,7.0,42.55375712402988,29.0,0.1786030665583351,7.69378521336371,99.0,0.3091194377646848,1.0,0.0712725172227206,0,Budget Shoppers
CUST_02387,68.0,36537.447549695135,North,online,4.823622297810638,9.0,209.7495398122632,30.0,0.0595866885659476,5.796424941786258,16.0,0.3046841262409002,0.0,0.2917700137614678,0,Budget Shoppers
CUST_02388,71.0,75056.91263143223,North,online,1.2253278155778589,18.0,370.0240417994453,36.0,0.0320209224272284,1.1355491071240214,85.0,0.4537683762963531,1.0,0.2141356119027496,-1,Noise / Outliers
CUST_02389,29.0,64226.98604300256,South,online,18.7273246515276,4.0,69.54331616502563,25.0,0.1375241156785824,9.785711173332876,13.0,0.3306977323645864,0.0,0.485209175353951,0,Budget Shoppers
CUST_02390,20.0,61716.43781015879,North,mobile,7.576047051257419,9.0,10.430635511762,28.0,0.0568658304841859,4.996424695452866,82.0,0.4050603362382325,1.0,0.2216669118068353,0,Budget Shoppers
CUST_02391,62.0,,West,mobile,7.125362937049755,4.0,12.768663900333994,37.0,0.1542408881601594,4.313138818405021,29.0,0.2944670207388363,1.0,0.2019234085568894,0,Budget Shoppers
CUST_02392,35.0,49678.9817479574,Central,store,11.879841668049986,10.0,66.31830147226444,22.0,0.0269267356268395,2.767723090755021,85.0,0.601760874240828,2.0,0.1167563770112282,0,Budget Shoppers
CUST_02393,57.0,39490.71444020252,East,online,9.994546422813292,11.0,65.3251508798556,37.0,0.2005512128955408,6.499552871229742,73.0,0.6072370407329346,3.0,0.0441329362396124,0,Budget Shoppers
CUST_02394,38.0,78542.28643582143,West,store,40.4086666906204,5.0,20.54094039032084,28.0,0.2237470481938623,9.95847045326672,95.0,0.1720466420135774,1.0,0.1701844234798858,0,Budget Shoppers
CUST_02395,32.0,42523.1566036299,East,store,7.236260197794575,6.0,213.9416191715024,28.0,0.01567944302362,3.475185023909601,61.0,0.140695933017039,1.0,0.2474202325961654,0,Budget Shoppers
CUST_02396,50.0,62606.59026724197,West,online,27.416577829145485,8.0,90.14417696647232,28.0,0.098953700683276,11.047921909499816,37.0,0.3204022215252693,2.0,0.2600549338943841,0,Budget Shoppers
CUST_02397,52.0,94564.22871798472,East,online,150.4873760614504,11.0,15.012145109224022,27.0,0.1204876037783311,4.763339338717966,17.0,,3.0,0.5263552096080687,0,Budget Shoppers
CUST_02398,43.0,50690.329616834286,South,store,19.82075771706706,5.0,13.512139572942456,28.0,0.2484486539165813,11.632979111118374,31.0,0.4660820256487072,1.0,0.1914746338827253,0,Budget Shoppers
CUST_02399,25.0,79135.44709582228,North,mobile,35.94037687368231,10.0,76.76844316530206,24.0,0.1281496252118907,8.119547166130182,59.0,0.2902471374075952,3.0,0.072341115250864,0,Budget Shoppers
CUST_02400,53.0,70511.59835278481,North,mobile,122.00405467989144,7.0,16.15183566036241,21.0,0.1932209650407968,4.406572848543343,88.0,0.344111556419503,0.0,0.2299826432428306,0,Budget Shoppers
CUST_02401,65.0,64852.286391743175,South,mobile,5.182845507463359,12.0,107.08135217459773,31.0,0.1160027218511522,11.8035839674361,47.0,0.4556746159398426,3.0,0.4506624922400666,0,Budget Shoppers
CUST_02402,47.0,67467.66572190456,West,online,18.981492138617128,12.0,63.200596425275,33.0,0.1506898648501518,7.131724048651152,6.0,,1.0,0.2101569128156475,0,Budget Shoppers
CUST_02403,40.0,55912.05547603953,Central,online,66.4441216661918,5.0,327.8166042380176,32.0,0.1257725244084989,9.22374164712926,32.0,0.4896101739992311,2.0,0.4871229296328012,0,Budget Shoppers
CUST_02404,59.0,58765.07131345569,West,mobile,94.2463564941044,5.0,70.57047458761306,30.0,0.1390709112449925,5.421496719729987,31.0,0.0603413418550629,0.0,0.4318650118826759,0,Budget Shoppers
CUST_02405,61.0,45941.49313903406,North,online,32.17849813947789,5.0,123.89428259532184,22.0,0.0336786078895138,1.431497508988382,18.0,0.0356171020996339,1.0,0.0707288626481172,0,Budget Shoppers
CUST_02406,31.0,58912.05666494995,Central,mobile,5.418289296688513,10.0,216.82489878772776,31.0,0.1506647632845202,11.568396354438429,9.0,0.3454490432100512,1.0,0.3171800387847344,0,Budget Shoppers
CUST_02407,31.0,45125.02809276307,East,store,81.10935995986753,10.0,46.90298169704055,29.0,0.1010658168332361,3.860728402212137,3.0,0.197919213519376,3.0,0.1443064030868555,0,Budget Shoppers
CUST_02408,19.0,80124.41204768514,Central,mobile,6.709545104258345,9.0,93.2374840375309,29.0,0.2934993366806736,11.015019523259904,71.0,0.2718817959736271,2.0,0.2364416012352189,0,Budget Shoppers
CUST_02409,72.0,20611.05656907423,West,store,15.232707185059793,15.0,16.757274053889816,24.0,0.0570953830288507,10.890697713478142,26.0,0.1372632376280784,0.0,0.3376851519424872,0,Budget Shoppers
CUST_02410,54.0,68583.17240476061,South,online,16.4785853448101,9.0,73.70861575158753,25.0,0.1251579167094425,1.139991836585117,13.0,,1.0,0.11588036788543,0,Budget Shoppers
CUST_02411,22.0,65404.90743129015,East,mobile,20.752361467365464,9.0,61.2714195052118,24.0,0.1877363838130403,1.3764356213067166,34.0,0.4442754357332801,2.0,0.0710982842542745,0,Budget Shoppers
CUST_02412,55.0,63412.35121187274,West,mobile,54.65031809418549,10.0,72.66309558179002,26.0,0.2017576725507475,7.34458344560394,43.0,0.4040696614735318,1.0,0.4336557915334161,0,Budget Shoppers
CUST_02413,62.0,80538.97687504071,East,store,56.70761938121455,8.0,14.771666693936467,27.0,0.1266758523532728,0.4306853777557298,93.0,0.4384842953563628,2.0,0.5543906254788824,0,Budget Shoppers
CUST_02414,58.0,51705.28101905516,Central,mobile,44.510709348221006,14.0,66.06127321725067,29.0,0.1557823386881393,5.053936221629444,33.0,,1.0,0.3219488601614059,0,Budget Shoppers
CUST_02415,71.0,63619.5445805851,North,online,1.0,11.0,265.4958089278433,27.0,0.1840595254901588,6.333482276037223,69.0,0.2473629939038569,0.0,0.1014809718079442,1,Loyal High-Value
CUST_02416,64.0,20236.07845989804,West,store,29.121862854707302,5.0,359.5144078925188,37.0,0.0798893895257675,2.361465444121289,36.0,0.2991971163383476,1.0,0.1138186410342609,0,Budget Shoppers
CUST_02417,31.0,48863.02859302509,South,mobile,48.17106466047555,12.0,35.97259269418598,29.0,0.1266719109782715,9.242050159894552,79.0,0.5142761052119903,1.0,0.6111464605614675,0,Budget Shoppers
CUST_02418,73.0,76826.20148585492,Central,online,20.583925249209585,18.0,46.46087234768962,24.0,0.0664037787501156,5.178974172306657,74.0,0.6790552867987465,0.0,0.429271391672327,0,Budget Shoppers
CUST_02419,56.0,28538.4418181974,West,mobile,101.47409852135928,5.0,8.0,28.0,0.240169310703389,5.07774005279477,68.0,0.3097682543516656,2.0,0.2783091564362288,0,Budget Shoppers
CUST_02420,42.0,61514.35407511639,South,store,60.766834898546186,14.0,15.967156889345295,35.0,0.2333308929290806,2.81221355663448,47.0,0.2995893008080982,2.0,0.045591096191655,0,Budget Shoppers
CUST_02421,37.0,43094.62441855647,West,mobile,35.57888308191562,7.0,55.02935410438306,29.0,0.051022987928175,10.653587632074958,61.0,0.6732462797630658,0.0,0.1913483173946814,0,Budget Shoppers
CUST_02422,19.0,55558.28662102184,Central,online,2.2560552087416346,7.0,150.2186307523014,28.0,0.2335010229537401,0.1346561582066554,45.0,0.2866765300272713,1.0,0.223162338924198,0,Budget Shoppers
CUST_02423,56.0,,West,store,36.97918905914072,7.0,44.92795978741875,29.0,0.1120551771916577,0.0827129128353152,96.0,0.1853296570830093,1.0,0.2292485326142721,0,Budget Shoppers
CUST_02424,23.0,30561.69670554453,East,mobile,84.89784033125491,7.0,10.190842499672554,27.0,0.0578881912720197,11.945452372947097,88.0,0.1464509881414128,1.0,0.1817625521353637,0,Budget Shoppers
CUST_02425,34.0,66492.07292911562,Central,mobile,16.69995822299876,6.0,170.63180687051116,34.0,0.1264621135683155,0.2530310645302469,84.0,0.4903139754413448,1.0,0.3750663518169212,0,Budget Shoppers
CUST_02426,42.0,56908.87123545558,West,online,63.73420682423225,11.0,81.74318729220948,38.0,0.0843487639103742,1.8617057955835312,48.0,0.4019595207458625,0.0,0.1586653941605274,0,Budget Shoppers
CUST_02427,74.0,71477.84063311838,North,online,13.147945106810216,12.0,95.19875127218964,27.0,0.3691115790641798,10.59507109535744,41.0,0.6541031553601817,4.0,0.3250837312094962,0,Budget Shoppers
CUST_02428,,75477.63397597494,West,mobile,29.54736092178405,2.0,51.29310989397417,28.0,0.1888482133932564,7.388669880470512,38.0,0.3178103412890424,1.0,0.5699222713065512,0,Budget Shoppers
CUST_02429,,84955.69221595832,East,store,36.58656977059066,8.0,123.42782129576722,36.0,0.0490400972663528,7.49993056528697,68.0,0.4722804255378372,3.0,0.1619564663810517,0,Budget Shoppers
CUST_02430,52.0,60936.70839973863,South,online,39.66159127870456,10.0,287.87004940123205,22.0,0.176995539220929,5.708717013277536,75.0,0.2574737257851601,1.0,0.2523737332933273,0,Budget Shoppers
CUST_02431,54.0,85909.66254127058,South,online,74.96078558725816,9.0,104.89634052275215,23.0,0.1776282309971426,1.807240344516022,11.0,0.2378513458570325,3.0,0.3043542695919983,0,Budget Shoppers
CUST_02432,22.0,36532.960837399005,South,online,9.35850294399907,10.0,115.12260273075768,27.0,0.0639415768100769,4.4054694807501145,16.0,0.2517735368601135,2.0,0.2876361739665221,0,Budget Shoppers
CUST_02433,18.0,77997.11624301889,North,mobile,10.650933051321106,11.0,60.80181827743502,30.0,0.1660641132822004,8.61499841132536,65.0,0.2089051723786903,0.0,0.1976866445100135,0,Budget Shoppers
CUST_02434,57.0,68106.58915921277,East,online,42.61370138072181,15.0,11.211884083654834,30.0,0.131493523478634,5.824359278301433,97.0,0.2186541674971198,0.0,0.4322345973680228,0,Budget Shoppers
CUST_02435,29.0,505024.30684260256,Central,online,6.826211040555729,7.0,72.74322972888248,23.0,0.1086598582257953,8.757676087865507,71.0,0.4241602938655706,3.0,0.2592564610082821,0,Budget Shoppers
CUST_02436,73.0,67784.10915158858,South,online,21.844400622824946,9.0,336.1110288946457,28.0,0.1045320830796996,0.087027295453248,67.0,0.3991491856766989,0.0,0.0787917662878719,0,Budget Shoppers
CUST_02437,53.0,36863.74467661984,East,mobile,1.0,14.0,148.21385042933318,37.0,0.1673492281173173,7.869187896057844,71.0,0.437631726308358,1.0,0.3617218722080174,0,Budget Shoppers
CUST_02438,62.0,31671.570181649506,West,online,5.318680589631456,10.0,87.59082768884798,36.0,0.0562719590147397,7.115384017609177,1.0,0.2463078260967464,1.0,0.4193559263248346,0,Budget Shoppers
CUST_02439,40.0,95616.22009369396,North,online,39.75425016532634,10.0,126.08845183429383,23.0,0.1499169289946753,11.692675013584934,97.0,0.2607098472087151,2.0,0.4010915793393491,0,Budget Shoppers
CUST_02440,,54288.11207966005,East,store,48.1667191743045,8.0,106.2958824029561,20.0,0.1502309730484704,10.884202295724666,71.0,0.2212233025801284,3.0,0.4257992972387203,0,Budget Shoppers
CUST_02441,48.0,53974.14472025259,East,online,4.288486597517625,9.0,316.55129220812535,23.0,0.1342113126314818,7.203908409725998,4.0,0.282154311423463,3.0,0.3217517639578637,0,Budget Shoppers
CUST_02442,28.0,33749.19156669158,Central,online,9.04380993868888,5.0,32.94286088866064,33.0,0.2089675298171399,6.91440595403232,82.0,0.2322533986189688,4.0,0.1007779430746702,0,Budget Shoppers
CUST_02443,27.0,25400.877279069588,East,store,3.645039101161785,6.0,285.4024145407528,27.0,0.0245812927064643,1.110844700245151,37.0,0.3037668730436777,3.0,0.138577969554649,0,Budget Shoppers
CUST_02444,20.0,56056.98466612979,Central,online,19.88435260909062,8.0,151.61412104296076,25.0,0.1666363785597908,11.292791352742352,14.0,0.3909816788507633,0.0,0.2403279702818795,0,Budget Shoppers
CUST_02445,71.0,50485.06572680799,North,mobile,4.718270067051992,12.0,17.76776232034431,29.0,0.0905303229549819,8.482740362841096,79.0,0.2449574230389209,3.0,0.1128336720769723,0,Budget Shoppers
CUST_02446,31.0,58038.15584833392,North,online,20.12505510723424,15.0,60.458235397103785,26.0,0.1151411522621022,6.026588617828812,25.0,0.2451300763795644,1.0,0.3215238800067808,0,Budget Shoppers
CUST_02447,33.0,59917.386688407845,West,mobile,46.099724713654304,10.0,74.52004566449041,35.0,0.5222560790009683,10.289394510201616,82.0,0.3203322807000078,2.0,0.0544381544445109,0,Budget Shoppers
CUST_02448,27.0,112768.14378773526,Central,online,40.252808024962334,14.0,11.25480579417739,29.0,0.0699144190758751,8.768387716177903,4.0,0.1417838622060145,0.0,0.0434714061830626,0,Budget Shoppers
CUST_02449,46.0,50551.240423743,Central,store,11.520034282856018,8.0,105.02480110883133,30.0,0.1507418580202079,6.76283229789533,66.0,0.1166980050881165,4.0,0.4583744746624059,0,Budget Shoppers
CUST_02450,27.0,92758.68237475582,South,online,39.204542517340656,11.0,39.03196954057381,27.0,0.1230585436968817,6.469489780771898,43.0,0.2078529602149162,4.0,0.2318142812673996,0,Budget Shoppers
CUST_02451,29.0,94124.5327309888,South,online,91.94846323266232,7.0,79.65424459375714,31.0,0.1211639264252226,11.115384859186271,26.0,,1.0,0.2626252170041498,0,Budget Shoppers
CUST_02452,47.0,,West,mobile,14.944353036428472,10.0,75.09071091453325,27.0,0.166643951179481,9.58920695057537,84.0,0.2610221154259387,1.0,0.4300013450022591,0,Budget Shoppers
CUST_02453,58.0,,North,store,13.970730692780757,6.0,95.87020620268557,28.0,0.0307997577253631,4.837017692429065,15.0,0.3232259403005227,0.0,0.2866438008622894,0,Budget Shoppers
CUST_02454,18.0,28047.60860507996,South,online,29.65624832759797,9.0,243.37942547271555,34.0,0.0576566121851678,7.54594324599471,6.0,,1.0,0.76023300337497,0,Budget Shoppers
CUST_02455,22.0,68514.76530134595,East,store,9.859584037751036,8.0,197.2871847871475,38.0,0.0788822239550007,2.356318981402353,37.0,0.27102619472893,3.0,0.6482225848439429,0,Budget Shoppers
CUST_02456,37.0,80413.86575342077,North,online,36.90202437501029,13.0,268.2653025056428,21.0,0.1528837358762482,11.199086928425896,43.0,0.5339958170779789,4.0,0.1180195151147326,0,Budget Shoppers
CUST_02457,25.0,771592.9937138052,East,mobile,62.487273573742,8.0,110.42773658272016,32.0,0.0079393982379207,8.34301505245104,42.0,0.6554033991728779,1.0,0.414812575303292,0,Budget Shoppers
CUST_02458,60.0,37100.9250065708,Central,online,21.522371763064687,7.0,124.35868547476048,21.0,0.1295250878488368,11.520327202955846,13.0,,1.0,0.1019074203521294,0,Budget Shoppers
CUST_02459,29.0,52642.41943792412,North,mobile,39.82635501506639,11.0,73.18645308757638,25.0,0.2426976515353989,3.503546195979768,16.0,0.1419063761146975,1.0,0.1567497145690268,0,Budget Shoppers
CUST_02460,18.0,297879.83208557894,West,online,36.93282640881022,11.0,164.20077294038632,27.0,0.0741376191085877,3.782138129372571,42.0,0.466221639270734,3.0,0.3252505486348894,0,Budget Shoppers
CUST_02461,74.0,44063.4841663877,Central,online,1.380152199616833,9.0,29.8065924813671,28.0,0.2471277558642394,9.985316250835565,38.0,0.1461641614232496,2.0,0.2369689063106796,0,Budget Shoppers
CUST_02462,71.0,72616.5257531838,Central,online,7.091904932041868,8.0,83.81189740562516,27.0,0.1924739397513363,3.141980146433525,66.0,0.2702791484435263,5.0,0.216389935068723,0,Budget Shoppers
CUST_02463,37.0,43055.29507395381,East,online,78.39622142562263,4.0,162.8079735035066,21.0,0.0618679439650139,4.291756179192273,65.0,0.5877391080562244,0.0,0.0882570974845936,0,Budget Shoppers
CUST_02464,45.0,39866.03409902579,Central,store,97.82902150111748,8.0,195.58923816355932,27.0,0.0825011202715077,10.61162462856048,5.0,0.2446537232159744,1.0,0.3015613526363448,0,Budget Shoppers
CUST_02465,74.0,75533.90900189005,South,store,53.06448333390131,14.0,37.043781039798965,42.0,0.1244755844509329,6.213029891018397,30.0,0.1801695267507373,7.0,0.0396120458259472,-1,Noise / Outliers
CUST_02466,60.0,67916.25338095803,North,mobile,88.95087208887993,13.0,26.044380161561616,40.0,0.0835269302107643,3.60463504172825,95.0,0.1913888254210967,0.0,0.2809504252028031,0,Budget Shoppers
CUST_02467,54.0,65700.24635457384,South,online,12.792413753888969,10.0,44.25560300549528,33.0,0.0504374409336139,4.911943921019308,43.0,0.4462796645040743,0.0,0.4588237443259825,0,Budget Shoppers
CUST_02468,64.0,43636.47811962055,East,online,9.96221389925351,9.0,328.5977945323167,31.0,0.0729933514122999,8.542940748971457,32.0,0.2635347039900297,1.0,0.1595860473986167,0,Budget Shoppers
CUST_02469,54.0,86446.51212072345,East,mobile,16.974851309315945,11.0,17.9727061521279,27.0,0.1708419696945669,1.9039687204295497,67.0,0.3056170286866309,1.0,0.4263369016196203,0,Budget Shoppers
CUST_02470,29.0,58318.7843410354,North,store,1.9926312076707475,12.0,397.7524680849583,27.0,0.0703069281929449,11.545921774352472,67.0,0.1462860173860328,0.0,0.2537561529484733,-1,Noise / Outliers
CUST_02471,54.0,110364.18305260492,Central,online,58.10195110092411,6.0,683.9980969182334,24.0,0.1133626269414476,5.9150415676250585,42.0,0.4157583682518495,4.0,0.2449159686752036,0,Budget Shoppers
CUST_02472,66.0,61545.65572834098,West,store,145.11682382410345,12.0,198.8879798482531,28.0,0.1274724452678514,9.17905951906245,5.0,0.1740003397813435,2.0,0.364827341253995,0,Budget Shoppers
CUST_02473,66.0,12000.0,East,store,60.81032062331204,11.0,185.75420751996373,29.0,0.1022450231297948,8.42359585218787,99.0,0.3835120433738446,2.0,0.306467013266371,0,Budget Shoppers
CUST_02474,73.0,12000.0,North,store,28.336894986900084,10.0,398.2839551502226,31.0,0.0438877832602435,8.168863135825084,86.0,0.1559198081015615,1.0,0.2770764759434088,0,Budget Shoppers
CUST_02475,61.0,71726.89872060031,West,online,12.248513000720456,5.0,44.621795218483975,36.0,0.1924166993457182,5.040586016970787,96.0,,4.0,0.2455382901839423,0,Budget Shoppers
CUST_02476,73.0,86610.87135127772,Central,online,7.709451556511564,10.0,17.952073435890842,28.0,0.2251735792960789,0.5081651586336213,59.0,0.1731105009744489,0.0,0.3262927802298404,0,Budget Shoppers
CUST_02477,45.0,40755.78114167531,East,online,15.84294514441415,16.0,225.18246366824528,21.0,0.0372813035483002,8.897363677406462,23.0,0.3693416786175784,3.0,0.4136648126672931,0,Budget Shoppers
CUST_02478,64.0,104221.53300109733,North,mobile,38.48324516153548,11.0,24.36859725484489,25.0,0.0610504617123593,11.445326558976513,8.0,0.2388625016886927,0.0,0.2548345537523371,0,Budget Shoppers
CUST_02479,32.0,94585.97661387028,North,online,20.73780084824582,8.0,8.0,26.0,0.2632195254712822,6.060340900346038,68.0,0.2195515075887482,2.0,0.2156487240681625,0,Budget Shoppers
CUST_02480,23.0,62632.02879570526,North,online,95.16525595042232,10.0,28.43492132733722,32.0,0.2690537651343546,11.44598158668878,70.0,0.4152652478683881,0.0,0.1774130401491996,0,Budget Shoppers
CUST_02481,,69867.9867318349,East,mobile,67.39806484796871,14.0,74.89133933120907,23.0,0.1678713895702119,6.418808337206547,91.0,,1.0,0.1886273367618475,0,Budget Shoppers
CUST_02482,37.0,77679.66478254736,West,online,3.7811000656490896,7.0,88.84191833750116,18.0,0.0429806719050012,2.0084330656534592,19.0,0.169695799665625,1.0,0.1774037171214777,0,Budget Shoppers
CUST_02483,67.0,99579.88774105134,North,online,4.935585786916156,12.0,8.390243256345649,27.0,0.1684638674003352,2.8735830940096903,44.0,0.2108052094228349,0.0,0.1091531875456447,0,Budget Shoppers
CUST_02484,31.0,73006.9912684028,Central,mobile,39.47125917167596,12.0,76.16677853127455,22.0,0.0303011836022267,10.376616848610295,93.0,0.1386873881673089,0.0,0.4152464016214719,0,Budget Shoppers
CUST_02485,19.0,62134.49634996528,North,mobile,9.182711000489215,7.0,120.52535626881458,28.0,0.0887795559339039,7.45834580830126,38.0,0.215705784213265,2.0,0.2370570272850385,0,Budget Shoppers
CUST_02486,26.0,72790.62634690627,West,mobile,54.7947396305856,8.0,349.1027407608664,23.0,0.1442628058420353,4.972717562675895,44.0,0.1706020965568825,0.0,0.4336970502400459,0,Budget Shoppers
CUST_02487,54.0,69821.92619188297,East,online,31.322065605515224,9.0,33.52566636774488,29.0,0.1621005875340951,9.592638676411475,6.0,0.3969783995310241,3.0,0.2668866995178159,0,Budget Shoppers
CUST_02488,37.0,78337.02412004987,North,mobile,9.14006430745499,16.0,30.80368613040748,19.0,0.1313798294493507,7.700508826744612,3.0,0.2551162487487111,0.0,0.1211596342768629,0,Budget Shoppers
CUST_02489,43.0,23459.4875522502,North,mobile,22.79914914843087,5.0,64.13605507157483,37.0,0.3132210757784875,10.46742250952974,96.0,0.2288989492738629,1.0,0.4110999686198743,0,Budget Shoppers
CUST_02490,46.0,64948.77589884401,Central,online,18.23515421688588,8.0,534.7945098099806,26.0,0.3162240917157253,11.65131558487642,80.0,,2.0,0.5584394851025242,0,Budget Shoppers
CUST_02491,18.0,68129.6911667542,Central,mobile,72.26883220225064,9.0,53.27552257507919,24.0,0.2237361170090739,7.814846918921092,33.0,0.4838004592325232,1.0,0.3542978750819348,0,Budget Shoppers
CUST_02492,72.0,56397.36232485222,North,online,1.14418681453848,7.0,8.0,30.0,0.1636094995346559,11.648665420931255,66.0,0.2808668157127023,1.0,0.111328546598844,0,Budget Shoppers
CUST_02493,52.0,75251.66177278629,North,online,79.16525582318774,10.0,40.13381667443777,25.0,0.1161489867977774,5.644623003720724,58.0,0.2297618064692862,1.0,0.4093618268255017,0,Budget Shoppers
CUST_02494,23.0,100265.68765251891,Central,online,36.95266476719036,5.0,106.22663323051404,22.0,0.0966308808058496,10.079826183342911,26.0,,2.0,0.4144487607388663,0,Budget Shoppers
CUST_02495,54.0,61040.77688429769,West,online,46.81773893677821,7.0,69.15395010912599,20.0,0.1589835319762237,10.877338100722222,99.0,0.2619765342851958,3.0,0.129205284445337,0,Budget Shoppers
CUST_02496,70.0,73217.86377556919,South,online,1.0,5.0,193.4670072294104,25.0,0.1134621682234488,0.5420626215180646,28.0,0.3685682180839207,1.0,0.206871458145325,0,Budget Shoppers
CUST_02497,22.0,93337.82472993416,South,store,34.63268451366844,10.0,121.50280581989986,31.0,0.1692997355411385,10.381101071973424,43.0,0.30231399559129,1.0,0.2244166467145565,0,Budget Shoppers
CUST_02498,50.0,61554.41913072082,North,online,31.07694223895657,8.0,106.56719994035682,28.0,0.0593755473946041,4.904269994194197,75.0,0.2452244144859508,2.0,0.5299806622570975,0,Budget Shoppers
CUST_02499,66.0,38453.809548106205,Central,store,26.966530141432536,10.0,50.70975934279888,30.0,0.111444079922341,4.778747760893396,88.0,0.720399296044889,1.0,0.2054912283211382,0,Budget Shoppers
CUST_02500,,71547.13467993433,East,mobile,53.9405052374605,10.0,104.34039821235548,25.0,0.2003743511700785,9.379313060113908,16.0,0.4124148267236882,3.0,0.14903712581708,0,Budget Shoppers
CUST_02501,31.0,12000.0,East,online,28.407415233900853,12.0,124.28616965113063,23.0,0.3753323198835574,2.956000453348605,89.0,0.5077285560501547,2.0,0.0688757540997087,0,Budget Shoppers
CUST_02502,29.0,12000.0,South,online,68.09566844706042,8.0,25.672608469228862,33.0,0.0771421863109089,0.3783560629542246,23.0,0.6092146112578233,0.0,0.1568949957879542,0,Budget Shoppers
CUST_02503,59.0,65326.26503655768,West,mobile,9.267584619822529,10.0,173.0697795031787,16.0,0.1467622646192099,3.2538729519370078,59.0,,2.0,0.3003134086307689,0,Budget Shoppers
CUST_02504,37.0,12000.0,South,mobile,57.39325817320633,8.0,64.88509380767086,30.0,0.0801657549829117,7.781284784011577,35.0,0.1556937733426144,1.0,0.1049625275731755,0,Budget Shoppers
CUST_02505,70.0,29066.3096665798,North,online,6.916462272909992,7.0,176.26243820159175,21.0,0.1266363651556354,11.441147100443342,89.0,0.5242522133256843,1.0,0.2209643184147117,0,Budget Shoppers
CUST_02506,67.0,49637.8316027729,West,online,58.704686746215714,8.0,25.43617107920396,28.0,0.0761275340022353,4.7486638772991565,41.0,0.1792024083731371,1.0,0.6294029294567075,0,Budget Shoppers
CUST_02507,41.0,42128.84030559049,East,mobile,98.7408108884983,11.0,138.92172579467953,23.0,0.0710737164372497,9.570499056225804,97.0,0.1561242684728036,2.0,0.6950704361977691,0,Budget Shoppers
CUST_02508,60.0,54748.25692196341,Central,online,14.315441227922472,8.0,8.0,28.0,0.0717270838665553,2.4064417044107755,22.0,0.5183097944412012,2.0,0.3362507803976444,0,Budget Shoppers
CUST_02509,51.0,82483.14309690693,Central,store,26.4173254932648,7.0,22.50598276517437,22.0,0.0848459591073531,10.222940955856,74.0,0.2940732193430873,2.0,0.163315075936161,0,Budget Shoppers
CUST_02510,42.0,505972.6228000518,North,mobile,37.58674711129196,7.0,3459.326752000298,37.0,0.4510623711212472,9.185200588017487,1.0,0.1736216837599246,0.0,0.3562788351179922,-1,Noise / Outliers
CUST_02511,67.0,39534.951160851895,South,online,2.8982624134602504,9.0,80.45904172173996,29.0,0.1596013228216661,5.377728914045092,46.0,0.5525205539741064,0.0,0.3236248358438093,0,Budget Shoppers
CUST_02512,46.0,87797.70360125406,North,online,23.848235059677418,18.0,92.1697151455621,27.0,0.2578533120935469,10.738392258517983,22.0,0.4794713452574909,3.0,0.1182347110781604,0,Budget Shoppers
CUST_02513,74.0,26565.1407960278,Central,online,15.652054128338566,6.0,309.58047692108653,30.0,0.1531337802354424,0.4544176807276452,32.0,0.0543313910689024,1.0,0.183587472838699,0,Budget Shoppers
CUST_02514,56.0,62881.43719298619,East,store,72.07518446563327,11.0,86.24968030897465,30.0,0.1524052022057876,9.430801156436695,87.0,0.378244397082531,3.0,0.4506070579014933,0,Budget Shoppers
CUST_02515,48.0,,Central,online,73.25390706147351,6.0,138.19246621290958,30.0,0.0695092914210512,0.4224299735477412,30.0,0.1955845149372824,1.0,0.5874743217267131,0,Budget Shoppers
CUST_02516,73.0,63550.99392607187,West,online,42.23011279737942,5.0,32.62623110709161,30.0,0.0890085094060679,10.379953657916024,87.0,0.4581452496195979,0.0,0.3191773244604646,0,Budget Shoppers
CUST_02517,64.0,50990.19711436285,Central,mobile,37.32095486849583,8.0,11.062091642206676,40.0,0.2454690383100014,2.121347214353174,43.0,,1.0,0.0732507738066423,0,Budget Shoppers
CUST_02518,60.0,,Central,online,46.308095742893386,16.0,56.67386646546685,28.0,0.0516611963940102,0.459385774012897,12.0,0.2625124736972788,4.0,0.4631565089821665,0,Budget Shoppers
CUST_02519,67.0,73855.16836627305,West,online,15.948998235782184,5.0,208.37140339992416,24.0,0.048428985838657,3.705434731896336,83.0,0.293444014358177,1.0,0.0799740539491718,0,Budget Shoppers
CUST_02520,40.0,45082.934696183416,South,store,18.14351738602217,9.0,76.97340638780834,25.0,0.1536306551581516,2.1448594555895717,71.0,,2.0,0.5621967581707855,0,Budget Shoppers
CUST_02521,61.0,40863.32790204269,Central,online,28.23710714024597,10.0,23.93346546124142,32.0,0.4586132259939543,7.821913556302256,27.0,0.4161162623560127,5.0,0.4065539414403148,0,Budget Shoppers
CUST_02522,55.0,51067.8718732936,North,store,97.33761324153856,14.0,102.39753312471444,28.0,0.3058918719298945,5.66834788585258,26.0,0.4588004072888074,4.0,0.1515772671555317,0,Budget Shoppers
CUST_02523,37.0,99262.57212075547,Central,store,45.05738850117923,10.0,39.82007673995552,31.0,0.3270302008178579,1.556911934519687,18.0,0.079510715774446,1.0,0.2990666278309788,0,Budget Shoppers
CUST_02524,40.0,93619.50658437778,North,online,28.024795301138575,9.0,381.0579673165969,36.0,0.1598061443373655,10.993648216557707,92.0,0.3777208736425002,1.0,0.040708378483219,0,Budget Shoppers
CUST_02525,62.0,36698.09992188969,West,online,51.50156554317622,11.0,111.97668116592622,29.0,0.10259709097251,4.413532156518001,75.0,0.3018531892265328,2.0,0.3359296332702098,0,Budget Shoppers
CUST_02526,69.0,75604.95743602965,Central,online,16.220737859418982,7.0,529.4034385913455,28.0,0.1058498821084667,3.394095740314925,66.0,0.311414195843768,0.0,0.5870339183822922,0,Budget Shoppers
CUST_02527,33.0,19908.508564260155,West,mobile,45.8872168425956,5.0,8.0,22.0,0.084431179158733,8.376659846173562,81.0,0.3473508654193335,2.0,0.1093619207469613,0,Budget Shoppers
CUST_02528,67.0,48158.46585673797,West,online,18.507285404407604,6.0,8.0,27.0,0.2059567256230624,4.722007820014195,61.0,0.2033659819685115,1.0,0.4984142561125045,0,Budget Shoppers
CUST_02529,59.0,37593.58423702591,South,store,11.481186831752822,6.0,84.28635588917304,26.0,0.291305239800144,1.7460517942760505,46.0,0.5085711594671507,0.0,0.3201522751209691,0,Budget Shoppers
CUST_02530,72.0,81524.14806659371,Central,mobile,32.931542686445866,7.0,257.46472393297114,28.0,0.0998608721505489,6.98851370269252,29.0,0.2530911815736634,4.0,0.7534991458061947,0,Budget Shoppers
CUST_02531,25.0,29604.214564654936,North,online,40.64063435977813,9.0,96.61505381839144,25.0,0.0230143863929427,0.3643406167729628,32.0,0.3040351644814524,1.0,0.2614437600218112,0,Budget Shoppers
CUST_02532,67.0,67445.70517929438,North,mobile,21.52075710260787,10.0,271.567414727154,26.0,0.1738021199906171,7.526110446167436,15.0,0.4989111158287115,1.0,0.3431287719332884,0,Budget Shoppers
CUST_02533,38.0,58015.6226744512,Central,online,29.17463561214468,15.0,18.188680925336563,28.0,0.0816179784342615,10.410650319778073,60.0,0.24531973259793,1.0,0.0641468813918694,0,Budget Shoppers
CUST_02534,18.0,54140.125745950776,South,store,41.45351459368034,10.0,156.22528100824982,21.0,0.1944128699054972,3.144204299998685,82.0,0.3111764654910691,0.0,0.4372909686455521,0,Budget Shoppers
CUST_02535,72.0,94774.82491637676,South,mobile,51.09191184540179,11.0,140.19836775429172,26.0,0.0620626164254979,10.227839833183076,28.0,0.5896724190488423,1.0,0.3402236824408844,0,Budget Shoppers
CUST_02536,25.0,96713.33823135484,South,online,79.07383581942099,10.0,102.35918356274644,37.0,0.1272598878557389,2.940475467649533,27.0,0.3045476893418312,1.0,0.1594074281422645,0,Budget Shoppers
CUST_02537,46.0,54823.35799403463,North,online,15.322949417870367,12.0,67.51810172851721,32.0,0.0981472253117117,2.429533829032435,41.0,0.2727372278177031,1.0,0.6211636159500155,0,Budget Shoppers
CUST_02538,49.0,50389.84138680013,West,store,105.90029021748734,10.0,135.3925095929754,36.0,0.3504666528452724,8.584616724101537,47.0,0.0729243900680453,3.0,0.286216281620145,-1,Noise / Outliers
CUST_02539,55.0,24848.786986330328,South,mobile,35.49432490598311,8.0,103.83266228398638,24.0,0.2128326266700827,0.7861100809377146,33.0,0.2229356173160559,0.0,0.1274196539517351,0,Budget Shoppers
CUST_02540,22.0,57906.30228073738,North,store,54.24173224464596,10.0,41.3808193690478,25.0,0.2809520183914787,0.4876198038137778,44.0,0.1910902145469762,2.0,0.2065387482983518,0,Budget Shoppers
CUST_02541,64.0,100972.6716264118,North,online,42.11211359076637,6.0,14.365255034258675,31.0,0.0561253053535715,5.47180188565947,50.0,0.1596174377993875,2.0,0.1558632152137061,0,Budget Shoppers
CUST_02542,39.0,55167.82253038569,West,online,8.054640104799647,10.0,63.54625769887687,30.0,0.1597797270101128,0.409118523837698,10.0,0.2827055029655047,2.0,0.1178295080822468,0,Budget Shoppers
CUST_02543,64.0,74032.70422916315,Central,online,2.594148848436093,7.0,93.38341418239006,25.0,0.1009971909601684,5.960146687450328,24.0,0.3939418302561531,5.0,0.1290909626613044,0,Budget Shoppers
CUST_02544,,27255.058873776183,Central,mobile,45.34856230156921,10.0,92.34220089989866,30.0,0.2909064273404853,7.79313677883106,34.0,0.1712685038359715,0.0,0.4255563894169413,0,Budget Shoppers
CUST_02545,,48434.95154586077,South,online,25.04251751432408,14.0,72.07182122133227,38.0,0.0423417464031022,2.738531486116794,91.0,0.186021138793462,0.0,0.4855519169407026,0,Budget Shoppers
CUST_02546,72.0,68174.23672765832,South,online,42.39823176044228,5.0,51.54991771832712,28.0,0.0749970788132567,10.786476923171955,20.0,0.4723502809619211,1.0,0.2699469998780401,0,Budget Shoppers
CUST_02547,72.0,60328.97275705716,West,mobile,22.675565288282744,8.0,56.10063170847255,44.0,0.1100575080551402,2.403343484759934,25.0,0.1105607914599052,3.0,0.0359495931051718,0,Budget Shoppers
CUST_02548,43.0,76142.68135703236,South,mobile,13.10075801501266,7.0,,26.0,0.0480384966680529,2.849954388994416,55.0,0.3786816941226222,0.0,0.0851906924937715,0,Budget Shoppers
CUST_02549,60.0,44741.2185397094,West,online,11.74242245810598,5.0,112.74668305937944,25.0,0.1239472172480311,10.956727674150947,90.0,0.1677359456761965,0.0,0.0555878026848173,0,Budget Shoppers
CUST_02550,27.0,19500.25192587936,North,online,45.89571419118811,16.0,246.52808621427275,30.0,0.1468172079773402,8.250502395567256,43.0,0.2714302357113384,1.0,0.4068169698292302,0,Budget Shoppers
CUST_02551,47.0,82685.98506708995,South,mobile,11.341467482185854,17.0,275.29854933495056,24.0,0.1047476443755668,6.34363572225751,53.0,0.5239917235726397,0.0,0.2016565040862668,0,Budget Shoppers
CUST_02552,67.0,37404.71563604001,North,online,43.89465341579826,11.0,659.2527224369128,33.0,0.060585606114482,3.961846704189062,85.0,0.5009433681487738,1.0,0.184161823003791,0,Budget Shoppers
CUST_02553,35.0,69145.28860504365,East,online,16.95552556387403,7.0,12.091679397053207,25.0,0.1711141259840153,9.22895667732951,50.0,0.2842119584383049,0.0,0.6101349111243436,0,Budget Shoppers
CUST_02554,34.0,67918.85106274513,West,online,51.575640359189215,8.0,31.34652542084895,28.0,0.1486752579588468,7.060067205027565,55.0,0.1348345825960474,0.0,0.274204417459523,0,Budget Shoppers
CUST_02555,43.0,21397.42970929618,East,mobile,5.39334581651541,8.0,170.3130227557496,32.0,0.1791141839999832,4.103131633204768,13.0,0.2092523541865553,1.0,0.1745961139171864,0,Budget Shoppers
CUST_02556,25.0,81080.75917928056,South,store,8.028577759029226,9.0,134.72098208686717,25.0,0.2819423827158229,9.911675816152757,49.0,0.1785691932907109,0.0,0.0673632418768515,0,Budget Shoppers
CUST_02557,64.0,45535.52172036268,North,online,40.532828778581134,7.0,18.68299246204327,30.0,0.1130465562601008,9.53500818006296,97.0,0.2956161500957723,1.0,0.2155350977833858,0,Budget Shoppers
CUST_02558,57.0,59211.20168371315,South,online,28.752708713819448,6.0,129.6109745668674,30.0,0.2319319083141153,11.290297194901038,10.0,0.305998734183019,0.0,0.3637433377809743,0,Budget Shoppers
CUST_02559,,50119.98359275776,East,store,7.980114411971,8.0,67.81499437232767,31.0,0.0318626500460377,11.93851104097536,92.0,0.5217806360829992,1.0,0.1469696029317611,0,Budget Shoppers
CUST_02560,29.0,93697.013049124,South,store,81.59418765962651,11.0,408.628051187211,33.0,0.1231828857148892,0.1383810017690123,97.0,0.5216213319532551,1.0,0.490862649913613,0,Budget Shoppers
CUST_02561,44.0,87556.78458004938,Central,mobile,11.301036078998065,9.0,251.2506764845261,28.0,0.2507640914421135,3.8414516580478906,11.0,0.1740727305233967,0.0,0.3762068660423872,0,Budget Shoppers
CUST_02562,,18128.639157044112,East,store,19.13016426843132,9.0,9.88820385141771,34.0,0.1330553892094125,2.311764946915004,78.0,0.2215848822464494,1.0,0.2706817504249308,0,Budget Shoppers
CUST_02563,42.0,107694.19668198016,South,mobile,7.910265162139666,10.0,12.258907185388594,22.0,0.1509972111569394,2.563276159260846,84.0,0.1579449888420309,1.0,0.2299679793327946,0,Budget Shoppers
CUST_02564,63.0,43077.25188466568,North,mobile,17.187384392399213,11.0,70.15651937413094,28.0,0.0919549634778955,10.377790134002073,100.0,,2.0,0.0931884563949144,0,Budget Shoppers
CUST_02565,21.0,104253.60689360044,South,online,23.68025447436879,9.0,8.0,29.0,0.0512783214436665,11.699159865994462,20.0,0.3368630515513247,0.0,0.2791353718293947,0,Budget Shoppers
CUST_02566,50.0,52363.38941292034,North,online,12.246778933154683,8.0,12.888605769920105,32.0,0.0577822344819443,11.28081657151928,72.0,0.1552806043314375,4.0,0.1046512677566391,0,Budget Shoppers
CUST_02567,18.0,50499.83246597743,Central,online,51.30101068314335,9.0,350.6159546688428,28.0,0.3029070066868779,8.357652282657899,79.0,0.5265230815032065,2.0,0.1382536590601915,0,Budget Shoppers
CUST_02568,36.0,52558.7898722879,South,store,17.526764595718703,5.0,204.39841157329428,24.0,0.2017359920268409,6.659487790528655,97.0,0.2906621207806025,2.0,0.7754329696889929,0,Budget Shoppers
CUST_02569,48.0,49182.62781045122,Central,store,45.76320524311296,13.0,145.19771951895288,17.0,0.2373983676659624,7.65602239434502,83.0,0.1166300001864398,1.0,0.3938860281506848,0,Budget Shoppers
CUST_02570,33.0,113536.72383211087,East,mobile,8.120807698989339,6.0,230.53592986639975,28.0,0.0432743148946202,10.26814379631069,48.0,0.4086817622232209,3.0,0.6653178421148274,0,Budget Shoppers
CUST_02571,31.0,56320.00961494605,North,online,16.564300865492083,3.0,37.40817804287954,28.0,0.1514029584723367,0.0844231156657508,76.0,0.0899659602816729,1.0,0.2225884328976986,0,Budget Shoppers
CUST_02572,70.0,51349.47848414883,East,online,1.0,7.0,168.09623890395324,22.0,0.076412691948311,5.139064762528561,17.0,0.3147899605989578,2.0,0.5059607239348797,0,Budget Shoppers
CUST_02573,65.0,59694.23666484477,North,online,49.750948585809546,7.0,124.2782010029796,33.0,0.1224531765658138,6.0788599197089095,33.0,0.3494238494364592,3.0,0.1628464927156978,0,Budget Shoppers
CUST_02574,22.0,36718.62566765648,Central,online,34.41187531126326,12.0,245.4586124151501,22.0,0.3538086189281646,11.081534611628708,20.0,0.2986762546430548,1.0,0.5913181796161388,0,Budget Shoppers
CUST_02575,58.0,93136.65175438552,West,mobile,59.59724122014423,11.0,43.19166711755666,36.0,0.1150429552484284,2.064911903950148,46.0,0.1252818851014303,0.0,0.6047555056747829,0,Budget Shoppers
CUST_02576,43.0,25636.22161475111,South,store,21.283178871548422,9.0,187.5535935952558,29.0,0.1383243633109351,8.932273130315707,31.0,0.608238594333111,4.0,0.4287192218713146,0,Budget Shoppers
CUST_02577,,44491.81064442908,Central,online,56.284968988259934,8.0,248.9440328173287,30.0,0.1376845660646245,11.088168260507985,51.0,0.4166989974954238,1.0,0.1096326610374049,0,Budget Shoppers
CUST_02578,19.0,78606.52681662943,North,online,36.5028598303626,8.0,103.5194137653586,23.0,0.3214573394181221,9.168176072206734,83.0,0.1980131651606797,3.0,0.5848703000212907,0,Budget Shoppers
CUST_02579,67.0,58931.7468768835,North,mobile,1.0,9.0,69.42897912346623,26.0,0.0454420865967279,0.1234634915526191,19.0,0.0569979604202949,1.0,0.3334022656503552,0,Budget Shoppers
CUST_02580,23.0,70082.73401500103,North,online,10.24169897147871,9.0,385.9882673025101,33.0,0.0520945578388862,7.913348840247622,62.0,0.0354648275881224,4.0,0.1152897397821541,0,Budget Shoppers
CUST_02581,,91729.61056707946,North,store,23.83513698242264,14.0,24.061559791786465,33.0,0.157809336840004,2.5143755055272727,44.0,0.2389496884395078,2.0,0.2203335792790912,0,Budget Shoppers
CUST_02582,50.0,80083.63406331456,South,online,33.74474725778266,6.0,8.0,23.0,0.1915424388991778,7.261510449058476,77.0,0.1732424728107535,1.0,0.2690903073857973,0,Budget Shoppers
CUST_02583,58.0,,East,online,2.374431159450139,9.0,25.66239379332725,28.0,0.0576426539095898,6.853936521760863,38.0,0.5005476021302919,1.0,0.6505873719402162,0,Budget Shoppers
CUST_02584,42.0,103965.53829673956,West,online,42.73678158224672,12.0,149.53725819931472,24.0,0.090508964320072,11.48455725130695,49.0,0.344098071357631,2.0,0.3362889041323419,0,Budget Shoppers
CUST_02585,65.0,44176.60472648287,South,online,27.44859799066044,8.0,202.2333254728669,26.0,0.0849885139574083,2.2834598860135737,65.0,0.1632189613177842,0.0,0.1488870424987544,0,Budget Shoppers
CUST_02586,30.0,55793.18789816384,North,mobile,26.1128863874947,9.0,164.0209054785323,21.0,0.0259847372176999,0.6060965612667277,11.0,0.3777304554647514,0.0,0.0977736851327256,0,Budget Shoppers
CUST_02587,26.0,57330.31270693914,South,online,12.088143723415827,10.0,70.78462592748586,28.0,0.1199027414651958,7.335318996793879,27.0,0.182532657331915,4.0,0.0995269576307378,0,Budget Shoppers
CUST_02588,70.0,55746.72114762645,Central,online,31.620103055096248,12.0,445.7414866211288,24.0,0.1468659225608352,4.127239861910051,58.0,0.5367490448698741,2.0,0.3331438144143576,-1,Noise / Outliers
CUST_02589,30.0,34477.365546854475,North,online,1.0,12.0,76.37892023957512,33.0,0.040344964061433,9.002573570343806,64.0,0.4775789110999316,2.0,0.3889418426382949,-1,Noise / Outliers
CUST_02590,,23159.70384646904,West,online,2.341090461798062,13.0,517.3344591023493,24.0,0.2944149984939493,11.918578260141416,65.0,0.2295043022921535,1.0,0.462549248924048,-1,Noise / Outliers
CUST_02591,58.0,67178.43463634225,North,online,46.33197434212386,4.0,325.319442498718,27.0,0.0674921145594396,4.816380443735598,15.0,0.522695013850363,1.0,0.0635579364472169,0,Budget Shoppers
CUST_02592,28.0,44063.576717885546,West,mobile,13.595670974653878,11.0,67.96458575728187,14.0,0.094360899659135,1.8221849582543677,82.0,0.4671659622830377,2.0,0.5156185747606175,0,Budget Shoppers
CUST_02593,21.0,99971.79335758816,West,mobile,14.914470577995088,16.0,22.82213307926601,27.0,0.0496754146204459,6.649362631047364,89.0,0.4245764957655079,1.0,0.0358146192994304,0,Budget Shoppers
CUST_02594,51.0,56404.06888882473,East,store,8.178813063082,13.0,12.23716318858314,22.0,0.2992138782804611,4.154118850088466,1.0,0.3792512714622005,2.0,0.1419966638143451,0,Budget Shoppers
CUST_02595,55.0,52467.23633518721,East,online,20.646715432544443,9.0,98.56154294735846,32.0,0.1528706106975658,9.53616229179014,19.0,0.2379327809151658,0.0,0.2158391085913232,0,Budget Shoppers
CUST_02596,63.0,82075.4753008584,South,online,1.8687846751030264,9.0,187.2744892797253,27.0,0.0286039397930003,6.412098576107394,56.0,0.2177713496879226,0.0,0.4273317160968357,0,Budget Shoppers
CUST_02597,21.0,66848.23802384987,South,online,12.501788929876282,12.0,25.17354236122741,29.0,0.1240017365357191,10.898225266588817,64.0,0.2871537935115188,0.0,0.3401439993047791,0,Budget Shoppers
CUST_02598,55.0,54138.61658868493,West,online,26.2122670561226,9.0,49.79454519114056,29.0,0.0289015714048553,10.0580602073084,34.0,0.6833639819560487,2.0,0.5536268747706625,0,Budget Shoppers
CUST_02599,36.0,43903.90154918225,North,mobile,21.93346372000994,8.0,,32.0,0.2127458736785102,10.969401082252183,64.0,0.2681227878443039,1.0,0.5925476832812325,0,Budget Shoppers
CUST_02600,23.0,138469.43968797964,Central,store,280.5367964872284,4.0,80.3133946866619,27.0,0.236117585319269,3.588652321233919,10.0,0.2883595777794099,4.0,0.0559910452532003,-1,Noise / Outliers
CUST_02601,51.0,65959.28676975826,Central,mobile,17.22956232283192,6.0,120.38093980966856,20.0,0.2187087997427113,10.833166831746215,76.0,0.1116791795432589,1.0,0.0475252372058346,0,Budget Shoppers
CUST_02602,35.0,81857.45070245671,North,online,17.128608293599367,13.0,146.65910092605134,22.0,0.0243909407350908,10.397156572749154,60.0,0.310694433841198,1.0,0.3427715470517918,0,Budget Shoppers
CUST_02603,30.0,35495.198554863106,North,online,24.511778089614577,9.0,62.29048139620225,22.0,0.17443867734494,7.524119811739058,39.0,0.2123776196986434,2.0,0.1095684796836614,0,Budget Shoppers
CUST_02604,58.0,45284.32149867916,East,store,7.388335904640628,11.0,200.4108325640068,43.0,0.1263602724507823,10.925271655680184,66.0,0.4765399809806975,1.0,0.1022815553340848,0,Budget Shoppers
CUST_02605,40.0,104471.60954238634,Central,online,73.14761145138029,8.0,157.76396816879048,33.0,0.1060433414768801,0.6508450652868145,32.0,0.2329672666486756,1.0,0.3557481059622733,0,Budget Shoppers
CUST_02606,36.0,88732.48066582397,West,online,29.72402839467283,6.0,151.2317502541065,17.0,0.0849138566213757,9.42755499385333,51.0,0.2371411918697848,2.0,0.5277379879675209,0,Budget Shoppers
CUST_02607,62.0,68067.68628213223,South,store,7.466425615815606,13.0,21.048494165284573,25.0,0.2169607058375351,1.7461372945819522,26.0,0.3394119251019404,5.0,0.4134628002481615,0,Budget Shoppers
CUST_02608,28.0,49605.44038046549,East,mobile,55.20102196271466,14.0,83.57726905365624,35.0,0.2210491402350094,4.09088188002111,57.0,0.388670250876877,0.0,0.4479516283243601,0,Budget Shoppers
CUST_02609,18.0,52851.21301695533,Central,mobile,1.2227378229708348,9.0,111.9029563022228,24.0,0.1680457997972644,8.755006340880104,84.0,0.0976545960468684,2.0,0.268178464555016,0,Budget Shoppers
CUST_02610,41.0,43125.56382436516,North,online,141.72304120690458,6.0,33.36872757187344,28.0,0.0064532818402096,2.516207130007022,60.0,0.4435020911228283,2.0,0.0446237552273638,0,Budget Shoppers
CUST_02611,71.0,32549.31473694989,Central,online,70.12555537077549,9.0,184.75127408487356,33.0,0.1455446568840101,2.774457012658029,55.0,0.455766496962767,1.0,0.2316258719383667,0,Budget Shoppers
CUST_02612,24.0,78324.5720537423,West,online,30.332487386187413,8.0,16.77808432491969,29.0,0.2248546552791241,2.5445650165709197,6.0,0.5043456551858555,1.0,0.2834582745774942,0,Budget Shoppers
CUST_02613,42.0,69854.28690142528,East,mobile,4.129673723497843,10.0,21.105667753675288,32.0,0.1471047626116204,5.474861092138803,7.0,0.4247904775438765,2.0,0.0942241554493419,0,Budget Shoppers
CUST_02614,38.0,74193.73395953,North,online,8.484668621912801,8.0,69.32569174783232,29.0,0.0618071780178086,0.9718202673138654,66.0,0.3292965090229726,1.0,0.4857065384140319,0,Budget Shoppers
CUST_02615,32.0,50588.24426483019,West,store,11.470196109556897,2.0,18.90518051245362,28.0,0.2290476985235232,10.638263263688827,81.0,0.0573593318702586,2.0,0.4859485927386777,0,Budget Shoppers
CUST_02616,18.0,63624.0574529296,South,store,9.652836125820071,7.0,8.0,25.0,0.2134705397174495,8.756695866961742,26.0,,1.0,0.3275713063763619,0,Budget Shoppers
CUST_02617,29.0,48495.03717056904,East,mobile,24.086981157390092,10.0,68.90152379547321,29.0,0.0927629115337748,6.162122200689749,95.0,0.4261769404273073,1.0,0.0349997684959793,0,Budget Shoppers
CUST_02618,24.0,41999.22261905326,West,online,101.23612109881022,10.0,135.94020883294354,26.0,0.084658165692889,1.010520319953156,98.0,0.1953107432216056,3.0,0.1584476196724754,0,Budget Shoppers
CUST_02619,32.0,94675.37359512786,West,online,20.555410301145304,12.0,88.85119719139736,30.0,0.1765167695053104,1.491933721781585,82.0,0.3018127354100871,2.0,0.5521558499458649,0,Budget Shoppers
CUST_02620,38.0,60673.160530496345,North,mobile,37.91976834631473,4.0,8.0,28.0,0.1494107016730734,1.1816115430900815,78.0,0.1574718384998438,0.0,0.3173944501800592,0,Budget Shoppers
CUST_02621,36.0,69163.99544230389,South,mobile,40.831808161641135,12.0,34.39431282235293,36.0,0.1413436570026319,0.1769930860153956,5.0,0.229528880679476,0.0,0.1545064786512096,0,Budget Shoppers
CUST_02622,46.0,76386.58830486503,West,mobile,71.83591744531665,6.0,96.59911322763212,31.0,0.2269743881482962,8.00509405231439,87.0,0.1138311781344948,1.0,0.4297605434168917,0,Budget Shoppers
CUST_02623,42.0,60948.89949712653,East,online,1.2042260778281504,7.0,174.1694412034971,17.0,0.2057372260015102,6.121797058848681,1.0,0.4454698466606155,1.0,0.4000573914793398,0,Budget Shoppers
CUST_02624,50.0,63293.9203685534,West,mobile,18.13239946585054,11.0,205.3318937159896,28.0,0.1876150908451083,4.584768713059115,84.0,,1.0,0.2898872376933486,0,Budget Shoppers
CUST_02625,66.0,34094.24610701844,Central,mobile,53.75600935848716,8.0,95.2450678610294,33.0,0.0207414176779564,4.170403081468571,2.0,0.4135679992058258,1.0,0.3718053526353641,0,Budget Shoppers
CUST_02626,49.0,306283.75499516097,East,online,59.033830594182575,10.0,1620.5568127006218,27.0,0.18537961310777,5.536639151686201,65.0,0.255502320856453,0.0,0.2731124045444673,0,Budget Shoppers
CUST_02627,66.0,37148.075387174176,East,mobile,91.765191769424,10.0,303.8563079608289,29.0,0.0199850672889297,5.699529879182576,10.0,0.5326208472727673,3.0,0.3386151034712794,0,Budget Shoppers
CUST_02628,52.0,71320.08517005178,West,mobile,42.46658460052571,4.0,8.764772795097985,36.0,0.2106304487074759,1.6689261955434684,50.0,0.6505246628418838,1.0,0.2998386023356864,0,Budget Shoppers
CUST_02629,61.0,59559.59436208543,North,online,9.84345084273128,12.0,13.577401902067832,29.0,0.108016288729586,6.378416841631756,51.0,0.2265139649187255,1.0,0.5130868009765391,0,Budget Shoppers
CUST_02630,55.0,38287.305597157065,East,online,24.65901750112407,15.0,79.59005123206232,32.0,0.1541571411451034,0.5763297143130539,69.0,,4.0,0.2423997627864453,0,Budget Shoppers
CUST_02631,43.0,70762.17451597455,Central,mobile,1.1507985207091609,8.0,122.3206879893448,30.0,0.1683015039674187,11.263756686620535,41.0,0.159119102066745,2.0,0.2255066694398448,0,Budget Shoppers
CUST_02632,28.0,69956.04214099034,North,online,36.43794850250854,9.0,8.0,25.0,0.1464367252537098,8.570616892970547,58.0,0.4118429793546706,0.0,0.1558878516945281,0,Budget Shoppers
CUST_02633,52.0,42710.74819141398,North,mobile,28.283445936660208,12.0,78.32254254245447,21.0,0.1478665039630382,0.1135011421321756,77.0,0.4465722625656813,3.0,0.1621110703378499,0,Budget Shoppers
CUST_02634,25.0,57387.794018155975,North,mobile,38.46924411596551,9.0,24.655994362078584,20.0,0.3534958836124962,3.465979813738858,68.0,0.1719268082950145,1.0,0.5608773433869558,0,Budget Shoppers
CUST_02635,63.0,70037.11685133049,East,store,93.14444863551324,10.0,134.6711991302659,27.0,0.131144945166226,11.79265898725586,24.0,0.0343119588354381,1.0,0.0166767081652953,0,Budget Shoppers
CUST_02636,31.0,39116.18220937268,North,mobile,40.68526779412415,6.0,40.5097664538371,23.0,0.2141786267053442,0.581481847821363,91.0,0.5387948314230718,3.0,0.0739089953748899,0,Budget Shoppers
CUST_02637,27.0,70456.98882771091,West,online,13.521352674302408,9.0,301.88036428266,30.0,0.2039595218255256,1.7607049437793365,56.0,0.3317011153505784,1.0,0.0959706729919534,0,Budget Shoppers
CUST_02638,19.0,64622.51929159836,North,online,7.754796935548568,8.0,8.576987267139767,26.0,0.1597101228928132,5.7253777225463685,100.0,0.2657222406705692,0.0,0.3297087055996824,0,Budget Shoppers
CUST_02639,63.0,36017.606478977425,Central,store,67.49805160528989,9.0,215.3529616977534,31.0,0.0368821086068702,4.241392136848873,36.0,0.4781497974762556,1.0,0.4779059057125653,0,Budget Shoppers
CUST_02640,26.0,62835.52816995824,South,online,7.5629298442691875,1.0,64.75550626282785,28.0,0.0795105494703072,11.822774255152302,2.0,0.4062512533886724,0.0,0.0933924561269552,0,Budget Shoppers
CUST_02641,20.0,66044.2689064299,Central,mobile,6.16949874511206,4.0,252.98445349199983,27.0,0.0956902204850143,6.47510342829634,96.0,0.3375469622939944,0.0,0.4098668966660913,0,Budget Shoppers
CUST_02642,38.0,44227.97522494642,East,mobile,8.100504912059877,14.0,219.44811456130984,28.0,0.2181782332698821,11.294354183759724,56.0,0.2173426373100229,1.0,0.3287188032757294,0,Budget Shoppers
CUST_02643,43.0,45959.7597029434,North,online,24.8845472918696,6.0,35.55585978221723,32.0,0.1188684530370234,4.521848122677828,81.0,0.1155552285000898,3.0,0.3858141131578635,0,Budget Shoppers
CUST_02644,,35814.76151951382,North,online,4.641111550297129,9.0,8.0,22.0,0.2300915837285415,3.2650996148395333,12.0,0.3114511203639672,0.0,0.2332008538801407,0,Budget Shoppers
CUST_02645,65.0,,West,mobile,97.3885946448066,6.0,154.5900864205854,18.0,0.2123585808078394,3.4610454284512038,12.0,0.5254312637365235,0.0,0.2458790130843564,0,Budget Shoppers
CUST_02646,,57734.19577038275,North,store,118.61096491466996,13.0,29.7247448178088,35.0,0.0721074746376038,7.639184984333978,85.0,0.3959590496169751,0.0,0.2539542546070463,0,Budget Shoppers
CUST_02647,23.0,46020.51250872495,Central,online,127.47233123482609,10.0,346.648998469536,23.0,0.1389974115601698,7.248168235926142,72.0,0.3461126458539968,1.0,0.3127377102930179,0,Budget Shoppers
CUST_02648,45.0,25332.46623863448,East,store,1.396876186482425,7.0,9.047646593436667,33.0,0.0793713054482777,6.643213825282125,22.0,0.3979217253831393,0.0,0.216496276910973,0,Budget Shoppers
CUST_02649,70.0,42851.06345799421,South,mobile,102.28525428322892,8.0,50.89925079421157,33.0,0.0352333952282341,2.2688434054946605,74.0,0.2131053172799301,2.0,0.1126032036132132,0,Budget Shoppers
CUST_02650,46.0,48819.57365013595,North,store,208.53012966104893,9.0,8.0,32.0,0.1670996397724047,3.161350494540501,84.0,0.5181324698706088,1.0,0.3010939973318923,0,Budget Shoppers
CUST_02651,43.0,75970.45161190954,South,online,99.91583733615458,11.0,49.5675862847267,25.0,0.0826868732500635,3.469399934836755,62.0,0.3842541182457006,3.0,0.2678215713837225,0,Budget Shoppers
CUST_02652,42.0,71084.82812509248,North,online,38.90291470402351,10.0,101.30494419265268,36.0,0.2876107139152976,10.394814632851222,64.0,0.1952731877352488,3.0,0.3895404368451937,0,Budget Shoppers
CUST_02653,29.0,76396.86373525005,East,store,42.282860987165286,15.0,138.29563245417668,27.0,0.279057385329394,9.808000454174037,28.0,0.3646868188618323,2.0,0.3077582573324012,0,Budget Shoppers
CUST_02654,22.0,41741.5842660227,Central,store,4.563888464383882,8.0,168.50752559331212,27.0,0.1000747275678303,2.460319801392001,89.0,0.2714187169077018,1.0,0.3630172080326211,0,Budget Shoppers
CUST_02655,51.0,61114.11713974556,East,online,72.5841868665833,10.0,233.0199122005717,32.0,0.1429853632550539,1.7571110829446317,28.0,0.6000373450329731,3.0,0.0475811695859919,0,Budget Shoppers
CUST_02656,65.0,12000.0,South,mobile,2.1522219809053293,9.0,15.263982241262177,38.0,0.0851299882544892,1.2256810095294242,4.0,0.174954928862966,0.0,0.1866425046738314,-1,Noise / Outliers
CUST_02657,54.0,67436.24875998175,North,store,13.381571218096385,5.0,,26.0,0.0577233867031703,0.8116556748028985,45.0,0.2255403190939781,3.0,0.2655063845369932,0,Budget Shoppers
CUST_02658,32.0,71439.74882581754,South,online,165.46333053925323,14.0,42.41133535464781,31.0,0.0655230577039241,11.815442428710176,90.0,0.1500154737565543,2.0,0.3941517584888187,0,Budget Shoppers
CUST_02659,61.0,50264.24630705967,Central,mobile,19.206209265230097,11.0,19.342229562137668,42.0,0.1366602385243094,9.735524312007064,13.0,0.4230122086323906,4.0,0.3921216808855818,0,Budget Shoppers
CUST_02660,53.0,64499.45585787919,East,store,4.920718050203133,6.0,40.140948612415805,27.0,0.0537861332355698,0.2031368577811787,83.0,0.2612261300681453,2.0,0.1083836428741193,0,Budget Shoppers
CUST_02661,32.0,24671.66594185884,South,online,121.91615677082196,13.0,253.74433313391864,31.0,0.0891313576796233,0.0795066117195557,98.0,,0.0,0.4810153679990614,-1,Noise / Outliers
CUST_02662,60.0,40376.52621120388,South,online,145.0376482941277,12.0,128.339575253822,25.0,0.0694858992860757,8.279035853349153,80.0,0.2543101391420616,1.0,0.4801407705401104,0,Budget Shoppers
CUST_02663,65.0,74839.88324551006,Central,mobile,7.247683596346512,13.0,118.2695533971336,28.0,0.0932430193086675,3.735275860148792,4.0,0.4285322552011013,0.0,0.1803590289004188,0,Budget Shoppers
CUST_02664,40.0,69247.57212787063,North,online,70.0359900423819,5.0,114.21829175431104,23.0,0.1617542251423923,1.187426401693803,61.0,0.1427946077320918,0.0,0.2725039119671937,0,Budget Shoppers
CUST_02665,23.0,48939.20075701511,South,online,17.324668903345103,10.0,68.29020146897167,22.0,0.1179265724726235,5.56819397545021,84.0,0.2335236811869473,0.0,0.3251887790693802,0,Budget Shoppers
CUST_02666,63.0,75849.97098290363,Central,store,16.808590441507167,8.0,70.14487020802933,37.0,0.4196087291900577,0.2260552419153838,26.0,0.818998985407697,4.0,0.2476146407769495,-1,Noise / Outliers
CUST_02667,67.0,61042.55856959804,North,mobile,10.666502074669902,5.0,20.87145368939906,34.0,0.2261490707617365,5.098565506976311,94.0,0.1806004171328012,0.0,0.0486985029115329,0,Budget Shoppers
CUST_02668,61.0,46907.1387937125,North,store,1.6009212478562145,11.0,52.57007397043201,26.0,0.3047535237219763,2.850934113386205,6.0,,4.0,0.0946315327844529,0,Budget Shoppers
CUST_02669,60.0,53977.799166727535,East,store,10.919546326155531,8.0,93.27574604689784,25.0,0.1452793529801111,3.1785206445491245,77.0,0.248834787783385,2.0,0.1200380573186084,0,Budget Shoppers
CUST_02670,62.0,47980.81079114621,Central,online,1.934691789659736,8.0,121.08840699135244,32.0,0.1836988938175757,3.4347723635852527,56.0,0.421770052589881,1.0,0.6158013195033052,0,Budget Shoppers
CUST_02671,38.0,31956.929081992384,North,online,90.3675257448822,10.0,9.66346029797923,31.0,0.0710087623333688,3.6924392759055,100.0,0.0997975717210806,0.0,0.5226824919996454,0,Budget Shoppers
CUST_02672,40.0,85647.08772984623,East,online,37.93591591128816,9.0,52.80349418131437,27.0,0.0822364353040358,0.2405080524049543,81.0,0.1238270954165947,1.0,0.1044908852023895,0,Budget Shoppers
CUST_02673,60.0,45503.462467563,West,online,76.1961775131402,11.0,53.90296751639821,24.0,0.2002947218733299,6.842462079846687,27.0,0.3058629293480846,1.0,0.1179022178010565,0,Budget Shoppers
CUST_02674,72.0,39688.064285467946,Central,mobile,44.21676182760636,8.0,94.08764818278053,32.0,0.075465400170155,6.574680581482337,35.0,0.4089733682038306,1.0,0.3313427955815229,0,Budget Shoppers
CUST_02675,33.0,24354.336948706103,West,mobile,4.925981358822153,14.0,160.9391354553982,31.0,0.0619528781789416,7.809685565334634,97.0,0.22270093852082,1.0,0.2218318563847361,0,Budget Shoppers
CUST_02676,64.0,12000.0,North,online,98.81025950386112,9.0,131.10441866508376,22.0,0.1128374283609714,1.91898963715826,82.0,0.3217856637594887,0.0,0.3373181490962526,0,Budget Shoppers
CUST_02677,70.0,73432.93109861772,Central,online,80.55306702767038,15.0,109.98400476773128,28.0,0.0454184182817651,11.937810394152306,58.0,0.2555856214791323,1.0,0.1797288909698195,0,Budget Shoppers
CUST_02678,,75459.39111479666,East,online,14.973959271630576,5.0,44.78375574554704,26.0,0.0695977517960046,1.6298848776711772,84.0,0.256445065097322,4.0,0.1091099095771092,0,Budget Shoppers
CUST_02679,42.0,84246.84886108358,North,mobile,4.139035474140296,5.0,237.47120726645227,28.0,0.0687855189963324,9.738669133983356,63.0,0.2425421761506986,0.0,0.0972772007828684,0,Budget Shoppers
CUST_02680,53.0,54721.13504425599,Central,online,42.62715688309151,2.0,200.00226894502987,29.0,0.0351950191629768,2.6443245606085988,33.0,0.5080519280725306,1.0,0.2955479482643659,0,Budget Shoppers
CUST_02681,28.0,50916.1643995409,Central,online,45.61488450990452,9.0,26.372647232442805,28.0,0.1384744182683624,5.268439360181024,95.0,0.1992605271497488,2.0,0.4381668287295395,0,Budget Shoppers
CUST_02682,68.0,46830.09150733089,West,mobile,79.49787677306625,6.0,138.39699828215564,29.0,0.077799666478499,3.890427727712147,83.0,,2.0,0.3140242112930893,0,Budget Shoppers
CUST_02683,32.0,48835.73214355954,North,online,1.8932460911365383,5.0,308.28830430127425,29.0,0.0780240119008809,3.692514097252984,97.0,0.3069741718228999,3.0,0.1717412241062074,0,Budget Shoppers
CUST_02684,21.0,82635.38771628411,East,online,5.348212167543619,12.0,74.35926521175918,28.0,0.0745671634130263,5.838147705370267,81.0,,3.0,0.1742782735317111,0,Budget Shoppers
CUST_02685,38.0,57416.66452796292,East,mobile,31.91727943993252,12.0,336.3354157029771,36.0,0.2548744255762202,2.875535737247016,33.0,0.2658227304358408,3.0,0.2617047785591123,0,Budget Shoppers
CUST_02686,30.0,66317.55751203086,North,online,33.78554344731294,7.0,8.0,30.0,0.4157091802225374,6.562273305227741,100.0,0.3246731717845127,0.0,0.0647353499746302,0,Budget Shoppers
CUST_02687,,48275.84969687112,North,mobile,1.196560753779703,10.0,94.40162686550816,25.0,0.0730135503914512,3.008186319982355,69.0,0.483722568899453,0.0,0.4759824655145176,0,Budget Shoppers
CUST_02688,36.0,87058.65393685555,South,online,17.700389132890482,9.0,38.49004284127898,24.0,0.1686342900679857,11.675008379095097,40.0,0.2002754501872915,0.0,0.3990673336988574,0,Budget Shoppers
CUST_02689,,16095.744652435736,West,online,30.711060499706065,9.0,39.52321775055465,36.0,0.117232711068005,2.8729248622801373,47.0,0.3312309614445016,4.0,0.3469120391635484,0,Budget Shoppers
CUST_02690,31.0,31148.468156202995,North,online,46.867534328588064,16.0,273.0038498600567,26.0,0.1848213809540019,9.175466258703636,45.0,0.4321627539562462,2.0,0.2817743389664859,0,Budget Shoppers
CUST_02691,21.0,66353.63153316028,North,store,13.300619333706411,10.0,48.52109455522194,24.0,0.1641673313566799,5.636606245276518,27.0,0.2113797448666609,1.0,0.1757480869422794,0,Budget Shoppers
CUST_02692,65.0,96513.4365270806,South,mobile,23.15115256863092,7.0,,32.0,0.194769587449894,0.4550272617928583,7.0,0.2269396505948206,1.0,0.4425858800158236,0,Budget Shoppers
CUST_02693,70.0,53047.79560530705,South,store,58.880628142833714,6.0,100.86079266272324,19.0,0.1910264510076031,1.8324413750281003,58.0,0.369757008031526,1.0,0.0878609311753512,0,Budget Shoppers
CUST_02694,69.0,39467.84227399844,Central,mobile,107.68923413184298,9.0,459.6472280944601,26.0,0.0893418604927839,11.142733653737084,14.0,0.1610248341466332,1.0,0.2073119602868163,-1,Noise / Outliers
CUST_02695,63.0,80014.57951348356,East,mobile,9.162073094997922,11.0,10.711861021110838,36.0,0.0486352131353791,9.84342101831177,4.0,0.7014087738693096,0.0,0.3528705288976219,0,Budget Shoppers
CUST_02696,,65121.36572432779,West,online,10.211130855581962,7.0,43.84801604022395,35.0,0.2790465887502278,1.7297837229931003,82.0,0.2006785435623927,2.0,0.0648833763841442,0,Budget Shoppers
CUST_02697,46.0,86384.70386387338,Central,online,98.36347812044718,8.0,,24.0,0.1931737229523617,0.612612923285397,34.0,0.1854393777596463,1.0,0.5724803212774391,0,Budget Shoppers
CUST_02698,64.0,29612.27613562448,North,online,17.641189666778462,13.0,230.72205207264392,28.0,0.0387718197286819,1.8325137241943583,80.0,0.2058769263981222,1.0,0.2424666838571364,0,Budget Shoppers
CUST_02699,45.0,84656.70669224038,South,online,44.34794577010143,14.0,40.71579105371075,29.0,0.0862097669156876,7.007147722399875,91.0,0.3627592274922672,1.0,0.6854658575149871,0,Budget Shoppers
CUST_02700,52.0,23933.93595109802,East,online,33.16018133072282,8.0,54.74492478411916,32.0,0.2379701975388489,7.602814622687234,38.0,0.4169178562112893,1.0,0.3432430562683047,0,Budget Shoppers
CUST_02701,25.0,51660.21278459292,Central,online,11.770325141382978,11.0,63.09058187511848,27.0,0.1596654456215385,4.546969575277259,20.0,0.3111597477648078,1.0,0.2752018742913203,0,Budget Shoppers
CUST_02702,33.0,67081.22056212637,East,online,37.1018217229705,9.0,62.06796118039169,25.0,0.0290957723822592,3.370656606229125,46.0,0.1665701778614157,1.0,0.3379674504557886,0,Budget Shoppers
CUST_02703,59.0,62092.29432038007,South,online,37.30483754663938,8.0,29.06477681720204,19.0,0.1275397546086643,2.482921715655237,19.0,0.1225277757646105,1.0,0.3596687438197027,0,Budget Shoppers
CUST_02704,53.0,81333.03139161206,Central,online,31.41512267987069,10.0,321.4859401319461,35.0,0.0125481029862843,5.266465500588577,1.0,0.4162733119931217,1.0,0.0136838013272088,-1,Noise / Outliers
CUST_02705,47.0,17813.47962579708,Central,mobile,3.674430388085895,3.0,204.6984224388901,25.0,0.118880131730579,0.2707322379816363,23.0,0.3665702810750252,2.0,0.1415247265151582,0,Budget Shoppers
CUST_02706,35.0,61102.16455337881,East,store,186.6650164969721,9.0,482.9405033130178,24.0,0.1720398178110906,0.1044743938434713,62.0,0.4406044333228917,3.0,0.2884795768637589,-1,Noise / Outliers
CUST_02707,19.0,84392.12472124683,South,online,17.903198835117916,8.0,60.26982980934583,30.0,0.031203148503344,9.573207034866009,73.0,0.3668879596172657,2.0,0.2695105434446085,0,Budget Shoppers
CUST_02708,66.0,,North,online,35.588162310630295,8.0,8.0,31.0,0.1767557541337576,6.364301807200538,28.0,0.3623214960269865,2.0,0.4626027225138745,0,Budget Shoppers
CUST_02709,30.0,32868.52704513255,Central,online,75.93140134713018,11.0,15.955419083105378,30.0,0.1042869904168378,9.374540600034145,84.0,0.5888726085173495,1.0,0.2498425642589235,0,Budget Shoppers
CUST_02710,21.0,80165.16268618636,North,store,19.264459110262536,8.0,57.5071866392764,33.0,0.2362961812781405,1.367118856603991,80.0,0.2334935863246038,1.0,0.3177102993702936,0,Budget Shoppers
CUST_02711,,43737.174056838696,South,online,52.04110546684784,13.0,314.5791241546497,23.0,0.0740556067661664,9.783986086646031,77.0,0.3943995362209144,0.0,0.3215822711338885,0,Budget Shoppers
CUST_02712,42.0,39864.89373461668,Central,mobile,124.92549299029936,9.0,515.8121763895427,28.0,0.1193346884900749,11.072857167284694,33.0,0.2220536209899981,1.0,0.2484436308180242,-1,Noise / Outliers
CUST_02713,47.0,37097.01343656285,Central,online,15.56184172074477,11.0,224.3742112452562,26.0,0.1429641029304776,6.400482582588442,3.0,0.2218413915151116,0.0,0.2622668375518121,0,Budget Shoppers
CUST_02714,28.0,53628.92751512282,North,online,18.18764623597341,8.0,35.40774138387942,33.0,0.210563148510587,1.265244510145791,79.0,0.1335396803416713,1.0,0.1014610272180632,0,Budget Shoppers
CUST_02715,24.0,,West,online,82.59862189811285,7.0,140.13038353509742,27.0,0.0817018101201142,1.4789945684700538,16.0,0.2611653458123286,3.0,0.5146017044067527,0,Budget Shoppers
CUST_02716,48.0,30079.79879653225,North,online,6.08749120474891,12.0,,35.0,0.0819228083963207,2.330189898825349,30.0,0.142669906647948,1.0,0.1463774033965218,0,Budget Shoppers
CUST_02717,61.0,34599.79071194123,North,store,1.015407241618416,5.0,225.29420054209837,35.0,0.0662192865500299,2.2231143997336225,25.0,0.2335600108458095,3.0,0.5052309799163422,0,Budget Shoppers
CUST_02718,27.0,42721.37673103121,West,online,83.84868760782575,12.0,92.6690040016898,25.0,0.1903086171789655,11.338441317927185,78.0,0.1960818242745492,3.0,0.3418791623580944,0,Budget Shoppers
CUST_02719,56.0,36990.24974649391,South,mobile,60.32879403841225,9.0,49.779087716019184,27.0,0.1016931665414136,9.60353586760966,1.0,0.1030625473792266,0.0,0.3530431664528682,0,Budget Shoppers
CUST_02720,30.0,58808.680984087456,South,mobile,125.88076225525012,6.0,8.0,31.0,0.0036624459283465,3.81770189285268,33.0,0.3641441713389142,0.0,0.1738717363514921,0,Budget Shoppers
CUST_02721,48.0,65946.87512081937,Central,mobile,2.1000860835370734,8.0,206.03350094617213,31.0,0.2622703951358875,9.798921629480772,37.0,0.2937808586615931,1.0,0.0757508769667531,0,Budget Shoppers
CUST_02722,24.0,62925.22382586505,East,online,5.943451976677208,9.0,98.22164085166077,24.0,0.3008225064682771,9.265621657130724,29.0,0.0752464034093869,0.0,0.608469666602252,0,Budget Shoppers
CUST_02723,73.0,62957.30155245166,East,online,3.8948297407214407,4.0,99.31633706725732,25.0,0.0800609868271517,4.263178703178342,37.0,0.3232522676739657,0.0,0.0731092760084968,0,Budget Shoppers
CUST_02724,66.0,94761.81773634945,Central,online,40.25584806761674,7.0,409.2407494374588,20.0,0.3176223162629829,0.3598201982400768,61.0,0.4645195556225601,1.0,0.2971911183752884,-1,Noise / Outliers
CUST_02725,59.0,67321.0391917974,East,online,32.600047826402616,9.0,86.57670398617826,40.0,0.0585949885871488,0.1049402091681854,8.0,0.510606240764516,1.0,0.459316576434588,0,Budget Shoppers
CUST_02726,59.0,75247.21345356344,North,mobile,15.58371117798159,7.0,49.3359040732643,29.0,0.1975148527880136,3.907480232736143,1.0,0.3581732070032478,4.0,0.280812019029664,0,Budget Shoppers
CUST_02727,73.0,,North,online,2.0698360897368504,9.0,53.98509614668768,24.0,0.0674310567591611,0.5447447374454581,63.0,,0.0,0.0434783355965825,0,Budget Shoppers
CUST_02728,53.0,78768.13513855281,West,mobile,35.72494641974943,7.0,8.0,27.0,0.1105198204143837,1.4531405063089702,88.0,0.3871918146601936,1.0,0.2406800335000468,0,Budget Shoppers
CUST_02729,37.0,47828.24447654692,West,online,29.54876076247546,6.0,16.966114861840808,37.0,0.0676032675141034,3.0532741684856712,65.0,0.449518297949452,1.0,0.117107586041786,0,Budget Shoppers
CUST_02730,21.0,67051.86320694898,Central,store,4.193041411651476,8.0,8.0,36.0,0.0454753313927943,2.1482584996890868,46.0,0.3122944271052407,3.0,0.1964892378575703,0,Budget Shoppers
CUST_02731,71.0,27829.928899987583,Central,online,83.85664020642156,4.0,36.23564782297967,29.0,0.1024503686336275,1.7372691091960957,43.0,0.2627696185554651,1.0,0.2113330758366045,0,Budget Shoppers
CUST_02732,24.0,61657.15090373868,Central,online,7.764104230930694,10.0,8.688807248140105,29.0,0.0540952118879233,3.145717072175727,10.0,0.55012358312418,3.0,0.139048179299406,0,Budget Shoppers
CUST_02733,71.0,36541.634826274574,North,store,47.623180355821866,6.0,52.27885327391035,28.0,0.055991491316499,8.842706400157027,82.0,0.2588661599692706,1.0,0.7263391531217691,0,Budget Shoppers
CUST_02734,,78592.78439864596,East,online,75.72190649051745,9.0,17.527003137805735,27.0,0.1884045512867065,5.333229775555521,85.0,0.3009690717315303,2.0,0.2693095452988718,0,Budget Shoppers
CUST_02735,61.0,77269.28216397326,Central,store,30.31879641609409,8.0,325.0064051059867,27.0,0.2366488961244648,7.958409805281984,10.0,0.2947399951012984,1.0,0.2551690381665566,0,Budget Shoppers
CUST_02736,73.0,47734.19747369996,Central,online,9.92212950178547,11.0,,34.0,0.069096439778258,11.14513383017732,62.0,0.2448295238407861,2.0,0.237087014708193,0,Budget Shoppers
CUST_02737,62.0,103090.64842973989,North,online,12.949130920047075,11.0,120.24602423798196,26.0,0.0728347892789136,0.0162544980518282,86.0,,3.0,0.0975061177761642,0,Budget Shoppers
CUST_02738,59.0,51710.67748374355,North,mobile,75.92706319571623,14.0,212.8438191991198,26.0,0.0976752101151776,11.414997280934216,51.0,0.2580509513564438,1.0,0.4358649756302629,0,Budget Shoppers
CUST_02739,64.0,22535.584185204403,North,store,12.396589159233006,13.0,146.9984499287004,27.0,0.1423680048916258,3.349677032176755,45.0,0.2943859369309669,2.0,0.1349904361390931,0,Budget Shoppers
CUST_02740,30.0,40859.40465202104,East,online,47.99099296687869,14.0,216.65599359222009,35.0,0.0959953357368904,3.450094121791623,73.0,0.1825038501175651,0.0,0.2621761050842535,0,Budget Shoppers
CUST_02741,72.0,35028.89750812728,Central,store,161.76402931540437,11.0,132.74505963639973,26.0,0.2681985716975156,7.552908844875159,73.0,0.3337756964274196,1.0,0.3643627620048485,0,Budget Shoppers
CUST_02742,39.0,,South,mobile,301.15722148787006,17.0,73.11963761997275,20.0,0.1148301214253643,4.330256350657789,45.0,,4.0,0.4636534352853765,0,Budget Shoppers
CUST_02743,71.0,30822.013413206045,South,store,26.68588466484451,8.0,269.0384471441532,33.0,0.1794837266501225,0.9654964688232566,85.0,0.3702034147625907,3.0,0.4837672713713476,0,Budget Shoppers
CUST_02744,38.0,46137.29165226261,Central,online,61.316476431945176,10.0,74.92830371079634,34.0,0.100306108091301,8.537370864255308,58.0,0.4020111303774342,2.0,0.2173945457594971,0,Budget Shoppers
CUST_02745,39.0,64920.14775180894,Central,online,162.06660566321733,9.0,65.58928304642232,33.0,0.1339858715598653,2.198258722686013,95.0,0.398148851258972,2.0,0.3227256545236259,0,Budget Shoppers
CUST_02746,45.0,61050.20968365966,Central,store,16.431813646727104,8.0,127.29413453094747,25.0,0.2305555026320353,11.152462451926006,66.0,0.230625846076865,1.0,0.1624584190348406,0,Budget Shoppers
CUST_02747,26.0,57721.83612848085,Central,store,10.181500861148749,7.0,361.33779664088775,37.0,0.0982670766968094,11.854364377967496,24.0,0.2881619749145538,2.0,0.0685427196944635,0,Budget Shoppers
CUST_02748,43.0,60772.01141896948,East,online,4.245561053290354,12.0,75.88878667906883,25.0,0.2375498257652745,2.1746833128099152,97.0,0.1097200233508746,1.0,0.2425165664268578,0,Budget Shoppers
CUST_02749,26.0,49848.9978548316,South,online,5.31543348182462,10.0,111.2197018136072,25.0,0.1417185649433441,9.044234143131876,75.0,0.1577627385837104,2.0,0.5569051522276637,0,Budget Shoppers
CUST_02750,32.0,22717.45477534073,West,online,67.23901307082403,9.0,88.1307708360775,25.0,0.1253536955222052,11.901881946801312,65.0,0.3857876641730901,2.0,0.398654861655202,0,Budget Shoppers
CUST_02751,27.0,49269.55914361781,South,mobile,31.097099079882103,9.0,312.64770080270245,27.0,0.1246078748535056,11.46368959045003,55.0,0.3945072830779421,2.0,0.1633403861369828,0,Budget Shoppers
CUST_02752,41.0,68312.49525493628,South,online,72.42087649543087,8.0,146.8107940894504,27.0,0.0626853168520753,6.778977888475219,51.0,0.652381169511744,1.0,0.1465939723526518,0,Budget Shoppers
CUST_02753,74.0,54987.43025059311,North,online,54.53197031974854,9.0,70.72252948138527,31.0,0.019431367601267,3.7443284228144726,72.0,0.2946137540553586,0.0,0.2190767681518965,0,Budget Shoppers
CUST_02754,59.0,66612.74420887102,Central,online,39.20262013002153,16.0,121.38073722443264,22.0,0.072332746680794,0.1399641583542319,73.0,0.1591286070329043,2.0,0.3184764053456038,0,Budget Shoppers
CUST_02755,25.0,45090.77335079132,Central,mobile,32.894626894435426,10.0,22.057480347346143,25.0,0.2096293357078896,10.778827737990689,21.0,0.6029295165472429,0.0,0.2615810398024237,0,Budget Shoppers
CUST_02756,41.0,79875.39375731444,Central,online,1.7341204774110055,11.0,54.40045948302864,32.0,0.4319697625920353,0.4271369862543315,47.0,0.277332736557545,0.0,0.3447904320172531,0,Budget Shoppers
CUST_02757,33.0,12000.0,North,online,72.02570544184135,8.0,173.22406894237864,18.0,0.0692643346246988,6.917065660564548,22.0,0.4200016077423387,0.0,0.1190438889951145,0,Budget Shoppers
CUST_02758,66.0,61111.6912843138,East,mobile,18.935472373334814,6.0,107.43676106999744,35.0,0.2236352009628236,2.233793275474729,29.0,0.4918006025754828,1.0,0.4108531490653199,0,Budget Shoppers
CUST_02759,43.0,87675.36763666812,East,mobile,28.717368876504864,9.0,49.04580399674329,26.0,0.0154988219313761,2.9037976811572754,40.0,0.5664925366943231,1.0,0.3883275275402584,0,Budget Shoppers
CUST_02760,44.0,90949.36735291216,West,online,1.0,5.0,58.48492535710646,31.0,0.0901651616161727,0.2802194786125773,3.0,0.5781451703684851,2.0,0.2844382442201554,0,Budget Shoppers
CUST_02761,54.0,52899.824276665546,East,online,96.25074627775788,17.0,215.7464971170886,27.0,0.1946146497176135,0.4428756587178126,49.0,0.2121431519866921,0.0,0.2571780081650393,0,Budget Shoppers
CUST_02762,21.0,28823.64057585655,East,mobile,81.56302751926611,15.0,101.19852676289088,30.0,0.2035824696016488,4.202468409027782,25.0,0.3285299847305926,1.0,0.3938218924322872,0,Budget Shoppers
CUST_02763,67.0,88062.4025315539,Central,store,27.42881588269425,8.0,35.464181325779705,32.0,0.0670106265709664,10.530720165230306,82.0,0.4225831524073037,1.0,0.2872376869556605,0,Budget Shoppers
CUST_02764,41.0,56858.96633027767,South,mobile,30.13920325103296,4.0,45.7771995237377,23.0,0.1269125349677637,6.7899997495761895,11.0,0.226928121196118,1.0,0.315982275962565,0,Budget Shoppers
CUST_02765,36.0,54502.67013606263,East,store,42.72933950162666,7.0,82.01607046163068,31.0,0.2930029014237397,6.459677884065513,94.0,0.3619051230022368,1.0,0.7457955153503881,0,Budget Shoppers
CUST_02766,53.0,38357.19790068992,East,mobile,10.761441565445834,10.0,187.071300597892,27.0,0.2073295077390455,7.443626903739946,89.0,0.386738323754056,1.0,0.2121222596427751,0,Budget Shoppers
CUST_02767,56.0,30502.47542111833,North,mobile,8.782210730595876,14.0,,21.0,0.3280566020636621,6.424004136596746,75.0,0.4119493052460087,0.0,0.187998652096743,0,Budget Shoppers
CUST_02768,27.0,70404.9897163358,West,online,39.23249009544803,9.0,26.71509004657004,19.0,0.0603181677326352,3.650934644353357,98.0,0.4158566355481866,1.0,0.3257935937045072,0,Budget Shoppers
CUST_02769,42.0,72737.17200469052,North,online,3.860026004693546,8.0,182.80696279305707,29.0,0.0678543562461062,10.55964418307298,88.0,0.3368748253157184,1.0,0.5017642666510925,0,Budget Shoppers
CUST_02770,35.0,62433.96803958727,Central,online,21.18374550076019,16.0,124.8381683528642,26.0,0.1201631796945549,5.707239788549739,48.0,0.3608468840834749,1.0,0.4073965313739441,0,Budget Shoppers
CUST_02771,36.0,41190.99280493545,South,online,23.75701476785757,14.0,98.48333882644891,33.0,0.2908707142950632,9.03182084638822,32.0,0.1017477198286833,3.0,0.371942170303385,0,Budget Shoppers
CUST_02772,53.0,34570.02584759871,West,mobile,16.80680903061078,7.0,441.34072466047,33.0,0.2175431990582711,10.94454899029093,3.0,0.3836251126695301,1.0,0.3664079140583031,0,Budget Shoppers
CUST_02773,27.0,26490.52958516236,North,online,7.171369443908391,11.0,50.66360512824589,34.0,0.1339186716268386,0.0447277172532376,45.0,0.2293732809389385,1.0,0.0635282484751879,0,Budget Shoppers
CUST_02774,50.0,,East,mobile,15.364839515407295,10.0,25.32044354691965,34.0,0.2303383164920271,5.737651124758509,89.0,0.2345760629685907,0.0,0.0573689620493467,0,Budget Shoppers
CUST_02775,72.0,35871.221575522795,East,online,14.413740086368955,11.0,273.056899577823,32.0,0.0955091862589058,7.255388407379407,20.0,0.194468551716792,2.0,0.2980138260492714,0,Budget Shoppers
CUST_02776,67.0,20395.186703597,West,online,24.208786254454296,8.0,9.251050397903246,28.0,0.1810438065636518,6.028716125293073,20.0,0.2451113932122938,1.0,0.1406554543811951,0,Budget Shoppers
CUST_02777,22.0,72329.59027176705,East,store,39.30319934142524,8.0,220.8600289435184,28.0,0.0983221801785711,10.828988811064203,51.0,0.214006690955425,2.0,0.2691299283575548,0,Budget Shoppers
CUST_02778,64.0,28980.59504733072,North,online,120.72879395577162,7.0,115.665734843218,33.0,0.0932039560594141,11.280577300849757,81.0,0.4569391309919852,0.0,0.0534046510562815,0,Budget Shoppers
CUST_02779,66.0,79646.29899147614,North,online,5.448647593667101,6.0,23.28707174078885,28.0,0.0945043872859356,1.6114744918815576,20.0,0.1954882375406625,2.0,0.4523163256284688,0,Budget Shoppers
CUST_02780,52.0,66669.5776224962,East,online,72.22960239408053,4.0,33.53283053404422,34.0,0.0978983948546533,3.62954149532309,82.0,0.4250533839684562,3.0,0.2828651399522853,0,Budget Shoppers
CUST_02781,61.0,64475.50612760478,East,store,11.701331138895206,9.0,22.023811026446342,34.0,0.0843509627822678,3.1665564669189856,14.0,0.0522294812733755,2.0,0.3014515212598759,0,Budget Shoppers
CUST_02782,51.0,94636.79901332202,Central,online,31.323318482039287,7.0,,34.0,0.0916241603780158,5.961217670080195,98.0,0.584951948303761,2.0,0.3119316464415133,0,Budget Shoppers
CUST_02783,,29712.342050580453,South,mobile,27.694892163968994,7.0,20.71687521435565,29.0,0.524697931787892,4.585260660702591,80.0,0.2761360383134766,0.0,0.1907229786558036,0,Budget Shoppers
CUST_02784,,77222.98391307352,West,online,28.49241777235544,6.0,148.68457106900192,32.0,0.1497142325261774,4.31059426168528,32.0,0.0504216162631828,3.0,0.3280066286771053,0,Budget Shoppers
CUST_02785,38.0,51451.86339352855,North,mobile,44.97616335422845,8.0,17.827969494630445,34.0,0.1607409341639257,6.406808747883835,72.0,0.2665813338943919,2.0,0.3490268490871785,0,Budget Shoppers
CUST_02786,34.0,114563.54344584988,West,online,16.826690616454524,7.0,210.70862397150825,34.0,0.1251187043923441,5.880797475760345,42.0,0.3229722761415789,1.0,0.1188391978866754,0,Budget Shoppers
CUST_02787,39.0,49622.5225149374,Central,mobile,13.451892037543049,10.0,327.5198623203976,32.0,0.051010000534476,5.584504002028517,80.0,0.2908592068346281,2.0,0.0808215136226596,0,Budget Shoppers
CUST_02788,65.0,46069.2166052364,North,store,67.06692903603354,11.0,106.52436613202958,24.0,0.0266862550776918,1.358567595973427,39.0,0.2064307253083311,1.0,0.4212058120984201,0,Budget Shoppers
CUST_02789,54.0,67361.78704685986,Central,mobile,8.7004124629752,8.0,440.2869011184455,26.0,0.1687428983508445,6.471194562596468,38.0,0.1996688219659242,0.0,0.2434385927153349,0,Budget Shoppers
CUST_02790,32.0,53404.01229140993,Central,mobile,6.956286023676144,13.0,64.33959527544894,30.0,0.0612723750996515,0.7075273992559534,64.0,0.4825718967194325,1.0,0.3994391470237817,0,Budget Shoppers
CUST_02791,52.0,41313.81482940288,East,mobile,1.0,9.0,36.46644551510605,14.0,0.1128291434743391,7.3961923093354685,4.0,0.2795860025955994,0.0,0.0295191215261757,0,Budget Shoppers
CUST_02792,45.0,36653.910753411576,West,mobile,8.275888976583593,7.0,25.37076383869479,33.0,0.2774522043660615,7.481252681308351,99.0,0.2426882119151249,2.0,0.2634845308472046,0,Budget Shoppers
CUST_02793,24.0,90080.49874452288,West,online,25.582001618072574,8.0,84.75153561912765,31.0,0.1727645827307451,3.127087379699386,92.0,0.3001449974763348,2.0,0.2607303595623192,0,Budget Shoppers
CUST_02794,49.0,32403.84409820018,East,mobile,27.065235809156277,9.0,18.21572268053022,32.0,0.2980691210178892,1.6237538263544673,63.0,0.2639408801361801,2.0,0.2453946181253733,0,Budget Shoppers
CUST_02795,28.0,62907.926328371,West,online,10.275772458526545,9.0,271.15226543798684,28.0,0.0607379071984519,9.5792961738439,61.0,0.2424046970921015,0.0,0.1915365521598576,0,Budget Shoppers
CUST_02796,27.0,81236.0510717741,East,online,2.625666109577712,8.0,199.6835397005705,25.0,0.1273625075586763,9.244593597150468,78.0,0.663155568457399,2.0,0.1918026910770072,0,Budget Shoppers
CUST_02797,26.0,82298.88967973793,North,online,47.77794291358609,9.0,107.354875517043,32.0,0.1144360270988889,11.352088857564391,5.0,0.4108643843939329,1.0,0.1807211494020753,0,Budget Shoppers
CUST_02798,31.0,44763.64715200832,Central,online,49.65504923989192,11.0,166.1665546091442,32.0,0.0628272954909537,5.355712101385063,66.0,0.2713928253238981,2.0,0.3099064844428401,0,Budget Shoppers
CUST_02799,,53463.93438623322,Central,online,214.7593022384421,6.0,8.0,24.0,0.1835484658735366,3.7866191324410607,45.0,0.0715949770109279,1.0,0.3201096540492045,0,Budget Shoppers
CUST_02800,74.0,49195.7429776838,West,mobile,80.60082947247342,11.0,29.581562816912616,24.0,0.031658766204868,3.631296078549061,50.0,0.2136851789452925,1.0,0.1998885908661101,0,Budget Shoppers
CUST_02801,42.0,24229.587221350757,South,online,91.158523658636,9.0,126.2011808498034,36.0,0.1345136065939675,2.1622001235279136,88.0,0.333764231333767,1.0,0.0282490829331291,0,Budget Shoppers
CUST_02802,19.0,69825.38242644253,Central,online,56.01739952687107,14.0,84.3793529873642,23.0,0.077800588794877,4.196793372834687,3.0,0.3879883289400085,1.0,0.2888521418866336,0,Budget Shoppers
CUST_02803,52.0,58847.080203965794,East,mobile,33.45366188796724,6.0,120.62901346543626,28.0,0.0449039051882196,1.533569895140503,23.0,0.317445534822184,1.0,0.0766382222868562,0,Budget Shoppers
CUST_02804,24.0,89692.87177324134,South,online,4.81572522636714,16.0,12.11319210065196,33.0,0.1488954505492533,10.46443286028099,11.0,0.1975823085065573,1.0,0.1766483727861193,0,Budget Shoppers
CUST_02805,38.0,39889.487859368695,South,mobile,34.079158969792054,12.0,137.37981197600232,23.0,0.2098934986428222,4.162569383455613,38.0,0.3449668396995961,2.0,0.2341517741381604,0,Budget Shoppers
CUST_02806,35.0,81951.3242895893,Central,mobile,2.015382456304213,8.0,211.5990060130569,22.0,0.0514259433519639,6.567352579142813,56.0,0.2808109776082675,0.0,0.1000202346196466,0,Budget Shoppers
CUST_02807,20.0,83503.1513062525,Central,store,75.78996273055593,8.0,,28.0,0.0907343892669741,0.7990026279942275,35.0,0.3358192817804564,1.0,0.0760058437938261,0,Budget Shoppers
CUST_02808,59.0,59035.57710977352,Central,mobile,23.010231435220152,11.0,57.4916881100701,26.0,0.0459346846333677,3.3688098355288307,65.0,0.1037683267353254,1.0,0.2447790369095958,0,Budget Shoppers
CUST_02809,71.0,12000.0,East,online,41.845446786283645,8.0,24.95286866976572,33.0,0.1341832247282641,2.682498444059446,6.0,0.3984634381764028,0.0,0.095634970988111,0,Budget Shoppers
CUST_02810,56.0,46723.51153622562,South,online,1.878024364297798,4.0,40.08783377462665,29.0,0.0882509917677996,10.643555146183564,70.0,0.1754412723592694,3.0,0.2040570680153601,0,Budget Shoppers
CUST_02811,58.0,97289.16473469057,West,online,26.743600919133385,7.0,96.10379031361286,33.0,0.1838696095581763,2.1601812951165145,40.0,0.2410876046058129,2.0,0.5653914493448977,0,Budget Shoppers
CUST_02812,66.0,64535.22697282201,East,store,12.54685000542782,8.0,38.35862880305268,26.0,0.1371216824863746,9.546325607053545,90.0,0.3616023615270937,0.0,0.4061945754594083,0,Budget Shoppers
CUST_02813,28.0,73254.7935291815,North,online,11.73999237910729,9.0,195.62823800988244,34.0,0.2797235524312798,3.3920225089582288,35.0,0.2297288239875485,0.0,0.1592366091428593,0,Budget Shoppers
CUST_02814,56.0,56038.3352040307,Central,online,17.280634230572495,11.0,18.364482728828275,28.0,0.1673350426552893,2.533964160798541,13.0,0.5766596229551532,3.0,0.326787668317168,0,Budget Shoppers
CUST_02815,41.0,53084.25598301117,South,online,1.0,7.0,94.45115413960588,26.0,0.0647353055875962,0.1159199962684063,25.0,0.4540525947416067,0.0,0.236677768845488,0,Budget Shoppers
CUST_02816,63.0,16918.41948861086,East,store,22.000923444728382,10.0,89.06454863410238,14.0,0.4465968803395277,3.498742916634828,86.0,,0.0,0.2851976168634564,0,Budget Shoppers
CUST_02817,36.0,,North,online,23.33222916555597,6.0,19.43963484926373,27.0,0.1129690149192771,0.8434591659241044,81.0,0.0638006886421324,2.0,0.4350029664756402,0,Budget Shoppers
CUST_02818,21.0,81752.98650389229,East,store,69.60556400306025,7.0,688.4587578942262,25.0,0.0458996162943397,4.34558086262423,78.0,0.1086438188368999,1.0,0.320224109620969,0,Budget Shoppers
CUST_02819,43.0,37081.02971973286,East,online,20.830595608098456,11.0,225.20819620317468,20.0,0.1289736186872715,0.6348497137584852,67.0,0.313420167582881,0.0,0.2235941008195566,0,Budget Shoppers
CUST_02820,55.0,54065.18732681724,West,online,15.815075770759812,6.0,63.521631447625445,21.0,0.0919618428879162,0.7707164183150392,68.0,0.3136731875791402,3.0,0.3225389496860392,0,Budget Shoppers
CUST_02821,59.0,51097.6918982056,West,online,183.71380001790143,8.0,150.13517771880225,28.0,0.2400896670771983,4.254533561004958,99.0,0.3855853143432675,1.0,0.1214742184489051,0,Budget Shoppers
CUST_02822,49.0,67243.3724676983,East,store,29.637851035611916,13.0,163.90784989944822,21.0,0.1976676547315616,5.376018187947718,47.0,0.2283702898413047,1.0,0.3399616392683711,0,Budget Shoppers
CUST_02823,56.0,46024.00120679991,North,store,22.393736756619493,11.0,136.90418857354965,24.0,0.1008724494422066,3.9889491955709246,55.0,0.4102043022362478,1.0,0.2102891772201309,0,Budget Shoppers
CUST_02824,62.0,78489.50031002605,South,online,23.976809731360348,7.0,73.64321137475076,27.0,0.1561727405570805,0.2843371926981772,92.0,0.2852201396163701,0.0,0.0759766854725656,0,Budget Shoppers
CUST_02825,63.0,59569.13495473876,South,online,57.9751026165296,9.0,281.2929236818637,36.0,0.2298752013925553,2.1371231848879,43.0,0.4843448644322051,2.0,0.418803509142339,0,Budget Shoppers
CUST_02826,53.0,12000.0,Central,mobile,14.578926981488234,11.0,191.93771470439964,40.0,0.160973310163153,11.26859785831412,2.0,0.0484222974769304,3.0,0.2383913349886737,0,Budget Shoppers
CUST_02827,57.0,67739.84605423815,Central,online,17.25223420745775,9.0,101.52085631774564,25.0,0.2200962245531433,6.860806593395694,45.0,0.4688317679874224,2.0,0.0210233293406466,0,Budget Shoppers
CUST_02828,54.0,79919.72172699726,South,online,49.35238592284063,7.0,,29.0,0.0839249954381784,10.24781623967054,48.0,0.5253064673726088,1.0,0.1514955114617645,0,Budget Shoppers
CUST_02829,50.0,32654.64347417135,East,online,2.6524460445140368,9.0,32.8635696806311,27.0,0.0885095181933747,0.6159541879797934,62.0,0.4442680169223172,1.0,0.3615135497767552,0,Budget Shoppers
CUST_02830,53.0,66991.99256944063,East,online,70.13070083310107,7.0,92.42430965430552,19.0,0.1528056232968651,0.0908703426673489,38.0,0.2402448842629684,0.0,0.1224471015030649,0,Budget Shoppers
CUST_02831,20.0,98259.11273459262,West,online,19.68661062324411,15.0,297.9512381301126,23.0,0.1906567530721122,9.38101553989886,47.0,0.2047842153503721,1.0,0.5186089868039786,0,Budget Shoppers
CUST_02832,26.0,60465.46025392125,West,online,30.470434021393523,14.0,128.76916312098538,20.0,0.146875764955084,4.613756638087725,4.0,0.50450263308957,2.0,0.3968843440024702,0,Budget Shoppers
CUST_02833,25.0,83115.83501524877,Central,online,49.5829341387227,8.0,70.33627348698194,21.0,0.2003946731773908,4.429721819566264,60.0,0.2847949004172459,1.0,0.1804889511880123,0,Budget Shoppers
CUST_02834,50.0,48272.59065479656,South,store,10.826094716077368,13.0,8.0,18.0,0.2145279458514492,2.8586231277722343,49.0,0.2661898252294959,2.0,0.3444077614416306,0,Budget Shoppers
CUST_02835,23.0,57604.78565394256,East,online,77.35474039567823,8.0,118.23686055021578,37.0,0.1505405099593989,1.926529521549968,76.0,0.3561529718660006,1.0,0.3982800690344569,0,Budget Shoppers
CUST_02836,58.0,,South,mobile,135.59012609868782,12.0,56.152303746259705,35.0,0.1085440232702902,9.941463080718268,34.0,0.244543819914687,0.0,0.5063698304504256,0,Budget Shoppers
CUST_02837,56.0,49483.35062035376,North,online,23.86163405376383,5.0,100.20941018893495,37.0,0.1159765414711269,0.7368809460836108,44.0,0.2610184533472055,2.0,0.4134278339793986,0,Budget Shoppers
CUST_02838,21.0,54750.11500817232,South,mobile,96.72693942293589,15.0,189.0620611690356,34.0,0.0309306296170704,5.980265525521622,94.0,0.1460898542679458,4.0,0.2533770692293685,0,Budget Shoppers
CUST_02839,30.0,22125.000819665016,North,online,1.0,9.0,211.68118104758412,34.0,0.0631556141015418,4.32519434085977,85.0,0.2316401325714051,1.0,0.1957638733275209,0,Budget Shoppers
CUST_02840,66.0,50720.63704356748,West,mobile,78.62968335210799,11.0,259.6292877377641,26.0,0.1169521819033552,3.3050113354058217,56.0,0.3377369814875599,1.0,0.1460566164568723,0,Budget Shoppers
CUST_02841,19.0,87431.74201938926,West,online,13.040292519048768,13.0,131.3948367690053,32.0,0.1582594139883917,9.128920043463676,92.0,0.1619058728358803,2.0,0.2466184957568544,0,Budget Shoppers
CUST_02842,22.0,36798.81874925966,Central,store,13.063166044589256,11.0,306.8524925377841,22.0,0.1943800751206828,10.54743324343075,42.0,0.0721454287082735,1.0,0.1970275783824195,0,Budget Shoppers
CUST_02843,61.0,34545.06802758717,South,online,9.06100458860184,11.0,152.5174136586699,22.0,0.0797295752997265,2.3398704813421087,50.0,0.4535261599649899,3.0,0.3253792787743199,0,Budget Shoppers
CUST_02844,44.0,59346.67217068461,South,online,13.344827044306264,13.0,199.17030030074267,26.0,0.1144711174237868,0.9241153936972036,69.0,0.360494076652742,0.0,0.3065443374597748,0,Budget Shoppers
CUST_02845,49.0,60446.02915385938,North,store,8.40500344354506,4.0,150.37290813066937,27.0,0.2357492590729011,4.500635056989385,33.0,0.449789583391018,3.0,0.2404969393032336,0,Budget Shoppers
CUST_02846,38.0,66304.2238191877,West,mobile,82.7074142740175,14.0,267.1060113390035,33.0,0.1247112510691787,5.2815824905486775,98.0,0.286618960719661,2.0,0.285522660458856,0,Budget Shoppers
CUST_02847,25.0,55497.75138993794,North,online,80.25043994254713,10.0,32.78251814504532,30.0,0.5585620252317351,0.6376086846780118,96.0,0.2080096113694373,3.0,0.605742096553453,0,Budget Shoppers
CUST_02848,55.0,59581.011618083336,West,store,3.77371944792282,15.0,185.46397364811097,29.0,0.0834869269145108,5.640424325924519,91.0,0.3364168176065836,2.0,0.2599140166466788,0,Budget Shoppers
CUST_02849,25.0,50280.53498016202,North,online,5.395326306041876,7.0,16.198959338962023,30.0,0.0784440828025446,11.41374681779323,67.0,0.2470974481660625,1.0,0.5340227954808822,0,Budget Shoppers
CUST_02850,67.0,29932.48458340079,West,online,69.32228338846146,8.0,12.545562299721706,28.0,0.0528777580713092,4.6275563508012425,42.0,0.4512748292503467,2.0,0.5500228107521165,0,Budget Shoppers
CUST_02851,20.0,56429.37889716568,North,store,17.816988250812695,5.0,87.94906895371773,28.0,0.2322170515638256,10.800123023215772,44.0,0.3107082582967201,1.0,0.1622617903971893,0,Budget Shoppers
CUST_02852,71.0,73941.1339217342,West,online,6.490836302491672,11.0,46.41179341080002,21.0,0.061461098743601,10.182905806540305,68.0,0.3708061696939865,4.0,0.0586143166817717,0,Budget Shoppers
CUST_02853,61.0,69331.20177975135,North,store,25.01509322556433,8.0,107.72347515205168,20.0,0.0969315050778569,5.238873837406171,100.0,0.2903444328571984,4.0,0.4080127495498336,0,Budget Shoppers
CUST_02854,20.0,19626.67320733568,South,online,18.86496052094815,5.0,147.20910518398648,31.0,0.0458858763776795,8.478151589613809,57.0,0.2423197837285138,0.0,0.4379168927040179,0,Budget Shoppers
CUST_02855,39.0,508338.8639423986,Central,mobile,8.658545193132849,5.0,400.78105353572994,28.0,0.3053707551453423,2.508708257105634,36.0,0.1982719912131327,1.0,0.5586639839736735,-1,Noise / Outliers
CUST_02856,23.0,38359.070431142274,North,mobile,44.64795246667921,11.0,156.48442696110288,24.0,0.0676897009889506,1.6213336047260518,41.0,0.0943675313299147,0.0,0.2143906472214334,0,Budget Shoppers
CUST_02857,19.0,88627.60811487041,Central,store,34.92100453545226,9.0,701.3016667525719,28.0,0.4546350509778854,0.0254080530582281,56.0,0.4528099775543412,4.0,0.5788682820285018,-1,Noise / Outliers
CUST_02858,40.0,65177.93522442437,South,mobile,3.674461048441816,11.0,185.50054788457248,30.0,0.1967561820143626,0.8799003961311302,3.0,0.1696894881186911,0.0,0.3204465745532203,0,Budget Shoppers
CUST_02859,61.0,77718.24712287335,South,online,90.84028434163764,13.0,24.817268651597622,20.0,0.0904443318149591,7.539906453581435,56.0,0.3940771540683442,4.0,0.4493988801314713,0,Budget Shoppers
CUST_02860,19.0,58465.69917712692,West,mobile,28.612823171115565,8.0,130.5577152510831,21.0,0.0156586952006699,10.624885411171778,56.0,0.2952386393993866,2.0,0.4451323993488045,0,Budget Shoppers
CUST_02861,55.0,,Central,online,10.078416566590636,7.0,8.0,31.0,0.307802758752987,11.734076992483727,65.0,0.1271644565445391,3.0,0.2060056072128059,0,Budget Shoppers
CUST_02862,34.0,90908.58818837145,East,mobile,8.086379369915848,4.0,82.46506330620225,35.0,0.3283193250419243,5.789631004377943,39.0,0.3284447468835877,2.0,0.4316771241745408,0,Budget Shoppers
CUST_02863,52.0,79401.03672575037,West,store,5.1142806835854175,13.0,99.07069455452913,32.0,0.1197816429882888,1.6859168979310493,40.0,0.4886481731276211,1.0,0.2101297098065632,0,Budget Shoppers
CUST_02864,51.0,60592.89034944605,Central,online,19.34641937710637,10.0,466.5864501193811,32.0,0.2447636788340554,0.0017512726901434,39.0,0.0910317610331578,2.0,0.2261421727637208,0,Budget Shoppers
CUST_02865,40.0,53607.338624977245,North,mobile,5.0977995734677055,9.0,173.72972058805286,18.0,0.1745201533673493,11.818666055613656,27.0,0.355781481031611,1.0,0.298496687651561,0,Budget Shoppers
CUST_02866,47.0,20442.156038320863,North,online,18.813899424628456,11.0,159.1252420319083,24.0,0.1003257874288369,9.813968865794482,67.0,0.0459959185158257,0.0,0.1146745695731542,0,Budget Shoppers
CUST_02867,69.0,65140.48576723108,South,online,5.637569690616913,11.0,98.81974780596168,26.0,0.0870331438180705,6.284041560990049,100.0,0.1929637861843325,1.0,0.6111634552176785,0,Budget Shoppers
CUST_02868,25.0,55225.71267496628,East,online,37.4312339614722,12.0,93.58084407225168,33.0,0.1501681322866539,2.947174286866767,94.0,0.1655345328670449,2.0,0.2555698828649928,0,Budget Shoppers
CUST_02869,39.0,70187.03303581008,North,mobile,53.83852485104655,7.0,629.0329892577206,27.0,0.0950915850363868,6.2125878283160665,65.0,,1.0,0.1802191405940341,0,Budget Shoppers
CUST_02870,61.0,76872.0145137653,Central,online,27.910669400417888,8.0,8.0,31.0,0.1382052134492267,10.062560128150958,74.0,0.1342672115949729,3.0,0.4185603411967828,0,Budget Shoppers
CUST_02871,53.0,85124.26409103943,Central,mobile,39.88642115172624,6.0,46.96449279200057,29.0,0.2143002537537155,6.671842379487904,3.0,0.4048523436247836,1.0,0.209742937944802,0,Budget Shoppers
CUST_02872,22.0,65413.84403967689,North,online,97.53619017785324,10.0,18.670700744248908,31.0,0.0681958614443753,11.94611938538701,3.0,0.3714519611885829,3.0,0.091720210818764,0,Budget Shoppers
CUST_02873,30.0,34980.069767179484,Central,mobile,35.59982716391371,6.0,49.17841070630664,24.0,0.1601696906938352,1.2807080343399062,37.0,0.1600828204189276,1.0,0.0754592300103571,0,Budget Shoppers
CUST_02874,46.0,12000.0,Central,online,15.848192005295845,11.0,80.97854537656636,35.0,0.0818169353224344,11.790333107641604,98.0,0.2211893399803534,0.0,0.4531347591626752,0,Budget Shoppers
CUST_02875,48.0,39856.60307215058,South,store,20.89122983843656,9.0,54.39818354351748,23.0,0.2661663331690835,7.015746073469523,20.0,0.5565166568593483,1.0,0.1718488531633703,0,Budget Shoppers
CUST_02876,64.0,87336.74698911149,East,online,68.9455034145646,11.0,427.5568807401563,46.0,0.3191268016241153,6.815377568056015,11.0,0.2932793357950043,3.0,0.6503249232102651,-1,Noise / Outliers
CUST_02877,74.0,98116.81232458768,South,mobile,4.9031627082182405,10.0,148.3655421841683,41.0,0.0987464547409479,4.309779871503918,83.0,0.4968845540996068,1.0,0.3441467165627425,0,Budget Shoppers
CUST_02878,72.0,52766.18346107814,East,online,13.794727441676423,10.0,169.27539323605876,35.0,0.0756790778288394,0.4908583405062399,91.0,0.3239500200548737,0.0,0.4468457242282357,0,Budget Shoppers
CUST_02879,33.0,25858.896405788277,Central,mobile,30.13658972824433,10.0,176.27076811983855,23.0,0.0656949990558514,9.125329698102927,24.0,0.5000673845731377,1.0,0.2231902251270022,0,Budget Shoppers
CUST_02880,59.0,349879.2107995002,East,online,39.48752014688697,11.0,298.3350156397487,28.0,0.1315067825037805,3.3103976755666187,70.0,0.4442329001389214,0.0,0.371122241882648,0,Budget Shoppers
CUST_02881,47.0,83031.72809935316,Central,mobile,50.46311065873383,5.0,189.94286698852991,32.0,0.1222741294146631,4.200477176097877,65.0,0.5503427479597224,2.0,0.1722633444763791,0,Budget Shoppers
CUST_02882,74.0,44997.71018240365,Central,online,13.40601104691612,16.0,8.0,34.0,0.0664135772220321,6.404463728218045,83.0,0.1583509950794505,2.0,0.5230933866683295,0,Budget Shoppers
CUST_02883,72.0,70960.72684868531,South,mobile,5.518070261516143,4.0,39.38909217630079,34.0,0.2860369519273537,0.6835457259192017,74.0,0.4333029109031159,0.0,0.5084945751826765,0,Budget Shoppers
CUST_02884,33.0,61708.28262855678,South,online,108.4134113767166,8.0,587.5213401263862,25.0,0.2433347239671418,0.1294865723876763,32.0,0.6508725152921666,1.0,0.0833677993973225,-1,Noise / Outliers
CUST_02885,29.0,73620.07169881518,West,online,2.781372120524221,8.0,137.26837583905785,17.0,0.1819808609207367,1.259277176998629,62.0,0.4485696711247522,0.0,0.3689554053303538,0,Budget Shoppers
CUST_02886,34.0,97996.24197683483,North,online,3.524871958010895,10.0,9.171343182083625,34.0,0.0684611235154694,8.824193651511603,55.0,0.2157910681082922,2.0,0.4939215774952731,0,Budget Shoppers
CUST_02887,33.0,70975.19246175545,West,online,23.907907721848744,4.0,81.71218785687535,27.0,0.0670625521871718,2.286502538850476,36.0,0.3896695174758097,0.0,0.250598352739653,0,Budget Shoppers
CUST_02888,29.0,61232.15808603445,West,online,59.8764867045889,8.0,514.1033838181224,26.0,0.1163392901866792,6.171296424919673,66.0,0.2552917869158763,4.0,0.4571380641574731,0,Budget Shoppers
CUST_02889,25.0,100424.2184477962,East,store,52.130866557233,5.0,642.0681550241369,27.0,0.0275039914045727,2.230826410780794,37.0,0.1886347838900701,1.0,0.0150395462948241,0,Budget Shoppers
CUST_02890,37.0,65690.14623575135,Central,store,97.15237261352316,12.0,73.6347071688727,26.0,0.1383887052488315,3.416881159680736,14.0,0.1156311518468356,3.0,0.3401522971723709,0,Budget Shoppers
CUST_02891,20.0,40555.15505870478,Central,mobile,5.344083085294238,9.0,290.6048572194645,26.0,0.0591639738644115,0.4550280707197398,46.0,0.5257136788355554,2.0,0.1380433710913592,0,Budget Shoppers
CUST_02892,33.0,73124.23637492867,Central,online,16.490877132341282,9.0,116.54100381805384,28.0,0.0703772780774577,4.39755228574432,77.0,0.3694369442668611,2.0,0.0734716056211135,0,Budget Shoppers
CUST_02893,47.0,67844.02192692536,North,online,11.601928813813204,5.0,92.5841762541826,34.0,0.0851146342521368,1.6363445386982578,56.0,0.1571894856592363,2.0,0.3497136280874586,0,Budget Shoppers
CUST_02894,62.0,51226.148470046806,East,mobile,69.0321596713254,4.0,69.02096855059341,32.0,0.0492485483738616,6.697472972055607,50.0,0.4543061048047142,0.0,0.4516665185526599,0,Budget Shoppers
CUST_02895,40.0,46613.10684574198,East,online,23.454322907743872,12.0,289.4877503856283,24.0,0.2042923348664577,10.034463384361942,61.0,0.5233025913797235,1.0,0.6369428530800856,0,Budget Shoppers
CUST_02896,45.0,51438.29127907203,Central,store,1.0,9.0,126.1719359666926,24.0,0.3254744601118927,10.5404427024188,17.0,0.3213957646242543,3.0,0.3488478666084177,-1,Noise / Outliers
CUST_02897,68.0,46298.43413496135,West,online,43.08078564136619,11.0,52.80103611854356,32.0,0.023789198774236,11.200398590347586,27.0,0.527870790172735,4.0,0.4727022304412346,0,Budget Shoppers
CUST_02898,57.0,52153.28398831638,North,store,17.225751559335016,8.0,88.02830953973022,24.0,0.0849299949028075,1.4867499697071382,54.0,0.1507914915335242,1.0,0.217731150883298,0,Budget Shoppers
CUST_02899,71.0,39458.474750679045,West,online,26.51129207315874,9.0,76.3268484740984,28.0,0.082777145961023,6.19743122814088,29.0,0.7245597938233472,1.0,0.5828505349512026,0,Budget Shoppers
CUST_02900,22.0,66495.40313951594,South,mobile,78.4809475605906,18.0,77.99188814753263,33.0,0.284318095086267,1.3771234142607298,13.0,0.3007058248046557,3.0,0.0705530446966965,0,Budget Shoppers
CUST_02901,37.0,64846.42890709402,East,online,10.384722904950946,11.0,48.54192934566959,22.0,0.1397817143266729,3.677511032981381,49.0,0.5030110736200729,2.0,0.3596398807980209,0,Budget Shoppers
CUST_02902,57.0,65594.43909904832,East,store,9.61748073096614,11.0,130.2960160011006,20.0,0.2145001393650279,2.775902094836158,25.0,0.0314243048198788,3.0,0.2594674184324367,0,Budget Shoppers
CUST_02903,73.0,56627.87453239361,West,online,10.690001721454916,10.0,8.0,32.0,0.313708433967642,0.1494444742003127,88.0,,1.0,0.5383101084683303,0,Budget Shoppers
CUST_02904,61.0,432731.26693958906,North,mobile,14.442850280010914,11.0,282.4887438286768,26.0,0.1016843810390952,11.181951614016736,100.0,0.3893230769520913,0.0,0.4672911052808369,0,Budget Shoppers
CUST_02905,18.0,89724.12754837734,East,store,3.97478077044029,7.0,69.78689109557348,30.0,0.2049723039643727,9.380442454027584,23.0,,0.0,0.1571833654978401,0,Budget Shoppers
CUST_02906,74.0,59482.92951043166,West,online,41.81616913397156,13.0,209.78874542482797,35.0,0.1456051077116379,6.227885086353757,26.0,0.3546480087929331,1.0,0.1132951908528785,0,Budget Shoppers
CUST_02907,47.0,85802.8706132205,North,online,8.135224319250645,10.0,169.96887949141407,24.0,0.1167507751713077,4.138483916300756,48.0,0.3655370709567261,1.0,0.518769560402529,0,Budget Shoppers
CUST_02908,38.0,36078.848370341104,West,online,91.19815899662588,7.0,82.98914494850986,31.0,0.162443697852448,4.939146293245348,36.0,0.2183593787431104,2.0,0.3425220947500465,0,Budget Shoppers
CUST_02909,37.0,70961.91235243033,North,online,8.503118009591656,5.0,28.79929723325374,24.0,0.1828558479186943,2.46228460389021,6.0,0.3692458087127989,2.0,0.0673141472320267,0,Budget Shoppers
CUST_02910,23.0,41836.533193479656,Central,online,10.333162576073162,13.0,107.3825727549321,40.0,0.0207175851097978,11.618405311509814,80.0,0.5309724606726344,2.0,0.1541866497760936,0,Budget Shoppers
CUST_02911,39.0,45764.65757754665,North,online,12.334950689785638,12.0,384.5272925041268,32.0,0.1568426588791865,3.425749769638993,74.0,0.4761373763383975,3.0,0.3727964095458825,0,Budget Shoppers
CUST_02912,35.0,48938.07152159387,South,online,51.21689947228221,5.0,26.71700487533036,26.0,0.0832735657726769,0.8964533924907698,39.0,0.4914406022079354,2.0,0.235234831835226,0,Budget Shoppers
CUST_02913,25.0,47558.82269071687,Central,mobile,19.52749977920824,7.0,38.44502632369929,29.0,0.0580892526580962,6.773435760445167,57.0,0.1727579456632239,2.0,0.1285157224557417,0,Budget Shoppers
CUST_02914,,47668.69755739928,West,mobile,59.88880486109621,9.0,645.1412380011799,29.0,0.1385436363545513,8.985461825962796,91.0,0.1325959592053999,3.0,0.0726240898727288,0,Budget Shoppers
CUST_02915,49.0,84780.05197759243,Central,online,53.77529761027608,9.0,290.0202344171668,28.0,0.0767153544340674,11.656640214150592,66.0,0.2493722384974275,3.0,0.1604400894845218,0,Budget Shoppers
CUST_02916,50.0,58999.04580858808,Central,store,92.82023558921192,14.0,103.67602217490813,34.0,0.1361484750240436,7.458042412568203,10.0,0.2410620976463021,2.0,0.5176316034345696,0,Budget Shoppers
CUST_02917,70.0,62951.2185626114,West,store,49.45731593836248,14.0,154.25738870898934,32.0,0.0901224700077768,2.212879268315541,72.0,0.3591671327698755,4.0,0.3803719241305368,0,Budget Shoppers
CUST_02918,33.0,47942.48080186811,West,mobile,1.8657477382677192,11.0,76.08925362721308,27.0,0.1713552421200034,4.693163251060924,9.0,0.240893463814185,2.0,0.4853240184389277,0,Budget Shoppers
CUST_02919,29.0,76852.6646817984,South,online,63.55062609921461,11.0,67.29711580919793,32.0,0.3366972816623399,3.799867994084941,77.0,0.1964172543290749,2.0,0.2360790110253946,0,Budget Shoppers
CUST_02920,55.0,65811.23812125623,West,online,97.36273731087928,10.0,76.11848321273868,23.0,0.0322692608493261,0.2343689432994802,72.0,0.2834887145280504,1.0,0.4515073971202147,0,Budget Shoppers
CUST_02921,69.0,51203.56982430576,East,mobile,177.29220764546503,5.0,69.56905588733177,32.0,0.4476751705335244,4.70611962364003,27.0,0.5236086786734582,1.0,0.126692169031609,-1,Noise / Outliers
CUST_02922,51.0,23145.754362213847,East,mobile,4.684304144213408,10.0,,21.0,0.0717620609873885,9.595439242470604,46.0,0.1680988657648359,2.0,0.2403435215666378,0,Budget Shoppers
CUST_02923,31.0,62758.52208484116,South,online,33.25129351827181,11.0,52.15071288225977,25.0,0.18386573757435,4.863830396973672,63.0,0.1852793227729585,2.0,0.4704064048269158,0,Budget Shoppers
CUST_02924,53.0,70664.94949578008,North,mobile,7.786348937700718,10.0,24.344507888039725,30.0,0.0466907878308092,10.221360709472195,42.0,0.2239177092693636,4.0,0.197832918261912,0,Budget Shoppers
CUST_02925,50.0,36465.34755688638,North,online,10.657579214711452,7.0,159.39401364610524,20.0,0.4404249392463905,8.915099937730364,85.0,0.1318543439034142,1.0,0.3955400811312686,0,Budget Shoppers
CUST_02926,40.0,51501.31838861843,East,online,47.90750600376073,12.0,8.0,28.0,0.0413163930656082,8.63223895186422,41.0,0.3928758532344381,0.0,0.2811728161082864,0,Budget Shoppers
CUST_02927,67.0,69817.53103214104,West,mobile,133.06027036815266,17.0,164.9080202630901,29.0,0.3937585642351446,4.572573997144115,34.0,0.4438247137290979,0.0,0.0607742126198459,0,Budget Shoppers
CUST_02928,62.0,23439.58274332112,South,mobile,31.62290211492004,7.0,39.714753028183175,28.0,0.2757006006025845,0.6402693370053387,93.0,0.2272925769907731,2.0,0.2368881217290527,0,Budget Shoppers
CUST_02929,19.0,43725.25196498242,North,online,66.53584214781877,8.0,27.434326299688667,23.0,0.2907325929038115,10.589263199774049,30.0,,0.0,0.1458530160628735,0,Budget Shoppers
CUST_02930,58.0,66291.99671578083,North,mobile,1.0,11.0,61.92607541767485,32.0,0.1026216173740673,7.659452408541003,44.0,0.3188442810029121,2.0,0.1636796682449317,0,Budget Shoppers
CUST_02931,38.0,82310.40565473543,Central,store,1.3061799515478716,9.0,16.249537967691648,32.0,0.1705915154828014,1.0862299635505157,80.0,0.2614880462278502,1.0,0.4802203058841146,0,Budget Shoppers
CUST_02932,19.0,106087.15586996567,East,mobile,31.784722353588787,9.0,63.08945195463424,27.0,0.1026435972272108,0.9787480638765422,1.0,0.1648977339376131,3.0,0.2089954529387827,0,Budget Shoppers
CUST_02933,44.0,101090.404904076,West,mobile,17.24207321332639,5.0,14.032660209308515,31.0,0.0654709055859811,7.371295382385835,45.0,0.2898644570800776,1.0,0.08593049856255,0,Budget Shoppers
CUST_02934,,61162.92861095221,South,online,77.17764779472364,9.0,85.88556298995908,24.0,0.1787894245278412,5.06652468809144,47.0,0.1814109797362144,0.0,0.3179811121543752,0,Budget Shoppers
CUST_02935,26.0,47347.008607397045,North,online,12.582859242480277,6.0,25.19280099154498,31.0,0.0307885681701522,2.288609028995603,93.0,0.2533915021290002,1.0,0.0254505846710393,0,Budget Shoppers
CUST_02936,18.0,78308.6898909595,Central,online,19.80032955080592,9.0,18.10355850044347,21.0,0.0426577977329366,2.8731812494690767,30.0,0.511604388790778,0.0,0.3061794663660953,0,Budget Shoppers
CUST_02937,28.0,46040.95567807954,East,mobile,26.27043770481425,11.0,112.49977475017532,35.0,0.1470701336700195,4.6288045249610015,22.0,0.3018800020149521,1.0,0.5276441972819065,0,Budget Shoppers
CUST_02938,20.0,41233.90373119566,East,mobile,11.160877634360013,11.0,127.5927814828353,29.0,0.029715382200045,9.002517335614968,15.0,0.4237141688509438,1.0,0.4378208565609393,0,Budget Shoppers
CUST_02939,69.0,51284.146847967786,South,online,83.69760752035265,8.0,8.0,26.0,0.152553704916553,2.363650045779175,84.0,0.2765217792817985,2.0,0.3206250072233773,0,Budget Shoppers
CUST_02940,40.0,388201.4991688292,North,online,21.86159876283085,12.0,63.76448586972166,34.0,0.2775331504624316,8.42749411397676,38.0,0.2289860074768549,3.0,0.264527077289616,0,Budget Shoppers
CUST_02941,43.0,67077.87370744927,South,online,19.31712333267925,7.0,10.551116144089956,21.0,0.14608644500987,2.148473449148656,23.0,0.3495171509085992,1.0,0.1866427259493273,0,Budget Shoppers
CUST_02942,21.0,44747.16431304406,South,online,66.3416249363321,12.0,174.44356539218998,30.0,0.0495673888345814,9.164786807590868,31.0,0.2547655142869212,0.0,0.2924184614771271,0,Budget Shoppers
CUST_02943,35.0,59872.68526055192,Central,store,13.087726700576706,10.0,148.74662384932614,32.0,0.1844291089167362,10.803042630867733,57.0,0.6608705447145996,0.0,0.1297083043237833,0,Budget Shoppers
CUST_02944,72.0,93088.97593091703,East,mobile,59.52853308137319,10.0,8.0,20.0,0.1849608264940617,5.313442031582328,81.0,0.5851837175471417,1.0,0.0217622808296983,0,Budget Shoppers
CUST_02945,23.0,60687.09570962905,West,online,4.564682494479742,8.0,368.4816427176912,26.0,0.0926760755665015,7.695892191098532,35.0,0.1133631100700458,0.0,0.1966632372792947,0,Budget Shoppers
CUST_02946,52.0,91368.33033867912,East,mobile,7.065008458302952,7.0,418.3250640929176,38.0,0.0654270767560984,3.196232956091672,66.0,0.272853748640873,2.0,0.1777363081683212,0,Budget Shoppers
CUST_02947,39.0,84445.24522345088,East,mobile,105.4448110692546,4.0,52.97169402386727,30.0,0.1336142582536195,11.131666243412049,53.0,0.4895345728923657,2.0,0.1472275853539248,0,Budget Shoppers
CUST_02948,60.0,71024.88520741393,Central,mobile,64.67987696037069,6.0,18.19564237411226,32.0,0.3340330175128749,5.110499427252282,31.0,0.2168907357244527,0.0,0.0146292114156011,0,Budget Shoppers
CUST_02949,32.0,50208.63862135256,West,online,17.180023574493674,6.0,15.785355259791258,33.0,0.1353774383507867,5.960374382059269,26.0,0.1938502162682796,1.0,0.3296583263228252,0,Budget Shoppers
CUST_02950,39.0,80891.17550168029,North,online,35.60804697897618,11.0,238.8223435552253,26.0,0.1319197178916684,3.137620068257,31.0,0.3094814754683722,0.0,0.2331846101288085,0,Budget Shoppers
CUST_02951,54.0,52500.55178996237,West,online,100.24634043973836,5.0,79.90282746878579,26.0,0.2162786554448806,2.328152114390471,72.0,0.25642395736648,1.0,0.5346893450433362,0,Budget Shoppers
CUST_02952,69.0,57955.78758940686,North,store,8.33273517559064,11.0,8.0,20.0,0.1164752991469239,2.7291258660789173,80.0,0.4990369256047343,1.0,0.5906084532288334,0,Budget Shoppers
CUST_02953,59.0,65264.37083164307,West,mobile,2.1288143154898798,9.0,337.3464517309281,25.0,0.1494921681584167,5.70995931797483,12.0,0.1890602597403183,1.0,0.3507108355075016,-1,Noise / Outliers
CUST_02954,,57881.915607343406,South,mobile,26.986388614332714,8.0,116.77859844263516,28.0,0.168326034278963,1.6513113503927976,53.0,0.4342125925335904,0.0,0.2611802241864645,0,Budget Shoppers
CUST_02955,64.0,42154.11019496819,West,online,5.384647952526001,6.0,152.420373085507,24.0,0.0910888803499428,4.654557513213783,56.0,0.2426289021055453,1.0,0.2471812219452694,0,Budget Shoppers
CUST_02956,66.0,24403.823870376877,Central,online,7.25958570532148,13.0,225.51620565727245,27.0,0.2221154817665779,4.584415213767606,83.0,0.2090882157908083,1.0,0.2143554377290446,0,Budget Shoppers
CUST_02957,59.0,79100.92446716054,North,online,77.74782284259392,10.0,221.90133311585063,30.0,0.0920240297178212,5.197812297280125,62.0,0.450576254893851,1.0,0.2758456384307023,0,Budget Shoppers
CUST_02958,55.0,70547.52678973993,East,store,1.0,9.0,10.248166852185843,33.0,0.1651663024258599,5.063995983962774,44.0,0.3433129966533224,0.0,0.2758182515582521,0,Budget Shoppers
CUST_02959,35.0,20146.558165080474,Central,online,59.4050151616778,11.0,110.92871938186671,31.0,0.2321359405049302,3.293040632711358,58.0,0.0223352978783801,1.0,0.2983843055879395,0,Budget Shoppers
CUST_02960,62.0,41570.67831018915,North,online,25.46728513607728,7.0,154.89923778794017,28.0,0.1051204779764962,4.4016562245045545,77.0,0.3409635297967715,1.0,0.1769123478890285,0,Budget Shoppers
CUST_02961,52.0,61939.43944401446,North,store,28.6782360243424,11.0,11.63623731639886,29.0,0.050940283881107,10.828371800979951,65.0,0.4664308750746049,2.0,0.1220634499340373,0,Budget Shoppers
CUST_02962,47.0,,East,mobile,38.99120690783501,4.0,32.70074502508735,24.0,0.0283664032032398,0.4496698530666507,13.0,0.5372847735259254,2.0,0.1417646575123058,0,Budget Shoppers
CUST_02963,41.0,24594.019502723982,South,mobile,19.763002389191826,12.0,65.50361224333858,34.0,0.2735882130942982,1.0534258102573992,61.0,0.5839701239897199,0.0,0.3307120527312575,0,Budget Shoppers
CUST_02964,59.0,,Central,online,4.300074526589048,8.0,282.9025274248372,37.0,0.2436014079419068,11.146137509785984,68.0,0.1989057522163271,0.0,0.1408086834495198,0,Budget Shoppers
CUST_02965,47.0,69872.4010955872,East,mobile,3.797465616420305,4.0,247.1757059822746,35.0,0.1382251949976858,3.25200297250533,51.0,0.5915285588438661,1.0,0.0735129866089395,0,Budget Shoppers
CUST_02966,31.0,50266.74035821584,East,online,49.13640138522173,6.0,198.08526548829485,22.0,0.3052235176129009,3.650109561505732,62.0,0.2657856642197994,0.0,0.2921165832439625,0,Budget Shoppers
CUST_02967,23.0,63628.25226555666,South,mobile,8.74262716031172,14.0,602.3200838210379,31.0,0.113218013089184,4.128995445103676,48.0,0.3487256197001643,2.0,0.2130585763937846,0,Budget Shoppers
CUST_02968,20.0,47273.85859502151,Central,online,1.0,9.0,36.132013289851535,22.0,0.1413386754378452,1.2405394793218585,95.0,0.4909833480336162,3.0,0.4460684225829429,-1,Noise / Outliers
CUST_02969,,78002.31973738948,East,online,136.25155068668226,7.0,81.99928734373262,28.0,0.2918286552160068,9.227784636667185,63.0,0.3553643071884835,2.0,0.1365794258781481,0,Budget Shoppers
CUST_02970,24.0,40415.71429494204,South,mobile,137.61275922268734,9.0,76.94654773130404,36.0,0.1077706926868744,1.9580196419790357,72.0,0.3580929994744198,1.0,0.5015592768683762,0,Budget Shoppers
CUST_02971,69.0,32874.27873992364,Central,mobile,16.626485488198146,8.0,147.69549611385034,25.0,0.3090308139233177,8.421054460386367,91.0,0.1495667111176391,2.0,0.092632446036741,0,Budget Shoppers
CUST_02972,31.0,58636.39100935411,West,mobile,1.0,13.0,246.7585143419632,27.0,0.0519475690261317,2.790089690196885,72.0,0.2702059815519631,3.0,0.0883168210309317,1,Loyal High-Value
CUST_02973,26.0,26462.428609653096,North,online,45.47386897927914,11.0,87.96443874910878,34.0,0.2614199593350442,8.185307211805956,51.0,0.0762284689749283,1.0,0.2493604537613931,0,Budget Shoppers
CUST_02974,32.0,12000.0,South,online,62.227477564913855,8.0,87.9258365355533,27.0,0.0874574136625336,11.662475455050116,24.0,0.6460036913539599,0.0,0.4566746808617926,0,Budget Shoppers
CUST_02975,38.0,81842.1765571883,North,mobile,4.674146350774596,9.0,121.84958696262302,29.0,0.3979838049052601,6.11637061145156,86.0,0.5977097900366551,0.0,0.3248184258427628,0,Budget Shoppers
CUST_02976,52.0,36347.06140566199,West,mobile,5.094463615413672,16.0,176.3627758637574,49.0,0.1840966997139412,3.8269517281503806,40.0,0.4008775676396903,2.0,0.2544646155807102,-1,Noise / Outliers
CUST_02977,19.0,28659.66518315612,East,store,60.453083125222,10.0,29.2202113450874,37.0,0.0679137529096863,4.535699415428589,29.0,0.3667371464553965,1.0,0.283017988452343,0,Budget Shoppers
CUST_02978,44.0,40141.30690710862,East,mobile,89.24509413542735,3.0,424.6423863077047,26.0,0.0287051951279737,4.607087889641866,73.0,0.3721933930514383,2.0,0.4932539166718383,0,Budget Shoppers
CUST_02979,19.0,39153.6861089625,Central,online,54.74870394743911,6.0,12.55407419284872,34.0,0.3028690498536704,1.503989025736034,17.0,0.2764223038946535,0.0,0.2354744223860242,0,Budget Shoppers
CUST_02980,52.0,54873.54785440203,South,store,7.8426310059849405,8.0,8.0,36.0,0.0903941292115431,9.825541246200167,1.0,0.1999778749573134,0.0,0.2710209270110678,0,Budget Shoppers
CUST_02981,35.0,33943.291858908735,South,online,18.55750434105673,6.0,57.77205940412362,23.0,0.3889987832699919,4.550779121469374,96.0,0.3584073807617546,2.0,0.6070841576805788,0,Budget Shoppers
CUST_02982,31.0,68960.09512963542,Central,online,32.143965609415645,9.0,157.1397626391541,28.0,0.2268144339242711,8.614727026750215,84.0,0.1499134716893618,1.0,0.2568308454274289,0,Budget Shoppers
CUST_02983,37.0,72217.15088546973,North,online,6.114598762516163,9.0,496.6163939192195,25.0,0.0221122273992766,3.24455675181144,1.0,0.2918372509837447,0.0,0.2101732618150816,0,Budget Shoppers
CUST_02984,35.0,29950.188086458224,East,online,8.276984568565936,14.0,350.9341874815105,22.0,0.1443544084455841,4.276835150003671,25.0,0.1433443747049884,1.0,0.4889670005291717,0,Budget Shoppers
CUST_02985,27.0,44401.87429513547,East,mobile,11.638219449610675,11.0,151.62103371383003,27.0,0.0459691319436956,10.642852615844134,41.0,0.4176344990745174,4.0,0.4607056753398297,0,Budget Shoppers
CUST_02986,42.0,46492.74071915111,South,mobile,24.932496923675057,9.0,74.57698089519367,34.0,0.0800188666547209,5.09944310325432,91.0,,1.0,0.2913838780677903,0,Budget Shoppers
CUST_02987,19.0,54369.83804994048,South,mobile,25.02478528764156,14.0,117.76048666863586,34.0,0.2016894874630238,4.23820776819996,23.0,0.4325431913219359,3.0,0.282891153267878,0,Budget Shoppers
CUST_02988,42.0,81819.037373641,Central,online,58.92576541541331,13.0,450.1605737360017,27.0,0.1360815179948932,3.7639186459435856,18.0,0.3453772247251273,0.0,0.2696385474410171,0,Budget Shoppers
CUST_02989,71.0,83086.89513005738,West,online,48.94428845380995,11.0,40.11367554021347,24.0,0.0340569332715577,10.715229869536016,95.0,0.2674068581806235,2.0,0.3913445724975134,0,Budget Shoppers
CUST_02990,50.0,112975.08249564732,North,online,85.76187029128376,9.0,84.58132894017778,34.0,0.1793584324403504,5.074083819855828,28.0,0.3741289344628459,2.0,0.6470939483325886,0,Budget Shoppers
CUST_02991,53.0,12000.0,West,mobile,62.62106037513025,18.0,153.47635640734222,21.0,0.2133379737714004,10.525632667555454,85.0,0.1005142901395418,0.0,0.0844488279297539,0,Budget Shoppers
CUST_02992,48.0,37665.49409066416,West,online,10.25029417601682,12.0,8.0,21.0,0.2135178325497113,3.603466147846262,12.0,0.4392626919616829,2.0,0.3458142159254866,0,Budget Shoppers
CUST_02993,31.0,97908.20198364963,South,store,14.084522151887798,8.0,62.40941425367343,34.0,0.0742026200939863,11.739643442995147,88.0,0.1832068869998863,2.0,0.0122724919051235,0,Budget Shoppers
CUST_02994,18.0,18384.59300890964,South,online,24.28979092041835,10.0,109.08644128732526,36.0,0.2365551551321082,6.033598534921689,49.0,0.2172294815164462,1.0,0.387054180456337,0,Budget Shoppers
CUST_02995,63.0,97407.83141175554,South,online,1.0,11.0,300.5353400299007,23.0,0.1858588676082428,1.97545465884744,97.0,0.3731547804979121,2.0,0.2181134112936203,-1,Noise / Outliers
CUST_02996,33.0,61241.72800915138,West,mobile,81.98353940929827,11.0,627.6427924046067,32.0,0.0779595161306602,5.088843804481831,81.0,0.3572463772604066,1.0,0.7153456416327698,0,Budget Shoppers
CUST_02997,71.0,62050.92100649598,North,store,1.587512001166712,12.0,105.64601167351364,28.0,0.080334404698535,8.181212071531471,97.0,0.1600823781773188,1.0,0.1220446450852597,0,Budget Shoppers
CUST_02998,63.0,29844.444305371653,South,online,13.624066569530363,13.0,376.06659046681045,37.0,0.1154517819975233,10.653966118847553,16.0,0.340261015511218,2.0,0.4388766102391751,-1,Noise / Outliers
CUST_02999,69.0,48074.409159905474,East,mobile,29.47184867041564,10.0,13.590818048496832,28.0,0.1332150591217681,1.5250282201509693,27.0,0.3786081682020661,1.0,0.405640053736801,0,Budget Shoppers
CUST_03000,20.0,96442.27991361794,North,store,25.531875242390857,5.0,157.0683250744958,28.0,0.1410071639508884,6.7013312871766,53.0,0.0775264203764612,1.0,0.4118434259779164,0,Budget Shoppers
